[2025-12-04T16:20:45.714+0000] {manager.py:469} INFO - Processing files using up to 2 processes at a time 
[2025-12-04T16:20:45.715+0000] {manager.py:470} INFO - Process each file at most once every 30 seconds
[2025-12-04T16:20:45.716+0000] {manager.py:471} INFO - Checking for new files in /opt/airflow/dags every 300 seconds
[2025-12-04T16:20:45.716+0000] {manager.py:738} INFO - Searching for files in /opt/airflow/dags
[2025-12-04T16:20:45.739+0000] {manager.py:741} INFO - There are 1 files in /opt/airflow/dags
[2025-12-04T16:20:45.800+0000] {manager.py:879} INFO - 
================================================================================
DAG File Processing Stats

File Path                                      PID  Runtime      # DAGs    # Errors  Last Runtime    Last Run
-------------------------------------------  -----  ---------  --------  ----------  --------------  ----------
/opt/airflow/dags/weather_prediction_dag.py    175  0.03s             0           0
================================================================================
[2025-12-04T16:21:15.964+0000] {manager.py:879} INFO - 
================================================================================
DAG File Processing Stats

File Path                                      PID  Runtime      # DAGs    # Errors  Last Runtime    Last Run
-------------------------------------------  -----  ---------  --------  ----------  --------------  -------------------
/opt/airflow/dags/weather_prediction_dag.py    188  0.00s             0           1  0.07s           2025-12-04T16:20:45
================================================================================
[2025-12-04T16:21:46.151+0000] {manager.py:879} INFO - 
================================================================================
DAG File Processing Stats

File Path                                      PID  Runtime      # DAGs    # Errors  Last Runtime    Last Run
-------------------------------------------  -----  ---------  --------  ----------  --------------  -------------------
/opt/airflow/dags/weather_prediction_dag.py    201  0.00s             0           1  0.05s           2025-12-04T16:21:16
================================================================================
[2025-12-04T16:21:58.844+0000] {manager.py:451} INFO - Exiting gracefully upon receiving signal 15
[2025-12-04T16:24:18.553+0000] {manager.py:469} INFO - Processing files using up to 2 processes at a time 
[2025-12-04T16:24:18.554+0000] {manager.py:470} INFO - Process each file at most once every 30 seconds
[2025-12-04T16:24:18.554+0000] {manager.py:471} INFO - Checking for new files in /opt/airflow/dags every 300 seconds
[2025-12-04T16:24:18.554+0000] {manager.py:738} INFO - Searching for files in /opt/airflow/dags
[2025-12-04T16:24:18.572+0000] {manager.py:741} INFO - There are 1 files in /opt/airflow/dags
[2025-12-04T16:24:18.643+0000] {manager.py:879} INFO - 
================================================================================
DAG File Processing Stats

File Path                                      PID  Runtime      # DAGs    # Errors  Last Runtime    Last Run
-------------------------------------------  -----  ---------  --------  ----------  --------------  ----------
/opt/airflow/dags/weather_prediction_dag.py    175  0.03s             0           0
================================================================================
[2025-12-04T16:24:48.883+0000] {manager.py:879} INFO - 
================================================================================
DAG File Processing Stats

File Path                                      PID  Runtime      # DAGs    # Errors  Last Runtime    Last Run
-------------------------------------------  -----  ---------  --------  ----------  --------------  -------------------
/opt/airflow/dags/weather_prediction_dag.py    201  0.00s             0           1  0.06s           2025-12-04T16:24:18
================================================================================
[2025-12-04T16:25:19.090+0000] {manager.py:879} INFO - 
================================================================================
DAG File Processing Stats

File Path                                      PID  Runtime      # DAGs    # Errors  Last Runtime    Last Run
-------------------------------------------  -----  ---------  --------  ----------  --------------  -------------------
/opt/airflow/dags/weather_prediction_dag.py    237  0.00s             0           1  0.07s           2025-12-04T16:24:48
================================================================================
[2025-12-04T16:25:49.264+0000] {manager.py:879} INFO - 
================================================================================
DAG File Processing Stats

File Path                                      PID  Runtime      # DAGs    # Errors  Last Runtime    Last Run
-------------------------------------------  -----  ---------  --------  ----------  --------------  -------------------
/opt/airflow/dags/weather_prediction_dag.py    274  0.00s             0           1  0.07s           2025-12-04T16:25:19
================================================================================
[2025-12-04T16:26:19.476+0000] {manager.py:879} INFO - 
================================================================================
DAG File Processing Stats

File Path                                      PID  Runtime      # DAGs    # Errors  Last Runtime    Last Run
-------------------------------------------  -----  ---------  --------  ----------  --------------  -------------------
/opt/airflow/dags/weather_prediction_dag.py    287  0.00s             0           1  0.09s           2025-12-04T16:25:49
================================================================================
[2025-12-04T16:26:49.689+0000] {manager.py:879} INFO - 
================================================================================
DAG File Processing Stats

File Path                                    PID    Runtime      # DAGs    # Errors  Last Runtime    Last Run
-------------------------------------------  -----  ---------  --------  ----------  --------------  -------------------
/opt/airflow/dags/weather_prediction_dag.py                           1           0  0.30s           2025-12-04T16:26:21
================================================================================
[2025-12-04T16:27:20.110+0000] {manager.py:879} INFO - 
================================================================================
DAG File Processing Stats

File Path                                    PID    Runtime      # DAGs    # Errors  Last Runtime    Last Run
-------------------------------------------  -----  ---------  --------  ----------  --------------  -------------------
/opt/airflow/dags/weather_prediction_dag.py                           1           0  0.17s           2025-12-04T16:26:52
================================================================================
[2025-12-04T16:27:50.415+0000] {manager.py:879} INFO - 
================================================================================
DAG File Processing Stats

File Path                                    PID    Runtime      # DAGs    # Errors  Last Runtime    Last Run
-------------------------------------------  -----  ---------  --------  ----------  --------------  -------------------
/opt/airflow/dags/weather_prediction_dag.py                           1           0  0.16s           2025-12-04T16:27:41
================================================================================
[2025-12-04T16:28:20.649+0000] {manager.py:879} INFO - 
================================================================================
DAG File Processing Stats

File Path                                    PID    Runtime      # DAGs    # Errors  Last Runtime    Last Run
-------------------------------------------  -----  ---------  --------  ----------  --------------  -------------------
/opt/airflow/dags/weather_prediction_dag.py                           1           0  0.33s           2025-12-04T16:28:11
================================================================================
[2025-12-04T16:28:51.134+0000] {manager.py:879} INFO - 
================================================================================
DAG File Processing Stats

File Path                                    PID    Runtime      # DAGs    # Errors  Last Runtime    Last Run
-------------------------------------------  -----  ---------  --------  ----------  --------------  -------------------
/opt/airflow/dags/weather_prediction_dag.py                           1           0  0.15s           2025-12-04T16:28:42
================================================================================
[2025-12-04T16:29:18.567+0000] {manager.py:738} INFO - Searching for files in /opt/airflow/dags
[2025-12-04T16:29:18.588+0000] {manager.py:741} INFO - There are 1 files in /opt/airflow/dags
[2025-12-04T16:29:21.510+0000] {manager.py:879} INFO - 
================================================================================
DAG File Processing Stats

File Path                                    PID    Runtime      # DAGs    # Errors  Last Runtime    Last Run
-------------------------------------------  -----  ---------  --------  ----------  --------------  -------------------
/opt/airflow/dags/weather_prediction_dag.py                           1           0  0.20s           2025-12-04T16:29:12
================================================================================
[2025-12-04T16:29:51.901+0000] {manager.py:879} INFO - 
================================================================================
DAG File Processing Stats

File Path                                    PID    Runtime      # DAGs    # Errors  Last Runtime    Last Run
-------------------------------------------  -----  ---------  --------  ----------  --------------  -------------------
/opt/airflow/dags/weather_prediction_dag.py                           1           0  0.15s           2025-12-04T16:29:42
================================================================================
[2025-12-04T16:30:22.176+0000] {manager.py:879} INFO - 
================================================================================
DAG File Processing Stats

File Path                                    PID    Runtime      # DAGs    # Errors  Last Runtime    Last Run
-------------------------------------------  -----  ---------  --------  ----------  --------------  -------------------
/opt/airflow/dags/weather_prediction_dag.py                           1           0  0.13s           2025-12-04T16:30:13
================================================================================
[2025-12-04T16:30:52.573+0000] {manager.py:879} INFO - 
================================================================================
DAG File Processing Stats

File Path                                    PID    Runtime      # DAGs    # Errors  Last Runtime    Last Run
-------------------------------------------  -----  ---------  --------  ----------  --------------  -------------------
/opt/airflow/dags/weather_prediction_dag.py                           1           0  0.25s           2025-12-04T16:30:43
================================================================================
[2025-12-04T16:31:22.994+0000] {manager.py:879} INFO - 
================================================================================
DAG File Processing Stats

File Path                                    PID    Runtime      # DAGs    # Errors  Last Runtime    Last Run
-------------------------------------------  -----  ---------  --------  ----------  --------------  -------------------
/opt/airflow/dags/weather_prediction_dag.py                           1           0  0.14s           2025-12-04T16:31:13
================================================================================
[2025-12-04T16:31:53.678+0000] {manager.py:879} INFO - 
================================================================================
DAG File Processing Stats

File Path                                    PID    Runtime      # DAGs    # Errors  Last Runtime    Last Run
-------------------------------------------  -----  ---------  --------  ----------  --------------  -------------------
/opt/airflow/dags/weather_prediction_dag.py                           1           0  0.12s           2025-12-04T16:31:44
================================================================================
[2025-12-04T16:32:24.189+0000] {manager.py:879} INFO - 
================================================================================
DAG File Processing Stats

File Path                                    PID    Runtime      # DAGs    # Errors  Last Runtime    Last Run
-------------------------------------------  -----  ---------  --------  ----------  --------------  -------------------
/opt/airflow/dags/weather_prediction_dag.py                           1           0  0.29s           2025-12-04T16:32:15
================================================================================
[2025-12-04T16:32:54.656+0000] {manager.py:879} INFO - 
================================================================================
DAG File Processing Stats

File Path                                    PID    Runtime      # DAGs    # Errors  Last Runtime    Last Run
-------------------------------------------  -----  ---------  --------  ----------  --------------  -------------------
/opt/airflow/dags/weather_prediction_dag.py                           1           0  0.22s           2025-12-04T16:32:45
================================================================================
[2025-12-04T16:33:25.052+0000] {manager.py:879} INFO - 
================================================================================
DAG File Processing Stats

File Path                                    PID    Runtime      # DAGs    # Errors  Last Runtime    Last Run
-------------------------------------------  -----  ---------  --------  ----------  --------------  -------------------
/opt/airflow/dags/weather_prediction_dag.py                           1           0  0.11s           2025-12-04T16:33:15
================================================================================
[2025-12-04T16:33:55.404+0000] {manager.py:879} INFO - 
================================================================================
DAG File Processing Stats

File Path                                    PID    Runtime      # DAGs    # Errors  Last Runtime    Last Run
-------------------------------------------  -----  ---------  --------  ----------  --------------  -------------------
/opt/airflow/dags/weather_prediction_dag.py                           1           0  0.13s           2025-12-04T16:33:46
================================================================================
[2025-12-04T16:34:18.706+0000] {manager.py:738} INFO - Searching for files in /opt/airflow/dags
[2025-12-04T16:34:18.728+0000] {manager.py:741} INFO - There are 1 files in /opt/airflow/dags
[2025-12-04T16:34:25.588+0000] {manager.py:879} INFO - 
================================================================================
DAG File Processing Stats

File Path                                    PID    Runtime      # DAGs    # Errors  Last Runtime    Last Run
-------------------------------------------  -----  ---------  --------  ----------  --------------  -------------------
/opt/airflow/dags/weather_prediction_dag.py                           1           0  0.15s           2025-12-04T16:34:16
================================================================================
[2025-12-04T16:34:55.945+0000] {manager.py:879} INFO - 
================================================================================
DAG File Processing Stats

File Path                                    PID    Runtime      # DAGs    # Errors  Last Runtime    Last Run
-------------------------------------------  -----  ---------  --------  ----------  --------------  -------------------
/opt/airflow/dags/weather_prediction_dag.py                           1           0  0.18s           2025-12-04T16:34:46
================================================================================
[2025-12-04T16:35:26.152+0000] {manager.py:879} INFO - 
================================================================================
DAG File Processing Stats

File Path                                    PID    Runtime      # DAGs    # Errors  Last Runtime    Last Run
-------------------------------------------  -----  ---------  --------  ----------  --------------  -------------------
/opt/airflow/dags/weather_prediction_dag.py                           1           0  0.16s           2025-12-04T16:35:17
================================================================================
[2025-12-04T16:35:56.496+0000] {manager.py:879} INFO - 
================================================================================
DAG File Processing Stats

File Path                                    PID    Runtime      # DAGs    # Errors  Last Runtime    Last Run
-------------------------------------------  -----  ---------  --------  ----------  --------------  -------------------
/opt/airflow/dags/weather_prediction_dag.py                           1           0  0.11s           2025-12-04T16:35:47
================================================================================
[2025-12-04T16:36:26.698+0000] {manager.py:879} INFO - 
================================================================================
DAG File Processing Stats

File Path                                    PID    Runtime      # DAGs    # Errors  Last Runtime    Last Run
-------------------------------------------  -----  ---------  --------  ----------  --------------  -------------------
/opt/airflow/dags/weather_prediction_dag.py                           1           0  0.17s           2025-12-04T16:36:17
================================================================================
[2025-12-04T16:36:56.999+0000] {manager.py:879} INFO - 
================================================================================
DAG File Processing Stats

File Path                                    PID    Runtime      # DAGs    # Errors  Last Runtime    Last Run
-------------------------------------------  -----  ---------  --------  ----------  --------------  -------------------
/opt/airflow/dags/weather_prediction_dag.py                           1           0  0.16s           2025-12-04T16:36:47
================================================================================
[2025-12-04T16:37:27.197+0000] {manager.py:879} INFO - 
================================================================================
DAG File Processing Stats

File Path                                    PID    Runtime      # DAGs    # Errors  Last Runtime    Last Run
-------------------------------------------  -----  ---------  --------  ----------  --------------  -------------------
/opt/airflow/dags/weather_prediction_dag.py                           1           0  0.14s           2025-12-04T16:37:18
================================================================================
[2025-12-04T16:37:57.456+0000] {manager.py:879} INFO - 
================================================================================
DAG File Processing Stats

File Path                                    PID    Runtime      # DAGs    # Errors  Last Runtime    Last Run
-------------------------------------------  -----  ---------  --------  ----------  --------------  -------------------
/opt/airflow/dags/weather_prediction_dag.py                           1           0  0.18s           2025-12-04T16:37:48
================================================================================
[2025-12-04T16:38:27.650+0000] {manager.py:879} INFO - 
================================================================================
DAG File Processing Stats

File Path                                    PID    Runtime      # DAGs    # Errors  Last Runtime    Last Run
-------------------------------------------  -----  ---------  --------  ----------  --------------  -------------------
/opt/airflow/dags/weather_prediction_dag.py                           1           0  0.10s           2025-12-04T16:38:18
================================================================================
[2025-12-04T16:38:57.852+0000] {manager.py:879} INFO - 
================================================================================
DAG File Processing Stats

File Path                                    PID    Runtime      # DAGs    # Errors  Last Runtime    Last Run
-------------------------------------------  -----  ---------  --------  ----------  --------------  -------------------
/opt/airflow/dags/weather_prediction_dag.py                           1           0  0.13s           2025-12-04T16:38:48
================================================================================
[2025-12-04T16:39:18.968+0000] {manager.py:738} INFO - Searching for files in /opt/airflow/dags
[2025-12-04T16:39:18.981+0000] {manager.py:741} INFO - There are 1 files in /opt/airflow/dags
[2025-12-04T16:39:28.122+0000] {manager.py:879} INFO - 
================================================================================
DAG File Processing Stats

File Path                                    PID    Runtime      # DAGs    # Errors  Last Runtime    Last Run
-------------------------------------------  -----  ---------  --------  ----------  --------------  -------------------
/opt/airflow/dags/weather_prediction_dag.py                           1           0  0.18s           2025-12-04T16:39:19
================================================================================
[2025-12-04T16:39:58.344+0000] {manager.py:879} INFO - 
================================================================================
DAG File Processing Stats

File Path                                    PID    Runtime      # DAGs    # Errors  Last Runtime    Last Run
-------------------------------------------  -----  ---------  --------  ----------  --------------  -------------------
/opt/airflow/dags/weather_prediction_dag.py                           1           0  0.15s           2025-12-04T16:39:49
================================================================================
[2025-12-04T16:40:28.588+0000] {manager.py:879} INFO - 
================================================================================
DAG File Processing Stats

File Path                                    PID    Runtime      # DAGs    # Errors  Last Runtime    Last Run
-------------------------------------------  -----  ---------  --------  ----------  --------------  -------------------
/opt/airflow/dags/weather_prediction_dag.py                           1           0  0.12s           2025-12-04T16:40:19
================================================================================
[2025-12-04T16:40:58.815+0000] {manager.py:879} INFO - 
================================================================================
DAG File Processing Stats

File Path                                    PID    Runtime      # DAGs    # Errors  Last Runtime    Last Run
-------------------------------------------  -----  ---------  --------  ----------  --------------  -------------------
/opt/airflow/dags/weather_prediction_dag.py                           1           0  0.14s           2025-12-04T16:40:49
================================================================================
[2025-12-04T16:41:29.106+0000] {manager.py:879} INFO - 
================================================================================
DAG File Processing Stats

File Path                                    PID    Runtime      # DAGs    # Errors  Last Runtime    Last Run
-------------------------------------------  -----  ---------  --------  ----------  --------------  -------------------
/opt/airflow/dags/weather_prediction_dag.py                           1           0  0.17s           2025-12-04T16:41:20
================================================================================
[2025-12-04T16:41:59.333+0000] {manager.py:879} INFO - 
================================================================================
DAG File Processing Stats

File Path                                    PID    Runtime      # DAGs    # Errors  Last Runtime    Last Run
-------------------------------------------  -----  ---------  --------  ----------  --------------  -------------------
/opt/airflow/dags/weather_prediction_dag.py                           1           0  0.13s           2025-12-04T16:41:50
================================================================================
[2025-12-04T16:42:29.587+0000] {manager.py:879} INFO - 
================================================================================
DAG File Processing Stats

File Path                                    PID    Runtime      # DAGs    # Errors  Last Runtime    Last Run
-------------------------------------------  -----  ---------  --------  ----------  --------------  -------------------
/opt/airflow/dags/weather_prediction_dag.py                           1           0  0.16s           2025-12-04T16:42:20
================================================================================
[2025-12-04T16:42:59.886+0000] {manager.py:879} INFO - 
================================================================================
DAG File Processing Stats

File Path                                    PID    Runtime      # DAGs    # Errors  Last Runtime    Last Run
-------------------------------------------  -----  ---------  --------  ----------  --------------  -------------------
/opt/airflow/dags/weather_prediction_dag.py                           1           0  0.14s           2025-12-04T16:42:50
================================================================================
[2025-12-04T16:43:30.124+0000] {manager.py:879} INFO - 
================================================================================
DAG File Processing Stats

File Path                                    PID    Runtime      # DAGs    # Errors  Last Runtime    Last Run
-------------------------------------------  -----  ---------  --------  ----------  --------------  -------------------
/opt/airflow/dags/weather_prediction_dag.py                           1           0  0.26s           2025-12-04T16:43:21
================================================================================
[2025-12-04T16:44:00.500+0000] {manager.py:879} INFO - 
================================================================================
DAG File Processing Stats

File Path                                    PID    Runtime      # DAGs    # Errors  Last Runtime    Last Run
-------------------------------------------  -----  ---------  --------  ----------  --------------  -------------------
/opt/airflow/dags/weather_prediction_dag.py                           1           0  0.11s           2025-12-04T16:43:51
================================================================================
[2025-12-04T16:44:19.604+0000] {manager.py:738} INFO - Searching for files in /opt/airflow/dags
[2025-12-04T16:44:19.617+0000] {manager.py:741} INFO - There are 1 files in /opt/airflow/dags
[2025-12-04T16:44:30.767+0000] {manager.py:879} INFO - 
================================================================================
DAG File Processing Stats

File Path                                    PID    Runtime      # DAGs    # Errors  Last Runtime    Last Run
-------------------------------------------  -----  ---------  --------  ----------  --------------  -------------------
/opt/airflow/dags/weather_prediction_dag.py                           1           0  0.12s           2025-12-04T16:44:21
================================================================================
[2025-12-04T16:45:00.967+0000] {manager.py:879} INFO - 
================================================================================
DAG File Processing Stats

File Path                                    PID    Runtime      # DAGs    # Errors  Last Runtime    Last Run
-------------------------------------------  -----  ---------  --------  ----------  --------------  -------------------
/opt/airflow/dags/weather_prediction_dag.py                           1           0  0.12s           2025-12-04T16:44:52
================================================================================
[2025-12-04T16:45:31.283+0000] {manager.py:879} INFO - 
================================================================================
DAG File Processing Stats

File Path                                    PID    Runtime      # DAGs    # Errors  Last Runtime    Last Run
-------------------------------------------  -----  ---------  --------  ----------  --------------  -------------------
/opt/airflow/dags/weather_prediction_dag.py                           1           0  0.15s           2025-12-04T16:45:22
================================================================================
[2025-12-04T16:46:01.540+0000] {manager.py:879} INFO - 
================================================================================
DAG File Processing Stats

File Path                                    PID    Runtime      # DAGs    # Errors  Last Runtime    Last Run
-------------------------------------------  -----  ---------  --------  ----------  --------------  -------------------
/opt/airflow/dags/weather_prediction_dag.py                           1           0  0.19s           2025-12-04T16:45:52
================================================================================
[2025-12-04T16:46:31.766+0000] {manager.py:879} INFO - 
================================================================================
DAG File Processing Stats

File Path                                    PID    Runtime      # DAGs    # Errors  Last Runtime    Last Run
-------------------------------------------  -----  ---------  --------  ----------  --------------  -------------------
/opt/airflow/dags/weather_prediction_dag.py                           1           0  0.13s           2025-12-04T16:46:22
================================================================================
[2025-12-04T16:47:02.066+0000] {manager.py:879} INFO - 
================================================================================
DAG File Processing Stats

File Path                                    PID    Runtime      # DAGs    # Errors  Last Runtime    Last Run
-------------------------------------------  -----  ---------  --------  ----------  --------------  -------------------
/opt/airflow/dags/weather_prediction_dag.py                           1           0  0.14s           2025-12-04T16:46:53
================================================================================
[2025-12-04T16:47:32.235+0000] {manager.py:879} INFO - 
================================================================================
DAG File Processing Stats

File Path                                    PID    Runtime      # DAGs    # Errors  Last Runtime    Last Run
-------------------------------------------  -----  ---------  --------  ----------  --------------  -------------------
/opt/airflow/dags/weather_prediction_dag.py                           1           0  0.11s           2025-12-04T16:47:23
================================================================================
[2025-12-04T16:48:02.484+0000] {manager.py:879} INFO - 
================================================================================
DAG File Processing Stats

File Path                                    PID    Runtime      # DAGs    # Errors  Last Runtime    Last Run
-------------------------------------------  -----  ---------  --------  ----------  --------------  -------------------
/opt/airflow/dags/weather_prediction_dag.py                           1           0  0.12s           2025-12-04T16:47:53
================================================================================
[2025-12-04T16:48:32.699+0000] {manager.py:879} INFO - 
================================================================================
DAG File Processing Stats

File Path                                    PID    Runtime      # DAGs    # Errors  Last Runtime    Last Run
-------------------------------------------  -----  ---------  --------  ----------  --------------  -------------------
/opt/airflow/dags/weather_prediction_dag.py                           1           0  0.10s           2025-12-04T16:48:23
================================================================================
[2025-12-04T16:49:02.895+0000] {manager.py:879} INFO - 
================================================================================
DAG File Processing Stats

File Path                                    PID    Runtime      # DAGs    # Errors  Last Runtime    Last Run
-------------------------------------------  -----  ---------  --------  ----------  --------------  -------------------
/opt/airflow/dags/weather_prediction_dag.py                           1           0  0.11s           2025-12-04T16:48:53
================================================================================
[2025-12-04T16:49:20.004+0000] {manager.py:738} INFO - Searching for files in /opt/airflow/dags
[2025-12-04T16:49:20.015+0000] {manager.py:741} INFO - There are 1 files in /opt/airflow/dags
[2025-12-04T16:49:33.149+0000] {manager.py:879} INFO - 
================================================================================
DAG File Processing Stats

File Path                                    PID    Runtime      # DAGs    # Errors  Last Runtime    Last Run
-------------------------------------------  -----  ---------  --------  ----------  --------------  -------------------
/opt/airflow/dags/weather_prediction_dag.py                           1           0  0.11s           2025-12-04T16:49:24
================================================================================
[2025-12-04T16:50:03.317+0000] {manager.py:879} INFO - 
================================================================================
DAG File Processing Stats

File Path                                    PID    Runtime      # DAGs    # Errors  Last Runtime    Last Run
-------------------------------------------  -----  ---------  --------  ----------  --------------  -------------------
/opt/airflow/dags/weather_prediction_dag.py                           1           0  0.10s           2025-12-04T16:49:54
================================================================================
[2025-12-04T16:50:33.531+0000] {manager.py:879} INFO - 
================================================================================
DAG File Processing Stats

File Path                                    PID    Runtime      # DAGs    # Errors  Last Runtime    Last Run
-------------------------------------------  -----  ---------  --------  ----------  --------------  -------------------
/opt/airflow/dags/weather_prediction_dag.py                           1           0  0.10s           2025-12-04T16:50:24
================================================================================
[2025-12-04T16:51:03.690+0000] {manager.py:879} INFO - 
================================================================================
DAG File Processing Stats

File Path                                    PID    Runtime      # DAGs    # Errors  Last Runtime    Last Run
-------------------------------------------  -----  ---------  --------  ----------  --------------  -------------------
/opt/airflow/dags/weather_prediction_dag.py                           1           0  0.10s           2025-12-04T16:50:54
================================================================================
[2025-12-04T16:51:33.888+0000] {manager.py:879} INFO - 
================================================================================
DAG File Processing Stats

File Path                                    PID    Runtime      # DAGs    # Errors  Last Runtime    Last Run
-------------------------------------------  -----  ---------  --------  ----------  --------------  -------------------
/opt/airflow/dags/weather_prediction_dag.py                           1           0  0.10s           2025-12-04T16:51:24
================================================================================
[2025-12-04T16:52:04.065+0000] {manager.py:879} INFO - 
================================================================================
DAG File Processing Stats

File Path                                    PID    Runtime      # DAGs    # Errors  Last Runtime    Last Run
-------------------------------------------  -----  ---------  --------  ----------  --------------  -------------------
/opt/airflow/dags/weather_prediction_dag.py                           1           0  0.11s           2025-12-04T16:51:55
================================================================================
[2025-12-04T16:52:34.295+0000] {manager.py:879} INFO - 
================================================================================
DAG File Processing Stats

File Path                                    PID    Runtime      # DAGs    # Errors  Last Runtime    Last Run
-------------------------------------------  -----  ---------  --------  ----------  --------------  -------------------
/opt/airflow/dags/weather_prediction_dag.py                           1           0  0.13s           2025-12-04T16:52:25
================================================================================
[2025-12-04T16:53:04.516+0000] {manager.py:879} INFO - 
================================================================================
DAG File Processing Stats

File Path                                    PID    Runtime      # DAGs    # Errors  Last Runtime    Last Run
-------------------------------------------  -----  ---------  --------  ----------  --------------  -------------------
/opt/airflow/dags/weather_prediction_dag.py                           1           0  0.14s           2025-12-04T16:52:55
================================================================================
[2025-12-04T16:53:34.761+0000] {manager.py:879} INFO - 
================================================================================
DAG File Processing Stats

File Path                                    PID    Runtime      # DAGs    # Errors  Last Runtime    Last Run
-------------------------------------------  -----  ---------  --------  ----------  --------------  -------------------
/opt/airflow/dags/weather_prediction_dag.py                           1           0  0.10s           2025-12-04T16:53:25
================================================================================
[2025-12-04T16:54:04.952+0000] {manager.py:879} INFO - 
================================================================================
DAG File Processing Stats

File Path                                    PID    Runtime      # DAGs    # Errors  Last Runtime    Last Run
-------------------------------------------  -----  ---------  --------  ----------  --------------  -------------------
/opt/airflow/dags/weather_prediction_dag.py                           1           0  0.13s           2025-12-04T16:53:56
================================================================================
[2025-12-04T16:54:20.048+0000] {manager.py:738} INFO - Searching for files in /opt/airflow/dags
[2025-12-04T16:54:20.063+0000] {manager.py:741} INFO - There are 1 files in /opt/airflow/dags
[2025-12-04T16:54:35.211+0000] {manager.py:879} INFO - 
================================================================================
DAG File Processing Stats

File Path                                    PID    Runtime      # DAGs    # Errors  Last Runtime    Last Run
-------------------------------------------  -----  ---------  --------  ----------  --------------  -------------------
/opt/airflow/dags/weather_prediction_dag.py                           1           0  0.14s           2025-12-04T16:54:26
================================================================================
[2025-12-04T16:55:06.116+0000] {manager.py:879} INFO - 
================================================================================
DAG File Processing Stats

File Path                                    PID    Runtime      # DAGs    # Errors  Last Runtime    Last Run
-------------------------------------------  -----  ---------  --------  ----------  --------------  -------------------
/opt/airflow/dags/weather_prediction_dag.py                           1           0  0.20s           2025-12-04T16:54:57
================================================================================
[2025-12-04T16:55:36.437+0000] {manager.py:879} INFO - 
================================================================================
DAG File Processing Stats

File Path                                    PID    Runtime      # DAGs    # Errors  Last Runtime    Last Run
-------------------------------------------  -----  ---------  --------  ----------  --------------  -------------------
/opt/airflow/dags/weather_prediction_dag.py                           1           0  0.14s           2025-12-04T16:55:27
================================================================================
[2025-12-04T16:56:06.103+0000] {manager.py:879} INFO - 
================================================================================
DAG File Processing Stats

File Path                                    PID    Runtime      # DAGs    # Errors  Last Runtime    Last Run
-------------------------------------------  -----  ---------  --------  ----------  --------------  -------------------
/opt/airflow/dags/weather_prediction_dag.py                           1           0  0.11s           2025-12-04T16:55:58
================================================================================
[2025-12-04T16:56:36.298+0000] {manager.py:879} INFO - 
================================================================================
DAG File Processing Stats

File Path                                    PID    Runtime      # DAGs    # Errors  Last Runtime    Last Run
-------------------------------------------  -----  ---------  --------  ----------  --------------  -------------------
/opt/airflow/dags/weather_prediction_dag.py                           1           0  0.11s           2025-12-04T16:56:28
================================================================================
[2025-12-04T16:57:06.531+0000] {manager.py:879} INFO - 
================================================================================
DAG File Processing Stats

File Path                                    PID    Runtime      # DAGs    # Errors  Last Runtime    Last Run
-------------------------------------------  -----  ---------  --------  ----------  --------------  -------------------
/opt/airflow/dags/weather_prediction_dag.py                           1           0  0.11s           2025-12-04T16:56:58
================================================================================
[2025-12-04T16:57:37.283+0000] {manager.py:879} INFO - 
================================================================================
DAG File Processing Stats

File Path                                    PID    Runtime      # DAGs    # Errors  Last Runtime    Last Run
-------------------------------------------  -----  ---------  --------  ----------  --------------  -------------------
/opt/airflow/dags/weather_prediction_dag.py                           1           0  0.11s           2025-12-04T16:57:28
================================================================================
[2025-12-04T16:58:07.512+0000] {manager.py:879} INFO - 
================================================================================
DAG File Processing Stats

File Path                                    PID    Runtime      # DAGs    # Errors  Last Runtime    Last Run
-------------------------------------------  -----  ---------  --------  ----------  --------------  -------------------
/opt/airflow/dags/weather_prediction_dag.py                           1           0  0.14s           2025-12-04T16:57:59
================================================================================
[2025-12-04T16:58:38.338+0000] {manager.py:879} INFO - 
================================================================================
DAG File Processing Stats

File Path                                    PID    Runtime      # DAGs    # Errors  Last Runtime    Last Run
-------------------------------------------  -----  ---------  --------  ----------  --------------  -------------------
/opt/airflow/dags/weather_prediction_dag.py                           1           0  0.13s           2025-12-04T16:58:30
================================================================================
[2025-12-04T16:59:08.581+0000] {manager.py:879} INFO - 
================================================================================
DAG File Processing Stats

File Path                                    PID    Runtime      # DAGs    # Errors  Last Runtime    Last Run
-------------------------------------------  -----  ---------  --------  ----------  --------------  -------------------
/opt/airflow/dags/weather_prediction_dag.py                           1           0  0.11s           2025-12-04T16:59:00
================================================================================
[2025-12-04T16:59:20.642+0000] {manager.py:738} INFO - Searching for files in /opt/airflow/dags
[2025-12-04T16:59:20.653+0000] {manager.py:741} INFO - There are 1 files in /opt/airflow/dags
[2025-12-04T16:59:39.384+0000] {manager.py:879} INFO - 
================================================================================
DAG File Processing Stats

File Path                                    PID    Runtime      # DAGs    # Errors  Last Runtime    Last Run
-------------------------------------------  -----  ---------  --------  ----------  --------------  -------------------
/opt/airflow/dags/weather_prediction_dag.py                           1           0  0.12s           2025-12-04T16:59:30
================================================================================
[2025-12-04T17:00:09.536+0000] {manager.py:879} INFO - 
================================================================================
DAG File Processing Stats

File Path                                    PID    Runtime      # DAGs    # Errors  Last Runtime    Last Run
-------------------------------------------  -----  ---------  --------  ----------  --------------  -------------------
/opt/airflow/dags/weather_prediction_dag.py                           1           0  0.14s           2025-12-04T17:00:01
================================================================================
[2025-12-04T17:00:39.997+0000] {manager.py:879} INFO - 
================================================================================
DAG File Processing Stats

File Path                                    PID    Runtime      # DAGs    # Errors  Last Runtime    Last Run
-------------------------------------------  -----  ---------  --------  ----------  --------------  -------------------
/opt/airflow/dags/weather_prediction_dag.py                           1           0  0.11s           2025-12-04T17:00:32
================================================================================
[2025-12-04T17:01:10.269+0000] {manager.py:879} INFO - 
================================================================================
DAG File Processing Stats

File Path                                    PID    Runtime      # DAGs    # Errors  Last Runtime    Last Run
-------------------------------------------  -----  ---------  --------  ----------  --------------  -------------------
/opt/airflow/dags/weather_prediction_dag.py                           1           0  0.11s           2025-12-04T17:01:02
================================================================================
[2025-12-04T17:01:40.925+0000] {manager.py:879} INFO - 
================================================================================
DAG File Processing Stats

File Path                                    PID    Runtime      # DAGs    # Errors  Last Runtime    Last Run
-------------------------------------------  -----  ---------  --------  ----------  --------------  -------------------
/opt/airflow/dags/weather_prediction_dag.py                           1           0  0.11s           2025-12-04T17:01:32
================================================================================
[2025-12-04T17:02:10.788+0000] {manager.py:879} INFO - 
================================================================================
DAG File Processing Stats

File Path                                    PID    Runtime      # DAGs    # Errors  Last Runtime    Last Run
-------------------------------------------  -----  ---------  --------  ----------  --------------  -------------------
/opt/airflow/dags/weather_prediction_dag.py                           1           0  0.12s           2025-12-04T17:02:03
================================================================================
[2025-12-04T17:02:41.190+0000] {manager.py:879} INFO - 
================================================================================
DAG File Processing Stats

File Path                                    PID    Runtime      # DAGs    # Errors  Last Runtime    Last Run
-------------------------------------------  -----  ---------  --------  ----------  --------------  -------------------
/opt/airflow/dags/weather_prediction_dag.py                           1           0  0.12s           2025-12-04T17:02:34
================================================================================
[2025-12-04T17:03:11.370+0000] {manager.py:879} INFO - 
================================================================================
DAG File Processing Stats

File Path                                    PID    Runtime      # DAGs    # Errors  Last Runtime    Last Run
-------------------------------------------  -----  ---------  --------  ----------  --------------  -------------------
/opt/airflow/dags/weather_prediction_dag.py                           1           0  0.10s           2025-12-04T17:03:04
================================================================================
[2025-12-04T17:03:41.617+0000] {manager.py:879} INFO - 
================================================================================
DAG File Processing Stats

File Path                                    PID    Runtime      # DAGs    # Errors  Last Runtime    Last Run
-------------------------------------------  -----  ---------  --------  ----------  --------------  -------------------
/opt/airflow/dags/weather_prediction_dag.py                           1           0  0.13s           2025-12-04T17:03:34
================================================================================
[2025-12-04T17:04:12.388+0000] {manager.py:879} INFO - 
================================================================================
DAG File Processing Stats

File Path                                    PID    Runtime      # DAGs    # Errors  Last Runtime    Last Run
-------------------------------------------  -----  ---------  --------  ----------  --------------  -------------------
/opt/airflow/dags/weather_prediction_dag.py                           1           0  0.13s           2025-12-04T17:04:04
================================================================================
[2025-12-04T17:04:21.441+0000] {manager.py:738} INFO - Searching for files in /opt/airflow/dags
[2025-12-04T17:04:21.459+0000] {manager.py:741} INFO - There are 1 files in /opt/airflow/dags
[2025-12-04T17:04:42.282+0000] {manager.py:879} INFO - 
================================================================================
DAG File Processing Stats

File Path                                    PID    Runtime      # DAGs    # Errors  Last Runtime    Last Run
-------------------------------------------  -----  ---------  --------  ----------  --------------  -------------------
/opt/airflow/dags/weather_prediction_dag.py                           1           0  0.12s           2025-12-04T17:04:35
================================================================================
[2025-12-04T17:05:12.830+0000] {manager.py:879} INFO - 
================================================================================
DAG File Processing Stats

File Path                                    PID    Runtime      # DAGs    # Errors  Last Runtime    Last Run
-------------------------------------------  -----  ---------  --------  ----------  --------------  -------------------
/opt/airflow/dags/weather_prediction_dag.py                           1           0  0.13s           2025-12-04T17:05:05
================================================================================
[2025-12-04T17:05:43.705+0000] {manager.py:879} INFO - 
================================================================================
DAG File Processing Stats

File Path                                    PID    Runtime      # DAGs    # Errors  Last Runtime    Last Run
-------------------------------------------  -----  ---------  --------  ----------  --------------  -------------------
/opt/airflow/dags/weather_prediction_dag.py                           1           0  0.14s           2025-12-04T17:05:36
================================================================================
[2025-12-04T17:06:14.570+0000] {manager.py:879} INFO - 
================================================================================
DAG File Processing Stats

File Path                                    PID    Runtime      # DAGs    # Errors  Last Runtime    Last Run
-------------------------------------------  -----  ---------  --------  ----------  --------------  -------------------
/opt/airflow/dags/weather_prediction_dag.py                           1           0  0.09s           2025-12-04T17:06:07
================================================================================
[2025-12-04T17:06:45.368+0000] {manager.py:879} INFO - 
================================================================================
DAG File Processing Stats

File Path                                    PID    Runtime      # DAGs    # Errors  Last Runtime    Last Run
-------------------------------------------  -----  ---------  --------  ----------  --------------  -------------------
/opt/airflow/dags/weather_prediction_dag.py                           1           0  0.11s           2025-12-04T17:06:38
================================================================================
[2025-12-04T17:07:15.740+0000] {manager.py:879} INFO - 
================================================================================
DAG File Processing Stats

File Path                                    PID    Runtime      # DAGs    # Errors  Last Runtime    Last Run
-------------------------------------------  -----  ---------  --------  ----------  --------------  -------------------
/opt/airflow/dags/weather_prediction_dag.py                           1           0  0.09s           2025-12-04T17:07:08
================================================================================
[2025-12-04T17:07:46.018+0000] {manager.py:879} INFO - 
================================================================================
DAG File Processing Stats

File Path                                    PID    Runtime      # DAGs    # Errors  Last Runtime    Last Run
-------------------------------------------  -----  ---------  --------  ----------  --------------  -------------------
/opt/airflow/dags/weather_prediction_dag.py                           1           0  0.14s           2025-12-04T17:07:39
================================================================================
[2025-12-04T17:08:16.197+0000] {manager.py:879} INFO - 
================================================================================
DAG File Processing Stats

File Path                                    PID    Runtime      # DAGs    # Errors  Last Runtime    Last Run
-------------------------------------------  -----  ---------  --------  ----------  --------------  -------------------
/opt/airflow/dags/weather_prediction_dag.py                           1           0  0.11s           2025-12-04T17:08:09
================================================================================
[2025-12-04T17:08:47.029+0000] {manager.py:879} INFO - 
================================================================================
DAG File Processing Stats

File Path                                    PID    Runtime      # DAGs    # Errors  Last Runtime    Last Run
-------------------------------------------  -----  ---------  --------  ----------  --------------  -------------------
/opt/airflow/dags/weather_prediction_dag.py                           1           0  0.11s           2025-12-04T17:08:39
================================================================================
[2025-12-04T17:09:17.722+0000] {manager.py:879} INFO - 
================================================================================
DAG File Processing Stats

File Path                                    PID    Runtime      # DAGs    # Errors  Last Runtime    Last Run
-------------------------------------------  -----  ---------  --------  ----------  --------------  -------------------
/opt/airflow/dags/weather_prediction_dag.py                           1           0  0.10s           2025-12-04T17:09:09
================================================================================
[2025-12-04T17:09:21.741+0000] {manager.py:738} INFO - Searching for files in /opt/airflow/dags
[2025-12-04T17:09:21.805+0000] {manager.py:741} INFO - There are 1 files in /opt/airflow/dags
[2025-12-04T17:09:48.223+0000] {manager.py:879} INFO - 
================================================================================
DAG File Processing Stats

File Path                                    PID    Runtime      # DAGs    # Errors  Last Runtime    Last Run
-------------------------------------------  -----  ---------  --------  ----------  --------------  -------------------
/opt/airflow/dags/weather_prediction_dag.py                           1           0  0.13s           2025-12-04T17:09:40
================================================================================
[2025-12-04T17:10:19.141+0000] {manager.py:879} INFO - 
================================================================================
DAG File Processing Stats

File Path                                    PID    Runtime      # DAGs    # Errors  Last Runtime    Last Run
-------------------------------------------  -----  ---------  --------  ----------  --------------  -------------------
/opt/airflow/dags/weather_prediction_dag.py                           1           0  0.11s           2025-12-04T17:10:10
================================================================================
[2025-12-04T17:10:49.825+0000] {manager.py:879} INFO - 
================================================================================
DAG File Processing Stats

File Path                                    PID    Runtime      # DAGs    # Errors  Last Runtime    Last Run
-------------------------------------------  -----  ---------  --------  ----------  --------------  -------------------
/opt/airflow/dags/weather_prediction_dag.py                           1           0  0.12s           2025-12-04T17:10:40
================================================================================
[2025-12-04T17:11:20.157+0000] {manager.py:879} INFO - 
================================================================================
DAG File Processing Stats

File Path                                    PID    Runtime      # DAGs    # Errors  Last Runtime    Last Run
-------------------------------------------  -----  ---------  --------  ----------  --------------  -------------------
/opt/airflow/dags/weather_prediction_dag.py                           1           0  0.11s           2025-12-04T17:11:11
================================================================================
[2025-12-04T17:11:50.914+0000] {manager.py:879} INFO - 
================================================================================
DAG File Processing Stats

File Path                                    PID    Runtime      # DAGs    # Errors  Last Runtime    Last Run
-------------------------------------------  -----  ---------  --------  ----------  --------------  -------------------
/opt/airflow/dags/weather_prediction_dag.py                           1           0  0.10s           2025-12-04T17:11:41
================================================================================
[2025-12-04T17:12:20.937+0000] {manager.py:879} INFO - 
================================================================================
DAG File Processing Stats

File Path                                    PID    Runtime      # DAGs    # Errors  Last Runtime    Last Run
-------------------------------------------  -----  ---------  --------  ----------  --------------  -------------------
/opt/airflow/dags/weather_prediction_dag.py                           1           0  0.16s           2025-12-04T17:12:11
================================================================================
[2025-12-04T17:12:51.164+0000] {manager.py:879} INFO - 
================================================================================
DAG File Processing Stats

File Path                                    PID    Runtime      # DAGs    # Errors  Last Runtime    Last Run
-------------------------------------------  -----  ---------  --------  ----------  --------------  -------------------
/opt/airflow/dags/weather_prediction_dag.py                           1           0  0.15s           2025-12-04T17:12:42
================================================================================
[2025-12-04T17:13:21.929+0000] {manager.py:879} INFO - 
================================================================================
DAG File Processing Stats

File Path                                    PID    Runtime      # DAGs    # Errors  Last Runtime    Last Run
-------------------------------------------  -----  ---------  --------  ----------  --------------  -------------------
/opt/airflow/dags/weather_prediction_dag.py                           1           0  0.11s           2025-12-04T17:13:12
================================================================================
[2025-12-04T17:13:51.954+0000] {manager.py:879} INFO - 
================================================================================
DAG File Processing Stats

File Path                                    PID    Runtime      # DAGs    # Errors  Last Runtime    Last Run
-------------------------------------------  -----  ---------  --------  ----------  --------------  -------------------
/opt/airflow/dags/weather_prediction_dag.py                           1           0  0.12s           2025-12-04T17:13:42
================================================================================
[2025-12-04T17:14:21.805+0000] {manager.py:738} INFO - Searching for files in /opt/airflow/dags
[2025-12-04T17:14:21.819+0000] {manager.py:741} INFO - There are 1 files in /opt/airflow/dags
[2025-12-04T17:14:22.720+0000] {manager.py:879} INFO - 
================================================================================
DAG File Processing Stats

File Path                                    PID    Runtime      # DAGs    # Errors  Last Runtime    Last Run
-------------------------------------------  -----  ---------  --------  ----------  --------------  -------------------
/opt/airflow/dags/weather_prediction_dag.py                           1           0  0.11s           2025-12-04T17:14:13
================================================================================
[2025-12-04T17:14:52.937+0000] {manager.py:879} INFO - 
================================================================================
DAG File Processing Stats

File Path                                    PID    Runtime      # DAGs    # Errors  Last Runtime    Last Run
-------------------------------------------  -----  ---------  --------  ----------  --------------  -------------------
/opt/airflow/dags/weather_prediction_dag.py                           1           0  0.10s           2025-12-04T17:14:43
================================================================================
[2025-12-04T17:15:23.134+0000] {manager.py:879} INFO - 
================================================================================
DAG File Processing Stats

File Path                                    PID    Runtime      # DAGs    # Errors  Last Runtime    Last Run
-------------------------------------------  -----  ---------  --------  ----------  --------------  -------------------
/opt/airflow/dags/weather_prediction_dag.py                           1           0  0.11s           2025-12-04T17:15:14
================================================================================
[2025-12-04T17:15:53.356+0000] {manager.py:879} INFO - 
================================================================================
DAG File Processing Stats

File Path                                    PID    Runtime      # DAGs    # Errors  Last Runtime    Last Run
-------------------------------------------  -----  ---------  --------  ----------  --------------  -------------------
/opt/airflow/dags/weather_prediction_dag.py                           1           0  0.14s           2025-12-04T17:15:44
================================================================================
[2025-12-04T17:16:24.104+0000] {manager.py:879} INFO - 
================================================================================
DAG File Processing Stats

File Path                                    PID    Runtime      # DAGs    # Errors  Last Runtime    Last Run
-------------------------------------------  -----  ---------  --------  ----------  --------------  -------------------
/opt/airflow/dags/weather_prediction_dag.py                           1           0  0.13s           2025-12-04T17:16:14
================================================================================
[2025-12-04T17:16:53.792+0000] {manager.py:879} INFO - 
================================================================================
DAG File Processing Stats

File Path                                    PID    Runtime      # DAGs    # Errors  Last Runtime    Last Run
-------------------------------------------  -----  ---------  --------  ----------  --------------  -------------------
/opt/airflow/dags/weather_prediction_dag.py                           1           0  0.11s           2025-12-04T17:16:44
================================================================================
[2025-12-04T17:17:23.981+0000] {manager.py:879} INFO - 
================================================================================
DAG File Processing Stats

File Path                                    PID    Runtime      # DAGs    # Errors  Last Runtime    Last Run
-------------------------------------------  -----  ---------  --------  ----------  --------------  -------------------
/opt/airflow/dags/weather_prediction_dag.py                           1           0  0.13s           2025-12-04T17:17:15
================================================================================
[2025-12-04T17:17:54.254+0000] {manager.py:879} INFO - 
================================================================================
DAG File Processing Stats

File Path                                    PID    Runtime      # DAGs    # Errors  Last Runtime    Last Run
-------------------------------------------  -----  ---------  --------  ----------  --------------  -------------------
/opt/airflow/dags/weather_prediction_dag.py                           1           0  0.33s           2025-12-04T17:17:45
================================================================================
[2025-12-04T17:18:24.628+0000] {manager.py:879} INFO - 
================================================================================
DAG File Processing Stats

File Path                                    PID    Runtime      # DAGs    # Errors  Last Runtime    Last Run
-------------------------------------------  -----  ---------  --------  ----------  --------------  -------------------
/opt/airflow/dags/weather_prediction_dag.py                           1           0  0.09s           2025-12-04T17:18:15
================================================================================
[2025-12-04T17:18:54.864+0000] {manager.py:879} INFO - 
================================================================================
DAG File Processing Stats

File Path                                    PID    Runtime      # DAGs    # Errors  Last Runtime    Last Run
-------------------------------------------  -----  ---------  --------  ----------  --------------  -------------------
/opt/airflow/dags/weather_prediction_dag.py                           1           0  0.10s           2025-12-04T17:18:45
================================================================================
[2025-12-04T17:19:22.549+0000] {manager.py:738} INFO - Searching for files in /opt/airflow/dags
[2025-12-04T17:19:22.559+0000] {manager.py:741} INFO - There are 1 files in /opt/airflow/dags
[2025-12-04T17:19:25.580+0000] {manager.py:879} INFO - 
================================================================================
DAG File Processing Stats

File Path                                    PID    Runtime      # DAGs    # Errors  Last Runtime    Last Run
-------------------------------------------  -----  ---------  --------  ----------  --------------  -------------------
/opt/airflow/dags/weather_prediction_dag.py                           1           0  0.11s           2025-12-04T17:19:16
================================================================================
[2025-12-04T17:19:55.322+0000] {manager.py:879} INFO - 
================================================================================
DAG File Processing Stats

File Path                                    PID    Runtime      # DAGs    # Errors  Last Runtime    Last Run
-------------------------------------------  -----  ---------  --------  ----------  --------------  -------------------
/opt/airflow/dags/weather_prediction_dag.py                           1           0  0.10s           2025-12-04T17:19:47
================================================================================
[2025-12-04T17:20:25.539+0000] {manager.py:879} INFO - 
================================================================================
DAG File Processing Stats

File Path                                    PID    Runtime      # DAGs    # Errors  Last Runtime    Last Run
-------------------------------------------  -----  ---------  --------  ----------  --------------  -------------------
/opt/airflow/dags/weather_prediction_dag.py                           1           0  0.11s           2025-12-04T17:20:17
================================================================================
[2025-12-04T17:20:55.762+0000] {manager.py:879} INFO - 
================================================================================
DAG File Processing Stats

File Path                                    PID    Runtime      # DAGs    # Errors  Last Runtime    Last Run
-------------------------------------------  -----  ---------  --------  ----------  --------------  -------------------
/opt/airflow/dags/weather_prediction_dag.py                           1           0  0.10s           2025-12-04T17:20:47
================================================================================
[2025-12-04T17:21:26.501+0000] {manager.py:879} INFO - 
================================================================================
DAG File Processing Stats

File Path                                    PID    Runtime      # DAGs    # Errors  Last Runtime    Last Run
-------------------------------------------  -----  ---------  --------  ----------  --------------  -------------------
/opt/airflow/dags/weather_prediction_dag.py                           1           0  0.10s           2025-12-04T17:21:18
================================================================================
[2025-12-04T17:21:56.665+0000] {manager.py:879} INFO - 
================================================================================
DAG File Processing Stats

File Path                                    PID    Runtime      # DAGs    # Errors  Last Runtime    Last Run
-------------------------------------------  -----  ---------  --------  ----------  --------------  -------------------
/opt/airflow/dags/weather_prediction_dag.py                           1           0  0.10s           2025-12-04T17:21:48
================================================================================
[2025-12-04T17:22:26.870+0000] {manager.py:879} INFO - 
================================================================================
DAG File Processing Stats

File Path                                    PID    Runtime      # DAGs    # Errors  Last Runtime    Last Run
-------------------------------------------  -----  ---------  --------  ----------  --------------  -------------------
/opt/airflow/dags/weather_prediction_dag.py                           1           0  0.10s           2025-12-04T17:22:18
================================================================================
[2025-12-04T17:22:57.040+0000] {manager.py:879} INFO - 
================================================================================
DAG File Processing Stats

File Path                                    PID    Runtime      # DAGs    # Errors  Last Runtime    Last Run
-------------------------------------------  -----  ---------  --------  ----------  --------------  -------------------
/opt/airflow/dags/weather_prediction_dag.py                           1           0  0.10s           2025-12-04T17:22:49
================================================================================
[2025-12-04T17:23:27.235+0000] {manager.py:879} INFO - 
================================================================================
DAG File Processing Stats

File Path                                    PID    Runtime      # DAGs    # Errors  Last Runtime    Last Run
-------------------------------------------  -----  ---------  --------  ----------  --------------  -------------------
/opt/airflow/dags/weather_prediction_dag.py                           1           0  0.12s           2025-12-04T17:23:19
================================================================================
[2025-12-04T17:23:58.010+0000] {manager.py:879} INFO - 
================================================================================
DAG File Processing Stats

File Path                                    PID    Runtime      # DAGs    # Errors  Last Runtime    Last Run
-------------------------------------------  -----  ---------  --------  ----------  --------------  -------------------
/opt/airflow/dags/weather_prediction_dag.py                           1           0  0.10s           2025-12-04T17:23:50
================================================================================
[2025-12-04T17:24:22.601+0000] {manager.py:738} INFO - Searching for files in /opt/airflow/dags
[2025-12-04T17:24:22.625+0000] {manager.py:741} INFO - There are 1 files in /opt/airflow/dags
[2025-12-04T17:24:27.657+0000] {manager.py:879} INFO - 
================================================================================
DAG File Processing Stats

File Path                                    PID    Runtime      # DAGs    # Errors  Last Runtime    Last Run
-------------------------------------------  -----  ---------  --------  ----------  --------------  -------------------
/opt/airflow/dags/weather_prediction_dag.py                           1           0  0.10s           2025-12-04T17:24:20
================================================================================
[2025-12-04T17:24:57.921+0000] {manager.py:879} INFO - 
================================================================================
DAG File Processing Stats

File Path                                    PID    Runtime      # DAGs    # Errors  Last Runtime    Last Run
-------------------------------------------  -----  ---------  --------  ----------  --------------  -------------------
/opt/airflow/dags/weather_prediction_dag.py                           1           0  0.09s           2025-12-04T17:24:50
================================================================================
[2025-12-04T17:25:28.720+0000] {manager.py:879} INFO - 
================================================================================
DAG File Processing Stats

File Path                                    PID    Runtime      # DAGs    # Errors  Last Runtime    Last Run
-------------------------------------------  -----  ---------  --------  ----------  --------------  -------------------
/opt/airflow/dags/weather_prediction_dag.py                           1           0  0.10s           2025-12-04T17:25:21
================================================================================
[2025-12-04T17:25:59.453+0000] {manager.py:879} INFO - 
================================================================================
DAG File Processing Stats

File Path                                    PID    Runtime      # DAGs    # Errors  Last Runtime    Last Run
-------------------------------------------  -----  ---------  --------  ----------  --------------  -------------------
/opt/airflow/dags/weather_prediction_dag.py                           1           0  0.20s           2025-12-04T17:25:52
================================================================================
[2025-12-04T17:26:30.418+0000] {manager.py:879} INFO - 
================================================================================
DAG File Processing Stats

File Path                                    PID    Runtime      # DAGs    # Errors  Last Runtime    Last Run
-------------------------------------------  -----  ---------  --------  ----------  --------------  -------------------
/opt/airflow/dags/weather_prediction_dag.py                           1           0  0.10s           2025-12-04T17:26:23
================================================================================
[2025-12-04T17:27:01.314+0000] {manager.py:879} INFO - 
================================================================================
DAG File Processing Stats

File Path                                    PID    Runtime      # DAGs    # Errors  Last Runtime    Last Run
-------------------------------------------  -----  ---------  --------  ----------  --------------  -------------------
/opt/airflow/dags/weather_prediction_dag.py                           1           0  0.11s           2025-12-04T17:26:54
================================================================================
[2025-12-04T17:27:31.617+0000] {manager.py:879} INFO - 
================================================================================
DAG File Processing Stats

File Path                                    PID    Runtime      # DAGs    # Errors  Last Runtime    Last Run
-------------------------------------------  -----  ---------  --------  ----------  --------------  -------------------
/opt/airflow/dags/weather_prediction_dag.py                           1           0  0.12s           2025-12-04T17:27:24
================================================================================
[2025-12-04T17:28:01.898+0000] {manager.py:879} INFO - 
================================================================================
DAG File Processing Stats

File Path                                    PID    Runtime      # DAGs    # Errors  Last Runtime    Last Run
-------------------------------------------  -----  ---------  --------  ----------  --------------  -------------------
/opt/airflow/dags/weather_prediction_dag.py                           1           0  0.09s           2025-12-04T17:27:54
================================================================================
[2025-12-04T17:28:32.121+0000] {manager.py:879} INFO - 
================================================================================
DAG File Processing Stats

File Path                                    PID    Runtime      # DAGs    # Errors  Last Runtime    Last Run
-------------------------------------------  -----  ---------  --------  ----------  --------------  -------------------
/opt/airflow/dags/weather_prediction_dag.py                           1           0  0.11s           2025-12-04T17:28:25
================================================================================
[2025-12-04T17:29:02.835+0000] {manager.py:879} INFO - 
================================================================================
DAG File Processing Stats

File Path                                    PID    Runtime      # DAGs    # Errors  Last Runtime    Last Run
-------------------------------------------  -----  ---------  --------  ----------  --------------  -------------------
/opt/airflow/dags/weather_prediction_dag.py                           1           0  0.11s           2025-12-04T17:28:55
================================================================================
[2025-12-04T17:29:23.032+0000] {manager.py:738} INFO - Searching for files in /opt/airflow/dags
[2025-12-04T17:29:23.043+0000] {manager.py:741} INFO - There are 1 files in /opt/airflow/dags
[2025-12-04T17:29:33.200+0000] {manager.py:879} INFO - 
================================================================================
DAG File Processing Stats

File Path                                    PID    Runtime      # DAGs    # Errors  Last Runtime    Last Run
-------------------------------------------  -----  ---------  --------  ----------  --------------  -------------------
/opt/airflow/dags/weather_prediction_dag.py                           1           0  0.11s           2025-12-04T17:29:26
================================================================================
[2025-12-04T17:30:03.958+0000] {manager.py:879} INFO - 
================================================================================
DAG File Processing Stats

File Path                                    PID    Runtime      # DAGs    # Errors  Last Runtime    Last Run
-------------------------------------------  -----  ---------  --------  ----------  --------------  -------------------
/opt/airflow/dags/weather_prediction_dag.py                           1           0  0.10s           2025-12-04T17:29:57
================================================================================
[2025-12-04T17:30:34.450+0000] {manager.py:879} INFO - 
================================================================================
DAG File Processing Stats

File Path                                    PID    Runtime      # DAGs    # Errors  Last Runtime    Last Run
-------------------------------------------  -----  ---------  --------  ----------  --------------  -------------------
/opt/airflow/dags/weather_prediction_dag.py                           1           0  0.12s           2025-12-04T17:30:27
================================================================================
[2025-12-04T17:31:05.269+0000] {manager.py:879} INFO - 
================================================================================
DAG File Processing Stats

File Path                                    PID    Runtime      # DAGs    # Errors  Last Runtime    Last Run
-------------------------------------------  -----  ---------  --------  ----------  --------------  -------------------
/opt/airflow/dags/weather_prediction_dag.py                           1           0  0.09s           2025-12-04T17:30:58
================================================================================
[2025-12-04T17:31:35.503+0000] {manager.py:879} INFO - 
================================================================================
DAG File Processing Stats

File Path                                    PID    Runtime      # DAGs    # Errors  Last Runtime    Last Run
-------------------------------------------  -----  ---------  --------  ----------  --------------  -------------------
/opt/airflow/dags/weather_prediction_dag.py                           1           0  0.09s           2025-12-04T17:31:28
================================================================================
[2025-12-04T17:32:06.242+0000] {manager.py:879} INFO - 
================================================================================
DAG File Processing Stats

File Path                                    PID    Runtime      # DAGs    # Errors  Last Runtime    Last Run
-------------------------------------------  -----  ---------  --------  ----------  --------------  -------------------
/opt/airflow/dags/weather_prediction_dag.py                           1           0  0.11s           2025-12-04T17:31:59
================================================================================
[2025-12-04T17:32:36.880+0000] {manager.py:879} INFO - 
================================================================================
DAG File Processing Stats

File Path                                    PID    Runtime      # DAGs    # Errors  Last Runtime    Last Run
-------------------------------------------  -----  ---------  --------  ----------  --------------  -------------------
/opt/airflow/dags/weather_prediction_dag.py                           1           0  0.12s           2025-12-04T17:32:29
================================================================================
[2025-12-04T17:33:07.816+0000] {manager.py:879} INFO - 
================================================================================
DAG File Processing Stats

File Path                                    PID    Runtime      # DAGs    # Errors  Last Runtime    Last Run
-------------------------------------------  -----  ---------  --------  ----------  --------------  -------------------
/opt/airflow/dags/weather_prediction_dag.py                           1           0  0.14s           2025-12-04T17:33:00
================================================================================
[2025-12-04T17:33:38.653+0000] {manager.py:879} INFO - 
================================================================================
DAG File Processing Stats

File Path                                    PID    Runtime      # DAGs    # Errors  Last Runtime    Last Run
-------------------------------------------  -----  ---------  --------  ----------  --------------  -------------------
/opt/airflow/dags/weather_prediction_dag.py                           1           0  0.09s           2025-12-04T17:33:31
================================================================================
[2025-12-04T17:34:09.516+0000] {manager.py:879} INFO - 
================================================================================
DAG File Processing Stats

File Path                                    PID    Runtime      # DAGs    # Errors  Last Runtime    Last Run
-------------------------------------------  -----  ---------  --------  ----------  --------------  -------------------
/opt/airflow/dags/weather_prediction_dag.py                           1           0  0.11s           2025-12-04T17:34:02
================================================================================
[2025-12-04T17:34:23.252+0000] {manager.py:738} INFO - Searching for files in /opt/airflow/dags
[2025-12-04T17:34:23.269+0000] {manager.py:741} INFO - There are 1 files in /opt/airflow/dags
[2025-12-04T17:34:40.373+0000] {manager.py:879} INFO - 
================================================================================
DAG File Processing Stats

File Path                                    PID    Runtime      # DAGs    # Errors  Last Runtime    Last Run
-------------------------------------------  -----  ---------  --------  ----------  --------------  -------------------
/opt/airflow/dags/weather_prediction_dag.py                           1           0  0.12s           2025-12-04T17:34:33
================================================================================
[2025-12-04T17:35:11.295+0000] {manager.py:879} INFO - 
================================================================================
DAG File Processing Stats

File Path                                    PID    Runtime      # DAGs    # Errors  Last Runtime    Last Run
-------------------------------------------  -----  ---------  --------  ----------  --------------  -------------------
/opt/airflow/dags/weather_prediction_dag.py                           1           0  0.10s           2025-12-04T17:35:04
================================================================================
[2025-12-04T17:35:41.586+0000] {manager.py:879} INFO - 
================================================================================
DAG File Processing Stats

File Path                                    PID    Runtime      # DAGs    # Errors  Last Runtime    Last Run
-------------------------------------------  -----  ---------  --------  ----------  --------------  -------------------
/opt/airflow/dags/weather_prediction_dag.py                           1           0  0.10s           2025-12-04T17:35:34
================================================================================
[2025-12-04T17:36:13.252+0000] {manager.py:879} INFO - 
================================================================================
DAG File Processing Stats

File Path                                    PID    Runtime      # DAGs    # Errors  Last Runtime    Last Run
-------------------------------------------  -----  ---------  --------  ----------  --------------  -------------------
/opt/airflow/dags/weather_prediction_dag.py                           1           0  0.11s           2025-12-04T17:36:05
================================================================================
[2025-12-04T17:36:43.221+0000] {manager.py:879} INFO - 
================================================================================
DAG File Processing Stats

File Path                                    PID    Runtime      # DAGs    # Errors  Last Runtime    Last Run
-------------------------------------------  -----  ---------  --------  ----------  --------------  -------------------
/opt/airflow/dags/weather_prediction_dag.py                           1           0  0.09s           2025-12-04T17:36:36
================================================================================
[2025-12-04T17:37:14.170+0000] {manager.py:879} INFO - 
================================================================================
DAG File Processing Stats

File Path                                    PID    Runtime      # DAGs    # Errors  Last Runtime    Last Run
-------------------------------------------  -----  ---------  --------  ----------  --------------  -------------------
/opt/airflow/dags/weather_prediction_dag.py                           1           0  0.10s           2025-12-04T17:37:07
================================================================================
[2025-12-04T17:37:44.932+0000] {manager.py:879} INFO - 
================================================================================
DAG File Processing Stats

File Path                                    PID    Runtime      # DAGs    # Errors  Last Runtime    Last Run
-------------------------------------------  -----  ---------  --------  ----------  --------------  -------------------
/opt/airflow/dags/weather_prediction_dag.py                           1           0  0.10s           2025-12-04T17:37:37
================================================================================
[2025-12-04T17:38:15.783+0000] {manager.py:879} INFO - 
================================================================================
DAG File Processing Stats

File Path                                    PID    Runtime      # DAGs    # Errors  Last Runtime    Last Run
-------------------------------------------  -----  ---------  --------  ----------  --------------  -------------------
/opt/airflow/dags/weather_prediction_dag.py                           1           0  0.10s           2025-12-04T17:38:08
================================================================================
[2025-12-04T17:38:46.601+0000] {manager.py:879} INFO - 
================================================================================
DAG File Processing Stats

File Path                                    PID    Runtime      # DAGs    # Errors  Last Runtime    Last Run
-------------------------------------------  -----  ---------  --------  ----------  --------------  -------------------
/opt/airflow/dags/weather_prediction_dag.py                           1           0  0.09s           2025-12-04T17:38:39
================================================================================
[2025-12-04T17:39:17.518+0000] {manager.py:879} INFO - 
================================================================================
DAG File Processing Stats

File Path                                    PID    Runtime      # DAGs    # Errors  Last Runtime    Last Run
-------------------------------------------  -----  ---------  --------  ----------  --------------  -------------------
/opt/airflow/dags/weather_prediction_dag.py                           1           0  0.10s           2025-12-04T17:39:10
================================================================================
[2025-12-04T17:39:23.646+0000] {manager.py:738} INFO - Searching for files in /opt/airflow/dags
[2025-12-04T17:39:23.673+0000] {manager.py:741} INFO - There are 1 files in /opt/airflow/dags
[2025-12-04T17:39:47.810+0000] {manager.py:879} INFO - 
================================================================================
DAG File Processing Stats

File Path                                    PID    Runtime      # DAGs    # Errors  Last Runtime    Last Run
-------------------------------------------  -----  ---------  --------  ----------  --------------  -------------------
/opt/airflow/dags/weather_prediction_dag.py                           1           0  0.10s           2025-12-04T17:39:40
================================================================================
[2025-12-04T17:40:18.912+0000] {manager.py:879} INFO - 
================================================================================
DAG File Processing Stats

File Path                                    PID    Runtime      # DAGs    # Errors  Last Runtime    Last Run
-------------------------------------------  -----  ---------  --------  ----------  --------------  -------------------
/opt/airflow/dags/weather_prediction_dag.py                           1           0  0.10s           2025-12-04T17:40:11
================================================================================
[2025-12-04T17:40:49.334+0000] {manager.py:879} INFO - 
================================================================================
DAG File Processing Stats

File Path                                    PID    Runtime      # DAGs    # Errors  Last Runtime    Last Run
-------------------------------------------  -----  ---------  --------  ----------  --------------  -------------------
/opt/airflow/dags/weather_prediction_dag.py                           1           0  0.10s           2025-12-04T17:40:42
================================================================================
[2025-12-04T17:41:20.145+0000] {manager.py:879} INFO - 
================================================================================
DAG File Processing Stats

File Path                                    PID    Runtime      # DAGs    # Errors  Last Runtime    Last Run
-------------------------------------------  -----  ---------  --------  ----------  --------------  -------------------
/opt/airflow/dags/weather_prediction_dag.py                           1           0  0.10s           2025-12-04T17:41:13
================================================================================
[2025-12-04T17:41:50.889+0000] {manager.py:879} INFO - 
================================================================================
DAG File Processing Stats

File Path                                    PID    Runtime      # DAGs    # Errors  Last Runtime    Last Run
-------------------------------------------  -----  ---------  --------  ----------  --------------  -------------------
/opt/airflow/dags/weather_prediction_dag.py                           1           0  0.12s           2025-12-04T17:41:43
================================================================================
[2025-12-04T17:42:21.803+0000] {manager.py:879} INFO - 
================================================================================
DAG File Processing Stats

File Path                                    PID    Runtime      # DAGs    # Errors  Last Runtime    Last Run
-------------------------------------------  -----  ---------  --------  ----------  --------------  -------------------
/opt/airflow/dags/weather_prediction_dag.py                           1           0  0.10s           2025-12-04T17:42:14
================================================================================
[2025-12-04T17:42:52.730+0000] {manager.py:879} INFO - 
================================================================================
DAG File Processing Stats

File Path                                    PID    Runtime      # DAGs    # Errors  Last Runtime    Last Run
-------------------------------------------  -----  ---------  --------  ----------  --------------  -------------------
/opt/airflow/dags/weather_prediction_dag.py                           1           0  0.10s           2025-12-04T17:42:45
================================================================================
[2025-12-04T17:43:23.067+0000] {manager.py:879} INFO - 
================================================================================
DAG File Processing Stats

File Path                                    PID    Runtime      # DAGs    # Errors  Last Runtime    Last Run
-------------------------------------------  -----  ---------  --------  ----------  --------------  -------------------
/opt/airflow/dags/weather_prediction_dag.py                           1           0  0.10s           2025-12-04T17:43:16
================================================================================
[2025-12-04T17:43:53.308+0000] {manager.py:879} INFO - 
================================================================================
DAG File Processing Stats

File Path                                    PID    Runtime      # DAGs    # Errors  Last Runtime    Last Run
-------------------------------------------  -----  ---------  --------  ----------  --------------  -------------------
/opt/airflow/dags/weather_prediction_dag.py                           1           0  0.09s           2025-12-04T17:43:46
================================================================================
[2025-12-04T17:44:23.486+0000] {manager.py:879} INFO - 
================================================================================
DAG File Processing Stats

File Path                                    PID    Runtime      # DAGs    # Errors  Last Runtime    Last Run
-------------------------------------------  -----  ---------  --------  ----------  --------------  -------------------
/opt/airflow/dags/weather_prediction_dag.py                           1           0  0.09s           2025-12-04T17:44:17
================================================================================
[2025-12-04T17:44:25.086+0000] {manager.py:738} INFO - Searching for files in /opt/airflow/dags
[2025-12-04T17:44:25.098+0000] {manager.py:741} INFO - There are 1 files in /opt/airflow/dags
[2025-12-04T17:44:54.352+0000] {manager.py:879} INFO - 
================================================================================
DAG File Processing Stats

File Path                                    PID    Runtime      # DAGs    # Errors  Last Runtime    Last Run
-------------------------------------------  -----  ---------  --------  ----------  --------------  -------------------
/opt/airflow/dags/weather_prediction_dag.py                           1           0  0.10s           2025-12-04T17:44:47
================================================================================
[2025-12-04T17:45:24.860+0000] {manager.py:879} INFO - 
================================================================================
DAG File Processing Stats

File Path                                    PID    Runtime      # DAGs    # Errors  Last Runtime    Last Run
-------------------------------------------  -----  ---------  --------  ----------  --------------  -------------------
/opt/airflow/dags/weather_prediction_dag.py                           1           0  0.12s           2025-12-04T17:45:18
================================================================================
[2025-12-04T17:45:55.242+0000] {manager.py:879} INFO - 
================================================================================
DAG File Processing Stats

File Path                                    PID    Runtime      # DAGs    # Errors  Last Runtime    Last Run
-------------------------------------------  -----  ---------  --------  ----------  --------------  -------------------
/opt/airflow/dags/weather_prediction_dag.py                           1           0  0.12s           2025-12-04T17:45:48
================================================================================
[2025-12-04T17:46:26.444+0000] {manager.py:879} INFO - 
================================================================================
DAG File Processing Stats

File Path                                    PID    Runtime      # DAGs    # Errors  Last Runtime    Last Run
-------------------------------------------  -----  ---------  --------  ----------  --------------  -------------------
/opt/airflow/dags/weather_prediction_dag.py                           1           0  0.12s           2025-12-04T17:46:19
================================================================================
[2025-12-04T17:46:57.492+0000] {manager.py:879} INFO - 
================================================================================
DAG File Processing Stats

File Path                                    PID    Runtime      # DAGs    # Errors  Last Runtime    Last Run
-------------------------------------------  -----  ---------  --------  ----------  --------------  -------------------
/opt/airflow/dags/weather_prediction_dag.py                           1           0  0.09s           2025-12-04T17:46:49
================================================================================
[2025-12-04T17:47:28.389+0000] {manager.py:879} INFO - 
================================================================================
DAG File Processing Stats

File Path                                    PID    Runtime      # DAGs    # Errors  Last Runtime    Last Run
-------------------------------------------  -----  ---------  --------  ----------  --------------  -------------------
/opt/airflow/dags/weather_prediction_dag.py                           1           0  0.11s           2025-12-04T17:47:20
================================================================================
[2025-12-04T17:47:58.746+0000] {manager.py:879} INFO - 
================================================================================
DAG File Processing Stats

File Path                                    PID    Runtime      # DAGs    # Errors  Last Runtime    Last Run
-------------------------------------------  -----  ---------  --------  ----------  --------------  -------------------
/opt/airflow/dags/weather_prediction_dag.py                           1           0  0.13s           2025-12-04T17:47:51
================================================================================
[2025-12-04T17:48:29.023+0000] {manager.py:879} INFO - 
================================================================================
DAG File Processing Stats

File Path                                    PID    Runtime      # DAGs    # Errors  Last Runtime    Last Run
-------------------------------------------  -----  ---------  --------  ----------  --------------  -------------------
/opt/airflow/dags/weather_prediction_dag.py                           1           0  0.11s           2025-12-04T17:48:21
================================================================================
[2025-12-04T17:48:59.754+0000] {manager.py:879} INFO - 
================================================================================
DAG File Processing Stats

File Path                                    PID    Runtime      # DAGs    # Errors  Last Runtime    Last Run
-------------------------------------------  -----  ---------  --------  ----------  --------------  -------------------
/opt/airflow/dags/weather_prediction_dag.py                           1           0  0.11s           2025-12-04T17:48:52
================================================================================
[2025-12-04T17:49:25.969+0000] {manager.py:738} INFO - Searching for files in /opt/airflow/dags
[2025-12-04T17:49:25.980+0000] {manager.py:741} INFO - There are 1 files in /opt/airflow/dags
[2025-12-04T17:49:30.000+0000] {manager.py:879} INFO - 
================================================================================
DAG File Processing Stats

File Path                                    PID    Runtime      # DAGs    # Errors  Last Runtime    Last Run
-------------------------------------------  -----  ---------  --------  ----------  --------------  -------------------
/opt/airflow/dags/weather_prediction_dag.py                           1           0  0.10s           2025-12-04T17:49:22
================================================================================
[2025-12-04T17:50:00.229+0000] {manager.py:879} INFO - 
================================================================================
DAG File Processing Stats

File Path                                    PID    Runtime      # DAGs    # Errors  Last Runtime    Last Run
-------------------------------------------  -----  ---------  --------  ----------  --------------  -------------------
/opt/airflow/dags/weather_prediction_dag.py                           1           0  0.10s           2025-12-04T17:49:53
================================================================================
[2025-12-04T17:50:30.380+0000] {manager.py:879} INFO - 
================================================================================
DAG File Processing Stats

File Path                                    PID    Runtime      # DAGs    # Errors  Last Runtime    Last Run
-------------------------------------------  -----  ---------  --------  ----------  --------------  -------------------
/opt/airflow/dags/weather_prediction_dag.py                           1           0  0.11s           2025-12-04T17:50:24
================================================================================
[2025-12-04T17:51:00.542+0000] {manager.py:879} INFO - 
================================================================================
DAG File Processing Stats

File Path                                    PID    Runtime      # DAGs    # Errors  Last Runtime    Last Run
-------------------------------------------  -----  ---------  --------  ----------  --------------  -------------------
/opt/airflow/dags/weather_prediction_dag.py                           1           0  0.10s           2025-12-04T17:50:54
================================================================================
[2025-12-04T17:51:31.280+0000] {manager.py:879} INFO - 
================================================================================
DAG File Processing Stats

File Path                                    PID    Runtime      # DAGs    # Errors  Last Runtime    Last Run
-------------------------------------------  -----  ---------  --------  ----------  --------------  -------------------
/opt/airflow/dags/weather_prediction_dag.py                           1           0  0.11s           2025-12-04T17:51:24
================================================================================
[2025-12-04T17:52:02.120+0000] {manager.py:879} INFO - 
================================================================================
DAG File Processing Stats

File Path                                    PID    Runtime      # DAGs    # Errors  Last Runtime    Last Run
-------------------------------------------  -----  ---------  --------  ----------  --------------  -------------------
/opt/airflow/dags/weather_prediction_dag.py                           1           0  0.11s           2025-12-04T17:51:55
================================================================================
[2025-12-04T17:52:32.938+0000] {manager.py:879} INFO - 
================================================================================
DAG File Processing Stats

File Path                                    PID    Runtime      # DAGs    # Errors  Last Runtime    Last Run
-------------------------------------------  -----  ---------  --------  ----------  --------------  -------------------
/opt/airflow/dags/weather_prediction_dag.py                           1           0  0.10s           2025-12-04T17:52:26
================================================================================
[2025-12-04T17:53:03.744+0000] {manager.py:879} INFO - 
================================================================================
DAG File Processing Stats

File Path                                    PID    Runtime      # DAGs    # Errors  Last Runtime    Last Run
-------------------------------------------  -----  ---------  --------  ----------  --------------  -------------------
/opt/airflow/dags/weather_prediction_dag.py                           1           0  0.11s           2025-12-04T17:52:57
================================================================================
[2025-12-04T17:53:33.997+0000] {manager.py:879} INFO - 
================================================================================
DAG File Processing Stats

File Path                                    PID    Runtime      # DAGs    # Errors  Last Runtime    Last Run
-------------------------------------------  -----  ---------  --------  ----------  --------------  -------------------
/opt/airflow/dags/weather_prediction_dag.py                           1           0  0.12s           2025-12-04T17:53:27
================================================================================
[2025-12-04T17:54:04.228+0000] {manager.py:879} INFO - 
================================================================================
DAG File Processing Stats

File Path                                    PID    Runtime      # DAGs    # Errors  Last Runtime    Last Run
-------------------------------------------  -----  ---------  --------  ----------  --------------  -------------------
/opt/airflow/dags/weather_prediction_dag.py                           1           0  0.10s           2025-12-04T17:53:58
================================================================================
[2025-12-04T17:54:26.836+0000] {manager.py:738} INFO - Searching for files in /opt/airflow/dags
[2025-12-04T17:54:26.852+0000] {manager.py:741} INFO - There are 1 files in /opt/airflow/dags
[2025-12-04T17:54:35.078+0000] {manager.py:879} INFO - 
================================================================================
DAG File Processing Stats

File Path                                    PID    Runtime      # DAGs    # Errors  Last Runtime    Last Run
-------------------------------------------  -----  ---------  --------  ----------  --------------  -------------------
/opt/airflow/dags/weather_prediction_dag.py                           1           0  0.11s           2025-12-04T17:54:28
================================================================================
[2025-12-04T17:55:06.003+0000] {manager.py:879} INFO - 
================================================================================
DAG File Processing Stats

File Path                                    PID    Runtime      # DAGs    # Errors  Last Runtime    Last Run
-------------------------------------------  -----  ---------  --------  ----------  --------------  -------------------
/opt/airflow/dags/weather_prediction_dag.py                           1           0  0.12s           2025-12-04T17:54:59
================================================================================
[2025-12-04T17:55:36.215+0000] {manager.py:879} INFO - 
================================================================================
DAG File Processing Stats

File Path                                    PID    Runtime      # DAGs    # Errors  Last Runtime    Last Run
-------------------------------------------  -----  ---------  --------  ----------  --------------  -------------------
/opt/airflow/dags/weather_prediction_dag.py                           1           0  0.10s           2025-12-04T17:55:30
================================================================================
[2025-12-04T17:56:06.396+0000] {manager.py:879} INFO - 
================================================================================
DAG File Processing Stats

File Path                                    PID    Runtime      # DAGs    # Errors  Last Runtime    Last Run
-------------------------------------------  -----  ---------  --------  ----------  --------------  -------------------
/opt/airflow/dags/weather_prediction_dag.py                           1           0  0.14s           2025-12-04T17:56:00
================================================================================
[2025-12-04T17:56:36.671+0000] {manager.py:879} INFO - 
================================================================================
DAG File Processing Stats

File Path                                    PID    Runtime      # DAGs    # Errors  Last Runtime    Last Run
-------------------------------------------  -----  ---------  --------  ----------  --------------  -------------------
/opt/airflow/dags/weather_prediction_dag.py                           1           0  0.11s           2025-12-04T17:56:30
================================================================================
[2025-12-04T17:57:06.861+0000] {manager.py:879} INFO - 
================================================================================
DAG File Processing Stats

File Path                                    PID    Runtime      # DAGs    # Errors  Last Runtime    Last Run
-------------------------------------------  -----  ---------  --------  ----------  --------------  -------------------
/opt/airflow/dags/weather_prediction_dag.py                           1           0  0.11s           2025-12-04T17:57:00
================================================================================
[2025-12-04T17:57:37.083+0000] {manager.py:879} INFO - 
================================================================================
DAG File Processing Stats

File Path                                    PID    Runtime      # DAGs    # Errors  Last Runtime    Last Run
-------------------------------------------  -----  ---------  --------  ----------  --------------  -------------------
/opt/airflow/dags/weather_prediction_dag.py                           1           0  0.12s           2025-12-04T17:57:31
================================================================================
[2025-12-04T17:58:07.293+0000] {manager.py:879} INFO - 
================================================================================
DAG File Processing Stats

File Path                                    PID    Runtime      # DAGs    # Errors  Last Runtime    Last Run
-------------------------------------------  -----  ---------  --------  ----------  --------------  -------------------
/opt/airflow/dags/weather_prediction_dag.py                           1           0  0.13s           2025-12-04T17:58:01
================================================================================
[2025-12-04T17:58:37.532+0000] {manager.py:879} INFO - 
================================================================================
DAG File Processing Stats

File Path                                    PID    Runtime      # DAGs    # Errors  Last Runtime    Last Run
-------------------------------------------  -----  ---------  --------  ----------  --------------  -------------------
/opt/airflow/dags/weather_prediction_dag.py                           1           0  0.12s           2025-12-04T17:58:31
================================================================================
[2025-12-04T17:59:07.726+0000] {manager.py:879} INFO - 
================================================================================
DAG File Processing Stats

File Path                                    PID    Runtime      # DAGs    # Errors  Last Runtime    Last Run
-------------------------------------------  -----  ---------  --------  ----------  --------------  -------------------
/opt/airflow/dags/weather_prediction_dag.py                           1           0  0.12s           2025-12-04T17:59:01
================================================================================
[2025-12-04T17:59:26.890+0000] {manager.py:738} INFO - Searching for files in /opt/airflow/dags
[2025-12-04T17:59:26.905+0000] {manager.py:741} INFO - There are 1 files in /opt/airflow/dags
[2025-12-04T17:59:37.967+0000] {manager.py:879} INFO - 
================================================================================
DAG File Processing Stats

File Path                                    PID    Runtime      # DAGs    # Errors  Last Runtime    Last Run
-------------------------------------------  -----  ---------  --------  ----------  --------------  -------------------
/opt/airflow/dags/weather_prediction_dag.py                           1           0  0.13s           2025-12-04T17:59:31
================================================================================
[2025-12-04T18:00:08.816+0000] {manager.py:879} INFO - 
================================================================================
DAG File Processing Stats

File Path                                    PID    Runtime      # DAGs    # Errors  Last Runtime    Last Run
-------------------------------------------  -----  ---------  --------  ----------  --------------  -------------------
/opt/airflow/dags/weather_prediction_dag.py                           1           0  0.12s           2025-12-04T18:00:02
================================================================================
[2025-12-04T18:00:39.281+0000] {manager.py:879} INFO - 
================================================================================
DAG File Processing Stats

File Path                                    PID    Runtime      # DAGs    # Errors  Last Runtime    Last Run
-------------------------------------------  -----  ---------  --------  ----------  --------------  -------------------
/opt/airflow/dags/weather_prediction_dag.py                           1           0  0.11s           2025-12-04T18:00:33
================================================================================
[2025-12-04T18:01:10.045+0000] {manager.py:879} INFO - 
================================================================================
DAG File Processing Stats

File Path                                    PID    Runtime      # DAGs    # Errors  Last Runtime    Last Run
-------------------------------------------  -----  ---------  --------  ----------  --------------  -------------------
/opt/airflow/dags/weather_prediction_dag.py                           1           0  0.12s           2025-12-04T18:01:04
================================================================================
[2025-12-04T18:01:40.929+0000] {manager.py:879} INFO - 
================================================================================
DAG File Processing Stats

File Path                                    PID    Runtime      # DAGs    # Errors  Last Runtime    Last Run
-------------------------------------------  -----  ---------  --------  ----------  --------------  -------------------
/opt/airflow/dags/weather_prediction_dag.py                           1           0  0.10s           2025-12-04T18:01:34
================================================================================
[2025-12-04T18:02:11.130+0000] {manager.py:879} INFO - 
================================================================================
DAG File Processing Stats

File Path                                    PID    Runtime      # DAGs    # Errors  Last Runtime    Last Run
-------------------------------------------  -----  ---------  --------  ----------  --------------  -------------------
/opt/airflow/dags/weather_prediction_dag.py                           1           0  0.12s           2025-12-04T18:02:05
================================================================================
[2025-12-04T18:02:41.979+0000] {manager.py:879} INFO - 
================================================================================
DAG File Processing Stats

File Path                                    PID    Runtime      # DAGs    # Errors  Last Runtime    Last Run
-------------------------------------------  -----  ---------  --------  ----------  --------------  -------------------
/opt/airflow/dags/weather_prediction_dag.py                           1           0  0.14s           2025-12-04T18:02:35
================================================================================
[2025-12-04T18:03:12.818+0000] {manager.py:879} INFO - 
================================================================================
DAG File Processing Stats

File Path                                    PID    Runtime      # DAGs    # Errors  Last Runtime    Last Run
-------------------------------------------  -----  ---------  --------  ----------  --------------  -------------------
/opt/airflow/dags/weather_prediction_dag.py                           1           0  0.11s           2025-12-04T18:03:06
================================================================================
[2025-12-04T18:03:43.745+0000] {manager.py:879} INFO - 
================================================================================
DAG File Processing Stats

File Path                                    PID    Runtime      # DAGs    # Errors  Last Runtime    Last Run
-------------------------------------------  -----  ---------  --------  ----------  --------------  -------------------
/opt/airflow/dags/weather_prediction_dag.py                           1           0  0.12s           2025-12-04T18:03:37
================================================================================
[2025-12-04T18:04:13.905+0000] {manager.py:879} INFO - 
================================================================================
DAG File Processing Stats

File Path                                    PID    Runtime      # DAGs    # Errors  Last Runtime    Last Run
-------------------------------------------  -----  ---------  --------  ----------  --------------  -------------------
/opt/airflow/dags/weather_prediction_dag.py                           1           0  0.13s           2025-12-04T18:04:07
================================================================================
[2025-12-04T18:04:26.969+0000] {manager.py:738} INFO - Searching for files in /opt/airflow/dags
[2025-12-04T18:04:26.981+0000] {manager.py:741} INFO - There are 1 files in /opt/airflow/dags
[2025-12-04T18:04:44.397+0000] {manager.py:879} INFO - 
================================================================================
DAG File Processing Stats

File Path                                    PID    Runtime      # DAGs    # Errors  Last Runtime    Last Run
-------------------------------------------  -----  ---------  --------  ----------  --------------  -------------------
/opt/airflow/dags/weather_prediction_dag.py                           1           0  0.11s           2025-12-04T18:04:38
================================================================================
[2025-12-04T18:05:14.605+0000] {manager.py:879} INFO - 
================================================================================
DAG File Processing Stats

File Path                                    PID    Runtime      # DAGs    # Errors  Last Runtime    Last Run
-------------------------------------------  -----  ---------  --------  ----------  --------------  -------------------
/opt/airflow/dags/weather_prediction_dag.py                           1           0  0.20s           2025-12-04T18:05:08
================================================================================
[2025-12-04T18:05:45.404+0000] {manager.py:879} INFO - 
================================================================================
DAG File Processing Stats

File Path                                    PID    Runtime      # DAGs    # Errors  Last Runtime    Last Run
-------------------------------------------  -----  ---------  --------  ----------  --------------  -------------------
/opt/airflow/dags/weather_prediction_dag.py                           1           0  0.15s           2025-12-04T18:05:39
================================================================================
[2025-12-04T18:06:15.670+0000] {manager.py:879} INFO - 
================================================================================
DAG File Processing Stats

File Path                                    PID    Runtime      # DAGs    # Errors  Last Runtime    Last Run
-------------------------------------------  -----  ---------  --------  ----------  --------------  -------------------
/opt/airflow/dags/weather_prediction_dag.py                           1           0  0.14s           2025-12-04T18:06:09
================================================================================
[2025-12-04T18:06:45.946+0000] {manager.py:879} INFO - 
================================================================================
DAG File Processing Stats

File Path                                    PID    Runtime      # DAGs    # Errors  Last Runtime    Last Run
-------------------------------------------  -----  ---------  --------  ----------  --------------  -------------------
/opt/airflow/dags/weather_prediction_dag.py                           1           0  0.11s           2025-12-04T18:06:39
================================================================================
[2025-12-04T18:07:16.959+0000] {manager.py:879} INFO - 
================================================================================
DAG File Processing Stats

File Path                                    PID    Runtime      # DAGs    # Errors  Last Runtime    Last Run
-------------------------------------------  -----  ---------  --------  ----------  --------------  -------------------
/opt/airflow/dags/weather_prediction_dag.py                           1           0  0.13s           2025-12-04T18:07:11
================================================================================
[2025-12-04T18:07:47.918+0000] {manager.py:879} INFO - 
================================================================================
DAG File Processing Stats

File Path                                    PID    Runtime      # DAGs    # Errors  Last Runtime    Last Run
-------------------------------------------  -----  ---------  --------  ----------  --------------  -------------------
/opt/airflow/dags/weather_prediction_dag.py                           1           0  0.12s           2025-12-04T18:07:41
================================================================================
[2025-12-04T18:08:18.819+0000] {manager.py:879} INFO - 
================================================================================
DAG File Processing Stats

File Path                                    PID    Runtime      # DAGs    # Errors  Last Runtime    Last Run
-------------------------------------------  -----  ---------  --------  ----------  --------------  -------------------
/opt/airflow/dags/weather_prediction_dag.py                           1           0  0.26s           2025-12-04T18:08:13
================================================================================
[2025-12-04T18:08:49.139+0000] {manager.py:879} INFO - 
================================================================================
DAG File Processing Stats

File Path                                    PID    Runtime      # DAGs    # Errors  Last Runtime    Last Run
-------------------------------------------  -----  ---------  --------  ----------  --------------  -------------------
/opt/airflow/dags/weather_prediction_dag.py                           1           0  0.11s           2025-12-04T18:08:43
================================================================================
[2025-12-04T18:09:20.016+0000] {manager.py:879} INFO - 
================================================================================
DAG File Processing Stats

File Path                                    PID    Runtime      # DAGs    # Errors  Last Runtime    Last Run
-------------------------------------------  -----  ---------  --------  ----------  --------------  -------------------
/opt/airflow/dags/weather_prediction_dag.py                           1           0  0.13s           2025-12-04T18:09:13
================================================================================
[2025-12-04T18:09:27.063+0000] {manager.py:738} INFO - Searching for files in /opt/airflow/dags
[2025-12-04T18:09:27.076+0000] {manager.py:741} INFO - There are 1 files in /opt/airflow/dags
[2025-12-04T18:09:50.774+0000] {manager.py:879} INFO - 
================================================================================
DAG File Processing Stats

File Path                                    PID    Runtime      # DAGs    # Errors  Last Runtime    Last Run
-------------------------------------------  -----  ---------  --------  ----------  --------------  -------------------
/opt/airflow/dags/weather_prediction_dag.py                           1           0  0.13s           2025-12-04T18:09:43
================================================================================
[2025-12-04T18:10:21.883+0000] {manager.py:879} INFO - 
================================================================================
DAG File Processing Stats

File Path                                    PID    Runtime      # DAGs    # Errors  Last Runtime    Last Run
-------------------------------------------  -----  ---------  --------  ----------  --------------  -------------------
/opt/airflow/dags/weather_prediction_dag.py                           1           0  0.12s           2025-12-04T18:10:14
================================================================================
[2025-12-04T18:10:52.835+0000] {manager.py:879} INFO - 
================================================================================
DAG File Processing Stats

File Path                                    PID    Runtime      # DAGs    # Errors  Last Runtime    Last Run
-------------------------------------------  -----  ---------  --------  ----------  --------------  -------------------
/opt/airflow/dags/weather_prediction_dag.py                           1           0  0.12s           2025-12-04T18:10:45
================================================================================
[2025-12-04T18:11:23.828+0000] {manager.py:879} INFO - 
================================================================================
DAG File Processing Stats

File Path                                    PID    Runtime      # DAGs    # Errors  Last Runtime    Last Run
-------------------------------------------  -----  ---------  --------  ----------  --------------  -------------------
/opt/airflow/dags/weather_prediction_dag.py                           1           0  0.09s           2025-12-04T18:11:16
================================================================================
[2025-12-04T18:11:54.826+0000] {manager.py:879} INFO - 
================================================================================
DAG File Processing Stats

File Path                                    PID    Runtime      # DAGs    # Errors  Last Runtime    Last Run
-------------------------------------------  -----  ---------  --------  ----------  --------------  -------------------
/opt/airflow/dags/weather_prediction_dag.py                           1           0  0.10s           2025-12-04T18:11:47
================================================================================
[2025-12-04T18:12:25.802+0000] {manager.py:879} INFO - 
================================================================================
DAG File Processing Stats

File Path                                    PID    Runtime      # DAGs    # Errors  Last Runtime    Last Run
-------------------------------------------  -----  ---------  --------  ----------  --------------  -------------------
/opt/airflow/dags/weather_prediction_dag.py                           1           0  0.11s           2025-12-04T18:12:18
================================================================================
[2025-12-04T18:12:56.148+0000] {manager.py:879} INFO - 
================================================================================
DAG File Processing Stats

File Path                                    PID    Runtime      # DAGs    # Errors  Last Runtime    Last Run
-------------------------------------------  -----  ---------  --------  ----------  --------------  -------------------
/opt/airflow/dags/weather_prediction_dag.py                           1           0  0.12s           2025-12-04T18:12:49
================================================================================
[2025-12-04T18:13:26.439+0000] {manager.py:879} INFO - 
================================================================================
DAG File Processing Stats

File Path                                    PID    Runtime      # DAGs    # Errors  Last Runtime    Last Run
-------------------------------------------  -----  ---------  --------  ----------  --------------  -------------------
/opt/airflow/dags/weather_prediction_dag.py                           1           0  0.11s           2025-12-04T18:13:19
================================================================================
[2025-12-04T18:13:56.638+0000] {manager.py:879} INFO - 
================================================================================
DAG File Processing Stats

File Path                                    PID    Runtime      # DAGs    # Errors  Last Runtime    Last Run
-------------------------------------------  -----  ---------  --------  ----------  --------------  -------------------
/opt/airflow/dags/weather_prediction_dag.py                           1           0  0.11s           2025-12-04T18:13:49
================================================================================
[2025-12-04T18:14:27.457+0000] {manager.py:738} INFO - Searching for files in /opt/airflow/dags
[2025-12-04T18:14:27.478+0000] {manager.py:741} INFO - There are 1 files in /opt/airflow/dags
[2025-12-04T18:14:27.485+0000] {manager.py:879} INFO - 
================================================================================
DAG File Processing Stats

File Path                                    PID    Runtime      # DAGs    # Errors  Last Runtime    Last Run
-------------------------------------------  -----  ---------  --------  ----------  --------------  -------------------
/opt/airflow/dags/weather_prediction_dag.py                           1           0  0.11s           2025-12-04T18:14:19
================================================================================
[2025-12-04T18:14:57.657+0000] {manager.py:879} INFO - 
================================================================================
DAG File Processing Stats

File Path                                    PID    Runtime      # DAGs    # Errors  Last Runtime    Last Run
-------------------------------------------  -----  ---------  --------  ----------  --------------  -------------------
/opt/airflow/dags/weather_prediction_dag.py                           1           0  0.11s           2025-12-04T18:14:50
================================================================================
[2025-12-04T18:15:28.550+0000] {manager.py:879} INFO - 
================================================================================
DAG File Processing Stats

File Path                                    PID    Runtime      # DAGs    # Errors  Last Runtime    Last Run
-------------------------------------------  -----  ---------  --------  ----------  --------------  -------------------
/opt/airflow/dags/weather_prediction_dag.py                           1           0  0.10s           2025-12-04T18:15:21
================================================================================
[2025-12-04T18:15:59.424+0000] {manager.py:879} INFO - 
================================================================================
DAG File Processing Stats

File Path                                    PID    Runtime      # DAGs    # Errors  Last Runtime    Last Run
-------------------------------------------  -----  ---------  --------  ----------  --------------  -------------------
/opt/airflow/dags/weather_prediction_dag.py                           1           0  0.09s           2025-12-04T18:15:52
================================================================================
[2025-12-04T18:16:30.086+0000] {manager.py:879} INFO - 
================================================================================
DAG File Processing Stats

File Path                                    PID    Runtime      # DAGs    # Errors  Last Runtime    Last Run
-------------------------------------------  -----  ---------  --------  ----------  --------------  -------------------
/opt/airflow/dags/weather_prediction_dag.py                           1           0  0.10s           2025-12-04T18:16:23
================================================================================
[2025-12-04T18:17:01.090+0000] {manager.py:879} INFO - 
================================================================================
DAG File Processing Stats

File Path                                    PID    Runtime      # DAGs    # Errors  Last Runtime    Last Run
-------------------------------------------  -----  ---------  --------  ----------  --------------  -------------------
/opt/airflow/dags/weather_prediction_dag.py                           1           0  0.11s           2025-12-04T18:16:54
================================================================================
[2025-12-04T18:17:31.951+0000] {manager.py:879} INFO - 
================================================================================
DAG File Processing Stats

File Path                                    PID    Runtime      # DAGs    # Errors  Last Runtime    Last Run
-------------------------------------------  -----  ---------  --------  ----------  --------------  -------------------
/opt/airflow/dags/weather_prediction_dag.py                           1           0  0.12s           2025-12-04T18:17:25
================================================================================
[2025-12-04T18:18:02.265+0000] {manager.py:879} INFO - 
================================================================================
DAG File Processing Stats

File Path                                    PID    Runtime      # DAGs    # Errors  Last Runtime    Last Run
-------------------------------------------  -----  ---------  --------  ----------  --------------  -------------------
/opt/airflow/dags/weather_prediction_dag.py                           1           0  0.16s           2025-12-04T18:17:55
================================================================================
[2025-12-04T18:18:33.600+0000] {manager.py:879} INFO - 
================================================================================
DAG File Processing Stats

File Path                                    PID    Runtime      # DAGs    # Errors  Last Runtime    Last Run
-------------------------------------------  -----  ---------  --------  ----------  --------------  -------------------
/opt/airflow/dags/weather_prediction_dag.py                           1           0  0.10s           2025-12-04T18:18:25
================================================================================
[2025-12-04T18:19:04.577+0000] {manager.py:879} INFO - 
================================================================================
DAG File Processing Stats

File Path                                    PID    Runtime      # DAGs    # Errors  Last Runtime    Last Run
-------------------------------------------  -----  ---------  --------  ----------  --------------  -------------------
/opt/airflow/dags/weather_prediction_dag.py                           1           0  0.12s           2025-12-04T18:18:56
================================================================================
[2025-12-04T18:19:27.826+0000] {manager.py:738} INFO - Searching for files in /opt/airflow/dags
[2025-12-04T18:19:27.839+0000] {manager.py:741} INFO - There are 1 files in /opt/airflow/dags
[2025-12-04T18:19:34.882+0000] {manager.py:879} INFO - 
================================================================================
DAG File Processing Stats

File Path                                    PID    Runtime      # DAGs    # Errors  Last Runtime    Last Run
-------------------------------------------  -----  ---------  --------  ----------  --------------  -------------------
/opt/airflow/dags/weather_prediction_dag.py                           1           0  0.10s           2025-12-04T18:19:26
================================================================================
[2025-12-04T18:20:05.300+0000] {manager.py:879} INFO - 
================================================================================
DAG File Processing Stats

File Path                                    PID    Runtime      # DAGs    # Errors  Last Runtime    Last Run
-------------------------------------------  -----  ---------  --------  ----------  --------------  -------------------
/opt/airflow/dags/weather_prediction_dag.py                           1           0  0.12s           2025-12-04T18:19:57
================================================================================
[2025-12-04T18:20:35.615+0000] {manager.py:879} INFO - 
================================================================================
DAG File Processing Stats

File Path                                    PID    Runtime      # DAGs    # Errors  Last Runtime    Last Run
-------------------------------------------  -----  ---------  --------  ----------  --------------  -------------------
/opt/airflow/dags/weather_prediction_dag.py                           1           0  0.11s           2025-12-04T18:20:27
================================================================================
[2025-12-04T18:21:06.464+0000] {manager.py:879} INFO - 
================================================================================
DAG File Processing Stats

File Path                                    PID    Runtime      # DAGs    # Errors  Last Runtime    Last Run
-------------------------------------------  -----  ---------  --------  ----------  --------------  -------------------
/opt/airflow/dags/weather_prediction_dag.py                           1           0  0.10s           2025-12-04T18:20:58
================================================================================
[2025-12-04T18:21:37.421+0000] {manager.py:879} INFO - 
================================================================================
DAG File Processing Stats

File Path                                    PID    Runtime      # DAGs    # Errors  Last Runtime    Last Run
-------------------------------------------  -----  ---------  --------  ----------  --------------  -------------------
/opt/airflow/dags/weather_prediction_dag.py                           1           0  0.10s           2025-12-04T18:21:29
================================================================================
[2025-12-04T18:22:08.227+0000] {manager.py:879} INFO - 
================================================================================
DAG File Processing Stats

File Path                                    PID    Runtime      # DAGs    # Errors  Last Runtime    Last Run
-------------------------------------------  -----  ---------  --------  ----------  --------------  -------------------
/opt/airflow/dags/weather_prediction_dag.py                           1           0  0.10s           2025-12-04T18:22:00
================================================================================
[2025-12-04T18:22:38.563+0000] {manager.py:879} INFO - 
================================================================================
DAG File Processing Stats

File Path                                    PID    Runtime      # DAGs    # Errors  Last Runtime    Last Run
-------------------------------------------  -----  ---------  --------  ----------  --------------  -------------------
/opt/airflow/dags/weather_prediction_dag.py                           1           0  0.10s           2025-12-04T18:22:30
================================================================================
[2025-12-04T18:23:09.400+0000] {manager.py:879} INFO - 
================================================================================
DAG File Processing Stats

File Path                                    PID    Runtime      # DAGs    # Errors  Last Runtime    Last Run
-------------------------------------------  -----  ---------  --------  ----------  --------------  -------------------
/opt/airflow/dags/weather_prediction_dag.py                           1           0  0.10s           2025-12-04T18:23:00
================================================================================
[2025-12-04T18:23:39.558+0000] {manager.py:879} INFO - 
================================================================================
DAG File Processing Stats

File Path                                    PID    Runtime      # DAGs    # Errors  Last Runtime    Last Run
-------------------------------------------  -----  ---------  --------  ----------  --------------  -------------------
/opt/airflow/dags/weather_prediction_dag.py                           1           0  0.11s           2025-12-04T18:23:31
================================================================================
[2025-12-04T18:24:10.289+0000] {manager.py:879} INFO - 
================================================================================
DAG File Processing Stats

File Path                                    PID    Runtime      # DAGs    # Errors  Last Runtime    Last Run
-------------------------------------------  -----  ---------  --------  ----------  --------------  -------------------
/opt/airflow/dags/weather_prediction_dag.py                           1           0  0.10s           2025-12-04T18:24:01
================================================================================
[2025-12-04T18:24:27.966+0000] {manager.py:738} INFO - Searching for files in /opt/airflow/dags
[2025-12-04T18:24:27.980+0000] {manager.py:741} INFO - There are 1 files in /opt/airflow/dags
[2025-12-04T18:24:41.084+0000] {manager.py:879} INFO - 
================================================================================
DAG File Processing Stats

File Path                                    PID    Runtime      # DAGs    # Errors  Last Runtime    Last Run
-------------------------------------------  -----  ---------  --------  ----------  --------------  -------------------
/opt/airflow/dags/weather_prediction_dag.py                           1           0  0.11s           2025-12-04T18:24:32
================================================================================
[2025-12-04T18:25:11.994+0000] {manager.py:879} INFO - 
================================================================================
DAG File Processing Stats

File Path                                    PID    Runtime      # DAGs    # Errors  Last Runtime    Last Run
-------------------------------------------  -----  ---------  --------  ----------  --------------  -------------------
/opt/airflow/dags/weather_prediction_dag.py                           1           0  0.09s           2025-12-04T18:25:03
================================================================================
[2025-12-04T18:25:42.841+0000] {manager.py:879} INFO - 
================================================================================
DAG File Processing Stats

File Path                                    PID    Runtime      # DAGs    # Errors  Last Runtime    Last Run
-------------------------------------------  -----  ---------  --------  ----------  --------------  -------------------
/opt/airflow/dags/weather_prediction_dag.py                           1           0  0.11s           2025-12-04T18:25:33
================================================================================
[2025-12-04T18:26:13.673+0000] {manager.py:879} INFO - 
================================================================================
DAG File Processing Stats

File Path                                    PID    Runtime      # DAGs    # Errors  Last Runtime    Last Run
-------------------------------------------  -----  ---------  --------  ----------  --------------  -------------------
/opt/airflow/dags/weather_prediction_dag.py                           1           0  0.10s           2025-12-04T18:26:04
================================================================================
[2025-12-04T18:26:44.599+0000] {manager.py:879} INFO - 
================================================================================
DAG File Processing Stats

File Path                                    PID    Runtime      # DAGs    # Errors  Last Runtime    Last Run
-------------------------------------------  -----  ---------  --------  ----------  --------------  -------------------
/opt/airflow/dags/weather_prediction_dag.py                           1           0  0.10s           2025-12-04T18:26:35
================================================================================
[2025-12-04T18:27:15.482+0000] {manager.py:879} INFO - 
================================================================================
DAG File Processing Stats

File Path                                    PID    Runtime      # DAGs    # Errors  Last Runtime    Last Run
-------------------------------------------  -----  ---------  --------  ----------  --------------  -------------------
/opt/airflow/dags/weather_prediction_dag.py                           1           0  0.11s           2025-12-04T18:27:06
================================================================================
[2025-12-04T18:27:46.376+0000] {manager.py:879} INFO - 
================================================================================
DAG File Processing Stats

File Path                                    PID    Runtime      # DAGs    # Errors  Last Runtime    Last Run
-------------------------------------------  -----  ---------  --------  ----------  --------------  -------------------
/opt/airflow/dags/weather_prediction_dag.py                           1           0  0.12s           2025-12-04T18:27:37
================================================================================
[2025-12-04T18:28:17.241+0000] {manager.py:879} INFO - 
================================================================================
DAG File Processing Stats

File Path                                    PID    Runtime      # DAGs    # Errors  Last Runtime    Last Run
-------------------------------------------  -----  ---------  --------  ----------  --------------  -------------------
/opt/airflow/dags/weather_prediction_dag.py                           1           0  0.11s           2025-12-04T18:28:08
================================================================================
[2025-12-04T18:28:48.156+0000] {manager.py:879} INFO - 
================================================================================
DAG File Processing Stats

File Path                                    PID    Runtime      # DAGs    # Errors  Last Runtime    Last Run
-------------------------------------------  -----  ---------  --------  ----------  --------------  -------------------
/opt/airflow/dags/weather_prediction_dag.py                           1           0  0.10s           2025-12-04T18:28:39
================================================================================
[2025-12-04T18:29:18.414+0000] {manager.py:879} INFO - 
================================================================================
DAG File Processing Stats

File Path                                    PID    Runtime      # DAGs    # Errors  Last Runtime    Last Run
-------------------------------------------  -----  ---------  --------  ----------  --------------  -------------------
/opt/airflow/dags/weather_prediction_dag.py                           1           0  0.10s           2025-12-04T18:29:09
================================================================================
[2025-12-04T18:29:28.484+0000] {manager.py:738} INFO - Searching for files in /opt/airflow/dags
[2025-12-04T18:29:28.496+0000] {manager.py:741} INFO - There are 1 files in /opt/airflow/dags
[2025-12-04T18:29:49.231+0000] {manager.py:879} INFO - 
================================================================================
DAG File Processing Stats

File Path                                    PID    Runtime      # DAGs    # Errors  Last Runtime    Last Run
-------------------------------------------  -----  ---------  --------  ----------  --------------  -------------------
/opt/airflow/dags/weather_prediction_dag.py                           1           0  0.11s           2025-12-04T18:29:39
================================================================================
[2025-12-04T18:30:19.612+0000] {manager.py:879} INFO - 
================================================================================
DAG File Processing Stats

File Path                                    PID    Runtime      # DAGs    # Errors  Last Runtime    Last Run
-------------------------------------------  -----  ---------  --------  ----------  --------------  -------------------
/opt/airflow/dags/weather_prediction_dag.py                           1           0  0.11s           2025-12-04T18:30:10
================================================================================
[2025-12-04T18:30:50.463+0000] {manager.py:879} INFO - 
================================================================================
DAG File Processing Stats

File Path                                    PID    Runtime      # DAGs    # Errors  Last Runtime    Last Run
-------------------------------------------  -----  ---------  --------  ----------  --------------  -------------------
/opt/airflow/dags/weather_prediction_dag.py                           1           0  0.10s           2025-12-04T18:30:41
================================================================================
[2025-12-04T18:31:21.500+0000] {manager.py:879} INFO - 
================================================================================
DAG File Processing Stats

File Path                                    PID    Runtime      # DAGs    # Errors  Last Runtime    Last Run
-------------------------------------------  -----  ---------  --------  ----------  --------------  -------------------
/opt/airflow/dags/weather_prediction_dag.py                           1           0  0.10s           2025-12-04T18:31:12
================================================================================
[2025-12-04T18:31:51.788+0000] {manager.py:879} INFO - 
================================================================================
DAG File Processing Stats

File Path                                    PID    Runtime      # DAGs    # Errors  Last Runtime    Last Run
-------------------------------------------  -----  ---------  --------  ----------  --------------  -------------------
/opt/airflow/dags/weather_prediction_dag.py                           1           0  0.10s           2025-12-04T18:31:42
================================================================================
[2025-12-04T18:32:22.062+0000] {manager.py:879} INFO - 
================================================================================
DAG File Processing Stats

File Path                                    PID    Runtime      # DAGs    # Errors  Last Runtime    Last Run
-------------------------------------------  -----  ---------  --------  ----------  --------------  -------------------
/opt/airflow/dags/weather_prediction_dag.py                           1           0  0.12s           2025-12-04T18:32:13
================================================================================
[2025-12-04T18:32:52.258+0000] {manager.py:879} INFO - 
================================================================================
DAG File Processing Stats

File Path                                    PID    Runtime      # DAGs    # Errors  Last Runtime    Last Run
-------------------------------------------  -----  ---------  --------  ----------  --------------  -------------------
/opt/airflow/dags/weather_prediction_dag.py                           1           0  0.14s           2025-12-04T18:32:43
================================================================================
[2025-12-04T18:33:23.156+0000] {manager.py:879} INFO - 
================================================================================
DAG File Processing Stats

File Path                                    PID    Runtime      # DAGs    # Errors  Last Runtime    Last Run
-------------------------------------------  -----  ---------  --------  ----------  --------------  -------------------
/opt/airflow/dags/weather_prediction_dag.py                           1           0  0.10s           2025-12-04T18:33:14
================================================================================
[2025-12-04T18:33:52.715+0000] {manager.py:879} INFO - 
================================================================================
DAG File Processing Stats

File Path                                    PID    Runtime      # DAGs    # Errors  Last Runtime    Last Run
-------------------------------------------  -----  ---------  --------  ----------  --------------  -------------------
/opt/airflow/dags/weather_prediction_dag.py                           1           0  0.10s           2025-12-04T18:33:44
================================================================================
[2025-12-04T18:34:23.716+0000] {manager.py:879} INFO - 
================================================================================
DAG File Processing Stats

File Path                                    PID    Runtime      # DAGs    # Errors  Last Runtime    Last Run
-------------------------------------------  -----  ---------  --------  ----------  --------------  -------------------
/opt/airflow/dags/weather_prediction_dag.py                           1           0  0.13s           2025-12-04T18:34:15
================================================================================
[2025-12-04T18:34:28.739+0000] {manager.py:738} INFO - Searching for files in /opt/airflow/dags
[2025-12-04T18:34:28.753+0000] {manager.py:741} INFO - There are 1 files in /opt/airflow/dags
[2025-12-04T18:34:54.603+0000] {manager.py:879} INFO - 
================================================================================
DAG File Processing Stats

File Path                                    PID    Runtime      # DAGs    # Errors  Last Runtime    Last Run
-------------------------------------------  -----  ---------  --------  ----------  --------------  -------------------
/opt/airflow/dags/weather_prediction_dag.py                           1           0  0.10s           2025-12-04T18:34:46
================================================================================
[2025-12-04T18:35:24.932+0000] {manager.py:879} INFO - 
================================================================================
DAG File Processing Stats

File Path                                    PID    Runtime      # DAGs    # Errors  Last Runtime    Last Run
-------------------------------------------  -----  ---------  --------  ----------  --------------  -------------------
/opt/airflow/dags/weather_prediction_dag.py                           1           0  0.10s           2025-12-04T18:35:16
================================================================================
[2025-12-04T18:35:55.248+0000] {manager.py:879} INFO - 
================================================================================
DAG File Processing Stats

File Path                                    PID    Runtime      # DAGs    # Errors  Last Runtime    Last Run
-------------------------------------------  -----  ---------  --------  ----------  --------------  -------------------
/opt/airflow/dags/weather_prediction_dag.py                           1           0  0.11s           2025-12-04T18:35:47
================================================================================
[2025-12-04T18:36:26.090+0000] {manager.py:879} INFO - 
================================================================================
DAG File Processing Stats

File Path                                    PID    Runtime      # DAGs    # Errors  Last Runtime    Last Run
-------------------------------------------  -----  ---------  --------  ----------  --------------  -------------------
/opt/airflow/dags/weather_prediction_dag.py                           1           0  0.11s           2025-12-04T18:36:18
================================================================================
[2025-12-04T18:36:56.375+0000] {manager.py:879} INFO - 
================================================================================
DAG File Processing Stats

File Path                                    PID    Runtime      # DAGs    # Errors  Last Runtime    Last Run
-------------------------------------------  -----  ---------  --------  ----------  --------------  -------------------
/opt/airflow/dags/weather_prediction_dag.py                           1           0  0.14s           2025-12-04T18:36:48
================================================================================
[2025-12-04T18:37:27.281+0000] {manager.py:879} INFO - 
================================================================================
DAG File Processing Stats

File Path                                    PID    Runtime      # DAGs    # Errors  Last Runtime    Last Run
-------------------------------------------  -----  ---------  --------  ----------  --------------  -------------------
/opt/airflow/dags/weather_prediction_dag.py                           1           0  0.11s           2025-12-04T18:37:19
================================================================================
[2025-12-04T18:37:58.185+0000] {manager.py:879} INFO - 
================================================================================
DAG File Processing Stats

File Path                                    PID    Runtime      # DAGs    # Errors  Last Runtime    Last Run
-------------------------------------------  -----  ---------  --------  ----------  --------------  -------------------
/opt/airflow/dags/weather_prediction_dag.py                           1           0  0.11s           2025-12-04T18:37:50
================================================================================
[2025-12-04T18:38:29.230+0000] {manager.py:879} INFO - 
================================================================================
DAG File Processing Stats

File Path                                    PID    Runtime      # DAGs    # Errors  Last Runtime    Last Run
-------------------------------------------  -----  ---------  --------  ----------  --------------  -------------------
/opt/airflow/dags/weather_prediction_dag.py                           1           0  0.13s           2025-12-04T18:38:20
================================================================================
[2025-12-04T18:38:59.951+0000] {manager.py:879} INFO - 
================================================================================
DAG File Processing Stats

File Path                                    PID    Runtime      # DAGs    # Errors  Last Runtime    Last Run
-------------------------------------------  -----  ---------  --------  ----------  --------------  -------------------
/opt/airflow/dags/weather_prediction_dag.py                           1           0  0.12s           2025-12-04T18:38:51
================================================================================
[2025-12-04T18:39:29.451+0000] {manager.py:738} INFO - Searching for files in /opt/airflow/dags
[2025-12-04T18:39:29.466+0000] {manager.py:741} INFO - There are 1 files in /opt/airflow/dags
[2025-12-04T18:39:30.481+0000] {manager.py:879} INFO - 
================================================================================
DAG File Processing Stats

File Path                                    PID    Runtime      # DAGs    # Errors  Last Runtime    Last Run
-------------------------------------------  -----  ---------  --------  ----------  --------------  -------------------
/opt/airflow/dags/weather_prediction_dag.py                           1           0  0.11s           2025-12-04T18:39:21
================================================================================
[2025-12-04T18:40:00.619+0000] {manager.py:879} INFO - 
================================================================================
DAG File Processing Stats

File Path                                    PID    Runtime      # DAGs    # Errors  Last Runtime    Last Run
-------------------------------------------  -----  ---------  --------  ----------  --------------  -------------------
/opt/airflow/dags/weather_prediction_dag.py                           1           0  0.12s           2025-12-04T18:39:51
================================================================================
[2025-12-04T18:40:31.537+0000] {manager.py:879} INFO - 
================================================================================
DAG File Processing Stats

File Path                                    PID    Runtime      # DAGs    # Errors  Last Runtime    Last Run
-------------------------------------------  -----  ---------  --------  ----------  --------------  -------------------
/opt/airflow/dags/weather_prediction_dag.py                           1           0  0.12s           2025-12-04T18:40:22
================================================================================
[2025-12-05T02:04:35.618+0000] {manager.py:469} INFO - Processing files using up to 2 processes at a time 
[2025-12-05T02:04:35.619+0000] {manager.py:470} INFO - Process each file at most once every 30 seconds
[2025-12-05T02:04:35.619+0000] {manager.py:471} INFO - Checking for new files in /opt/airflow/dags every 300 seconds
[2025-12-05T02:04:35.619+0000] {manager.py:738} INFO - Searching for files in /opt/airflow/dags
[2025-12-05T02:04:35.639+0000] {manager.py:741} INFO - There are 1 files in /opt/airflow/dags
[2025-12-05T02:04:50.076+0000] {manager.py:879} INFO - 
================================================================================
DAG File Processing Stats

File Path                                    PID    Runtime      # DAGs    # Errors  Last Runtime    Last Run
-------------------------------------------  -----  ---------  --------  ----------  --------------  -------------------
/opt/airflow/dags/weather_prediction_dag.py                           1           0  0.33s           2025-12-05T02:04:36
================================================================================
[2025-12-05T02:05:21.137+0000] {manager.py:879} INFO - 
================================================================================
DAG File Processing Stats

File Path                                    PID    Runtime      # DAGs    # Errors  Last Runtime    Last Run
-------------------------------------------  -----  ---------  --------  ----------  --------------  -------------------
/opt/airflow/dags/weather_prediction_dag.py                           1           0  0.10s           2025-12-05T02:05:06
================================================================================
[2025-12-05T02:05:52.033+0000] {manager.py:879} INFO - 
================================================================================
DAG File Processing Stats

File Path                                    PID    Runtime      # DAGs    # Errors  Last Runtime    Last Run
-------------------------------------------  -----  ---------  --------  ----------  --------------  -------------------
/opt/airflow/dags/weather_prediction_dag.py                           1           0  0.09s           2025-12-05T02:05:36
================================================================================
[2025-12-05T02:06:22.832+0000] {manager.py:879} INFO - 
================================================================================
DAG File Processing Stats

File Path                                    PID    Runtime      # DAGs    # Errors  Last Runtime    Last Run
-------------------------------------------  -----  ---------  --------  ----------  --------------  -------------------
/opt/airflow/dags/weather_prediction_dag.py                           1           0  0.12s           2025-12-05T02:06:07
================================================================================
[2025-12-05T02:06:53.543+0000] {manager.py:879} INFO - 
================================================================================
DAG File Processing Stats

File Path                                    PID    Runtime      # DAGs    # Errors  Last Runtime    Last Run
-------------------------------------------  -----  ---------  --------  ----------  --------------  -------------------
/opt/airflow/dags/weather_prediction_dag.py                           1           0  0.15s           2025-12-05T02:06:38
================================================================================
[2025-12-05T02:07:24.237+0000] {manager.py:879} INFO - 
================================================================================
DAG File Processing Stats

File Path                                    PID    Runtime      # DAGs    # Errors  Last Runtime    Last Run
-------------------------------------------  -----  ---------  --------  ----------  --------------  -------------------
/opt/airflow/dags/weather_prediction_dag.py                           1           0  0.11s           2025-12-05T02:07:09
================================================================================
[2025-12-05T02:07:55.017+0000] {manager.py:879} INFO - 
================================================================================
DAG File Processing Stats

File Path                                    PID    Runtime      # DAGs    # Errors  Last Runtime    Last Run
-------------------------------------------  -----  ---------  --------  ----------  --------------  -------------------
/opt/airflow/dags/weather_prediction_dag.py                           1           0  0.16s           2025-12-05T02:07:39
================================================================================
[2025-12-05T02:08:25.853+0000] {manager.py:879} INFO - 
================================================================================
DAG File Processing Stats

File Path                                    PID    Runtime      # DAGs    # Errors  Last Runtime    Last Run
-------------------------------------------  -----  ---------  --------  ----------  --------------  -------------------
/opt/airflow/dags/weather_prediction_dag.py                           1           0  0.11s           2025-12-05T02:08:10
================================================================================
[2025-12-05T02:08:56.954+0000] {manager.py:879} INFO - 
================================================================================
DAG File Processing Stats

File Path                                    PID    Runtime      # DAGs    # Errors  Last Runtime    Last Run
-------------------------------------------  -----  ---------  --------  ----------  --------------  -------------------
/opt/airflow/dags/weather_prediction_dag.py                           1           0  0.11s           2025-12-05T02:08:40
================================================================================
[2025-12-05T02:09:27.275+0000] {manager.py:879} INFO - 
================================================================================
DAG File Processing Stats

File Path                                    PID    Runtime      # DAGs    # Errors  Last Runtime    Last Run
-------------------------------------------  -----  ---------  --------  ----------  --------------  -------------------
/opt/airflow/dags/weather_prediction_dag.py                           1           0  0.11s           2025-12-05T02:09:11
================================================================================
[2025-12-05T02:09:35.838+0000] {manager.py:738} INFO - Searching for files in /opt/airflow/dags
[2025-12-05T02:09:35.847+0000] {manager.py:741} INFO - There are 1 files in /opt/airflow/dags
[2025-12-05T02:09:57.986+0000] {manager.py:879} INFO - 
================================================================================
DAG File Processing Stats

File Path                                    PID    Runtime      # DAGs    # Errors  Last Runtime    Last Run
-------------------------------------------  -----  ---------  --------  ----------  --------------  -------------------
/opt/airflow/dags/weather_prediction_dag.py                           1           0  0.09s           2025-12-05T02:09:41
================================================================================
[2025-12-05T02:10:28.722+0000] {manager.py:879} INFO - 
================================================================================
DAG File Processing Stats

File Path                                    PID    Runtime      # DAGs    # Errors  Last Runtime    Last Run
-------------------------------------------  -----  ---------  --------  ----------  --------------  -------------------
/opt/airflow/dags/weather_prediction_dag.py                           1           0  0.10s           2025-12-05T02:10:12
================================================================================
[2025-12-05T02:10:59.445+0000] {manager.py:879} INFO - 
================================================================================
DAG File Processing Stats

File Path                                    PID    Runtime      # DAGs    # Errors  Last Runtime    Last Run
-------------------------------------------  -----  ---------  --------  ----------  --------------  -------------------
/opt/airflow/dags/weather_prediction_dag.py                           1           0  0.10s           2025-12-05T02:10:43
================================================================================
[2025-12-05T02:11:30.188+0000] {manager.py:879} INFO - 
================================================================================
DAG File Processing Stats

File Path                                    PID    Runtime      # DAGs    # Errors  Last Runtime    Last Run
-------------------------------------------  -----  ---------  --------  ----------  --------------  -------------------
/opt/airflow/dags/weather_prediction_dag.py                           1           0  0.12s           2025-12-05T02:11:14
================================================================================
[2025-12-05T02:12:00.836+0000] {manager.py:879} INFO - 
================================================================================
DAG File Processing Stats

File Path                                    PID    Runtime      # DAGs    # Errors  Last Runtime    Last Run
-------------------------------------------  -----  ---------  --------  ----------  --------------  -------------------
/opt/airflow/dags/weather_prediction_dag.py                           1           0  0.12s           2025-12-05T02:11:44
================================================================================
[2025-12-05T02:12:32.155+0000] {manager.py:879} INFO - 
================================================================================
DAG File Processing Stats

File Path                                    PID    Runtime      # DAGs    # Errors  Last Runtime    Last Run
-------------------------------------------  -----  ---------  --------  ----------  --------------  -------------------
/opt/airflow/dags/weather_prediction_dag.py                           1           0  0.15s           2025-12-05T02:12:15
================================================================================
[2025-12-05T02:13:02.963+0000] {manager.py:879} INFO - 
================================================================================
DAG File Processing Stats

File Path                                    PID    Runtime      # DAGs    # Errors  Last Runtime    Last Run
-------------------------------------------  -----  ---------  --------  ----------  --------------  -------------------
/opt/airflow/dags/weather_prediction_dag.py                           1           0  0.11s           2025-12-05T02:12:46
================================================================================
[2025-12-05T02:13:33.691+0000] {manager.py:879} INFO - 
================================================================================
DAG File Processing Stats

File Path                                    PID    Runtime      # DAGs    # Errors  Last Runtime    Last Run
-------------------------------------------  -----  ---------  --------  ----------  --------------  -------------------
/opt/airflow/dags/weather_prediction_dag.py                           1           0  0.13s           2025-12-05T02:13:17
================================================================================
[2025-12-05T02:14:04.866+0000] {manager.py:879} INFO - 
================================================================================
DAG File Processing Stats

File Path                                    PID    Runtime      # DAGs    # Errors  Last Runtime    Last Run
-------------------------------------------  -----  ---------  --------  ----------  --------------  -------------------
/opt/airflow/dags/weather_prediction_dag.py                           1           0  0.14s           2025-12-05T02:13:47
================================================================================
[2025-12-05T02:14:35.608+0000] {manager.py:879} INFO - 
================================================================================
DAG File Processing Stats

File Path                                    PID    Runtime      # DAGs    # Errors  Last Runtime    Last Run
-------------------------------------------  -----  ---------  --------  ----------  --------------  -------------------
/opt/airflow/dags/weather_prediction_dag.py                           1           0  0.11s           2025-12-05T02:14:18
================================================================================
[2025-12-05T02:14:36.612+0000] {manager.py:738} INFO - Searching for files in /opt/airflow/dags
[2025-12-05T02:14:36.635+0000] {manager.py:741} INFO - There are 1 files in /opt/airflow/dags
[2025-12-05T02:15:06.505+0000] {manager.py:879} INFO - 
================================================================================
DAG File Processing Stats

File Path                                    PID    Runtime      # DAGs    # Errors  Last Runtime    Last Run
-------------------------------------------  -----  ---------  --------  ----------  --------------  -------------------
/opt/airflow/dags/weather_prediction_dag.py                           1           0  0.14s           2025-12-05T02:14:48
================================================================================
[2025-12-05T02:15:38.220+0000] {manager.py:879} INFO - 
================================================================================
DAG File Processing Stats

File Path                                    PID    Runtime      # DAGs    # Errors  Last Runtime    Last Run
-------------------------------------------  -----  ---------  --------  ----------  --------------  -------------------
/opt/airflow/dags/weather_prediction_dag.py                           1           0  0.41s           2025-12-05T02:15:26
================================================================================
[2025-12-05T02:16:09.162+0000] {manager.py:879} INFO - 
================================================================================
DAG File Processing Stats

File Path                                    PID    Runtime      # DAGs    # Errors  Last Runtime    Last Run
-------------------------------------------  -----  ---------  --------  ----------  --------------  -------------------
/opt/airflow/dags/weather_prediction_dag.py                           1           0  0.43s           2025-12-05T02:15:48
================================================================================
[2025-12-05T02:16:40.084+0000] {manager.py:879} INFO - 
================================================================================
DAG File Processing Stats

File Path                                    PID    Runtime      # DAGs    # Errors  Last Runtime    Last Run
-------------------------------------------  -----  ---------  --------  ----------  --------------  -------------------
/opt/airflow/dags/weather_prediction_dag.py                           1           0  0.26s           2025-12-05T02:16:19
================================================================================
