[2025-12-04T16:20:45.793+0000] {processor.py:161} INFO - Started process (PID=175) to work on /opt/airflow/dags/weather_prediction_dag.py
[2025-12-04T16:20:45.793+0000] {processor.py:830} INFO - Processing file /opt/airflow/dags/weather_prediction_dag.py for tasks to queue
[2025-12-04T16:20:45.794+0000] {logging_mixin.py:188} INFO - [2025-12-04T16:20:45.794+0000] {dagbag.py:538} INFO - Filling up the DagBag from /opt/airflow/dags/weather_prediction_dag.py
[2025-12-04T16:20:45.816+0000] {logging_mixin.py:188} INFO - [2025-12-04T16:20:45.811+0000] {dagbag.py:348} ERROR - Failed to import: /opt/airflow/dags/weather_prediction_dag.py
Traceback (most recent call last):
  File "/home/airflow/.local/lib/python3.8/site-packages/airflow/models/dagbag.py", line 344, in parse
    loader.exec_module(new_module)
  File "<frozen importlib._bootstrap_external>", line 843, in exec_module
  File "<frozen importlib._bootstrap>", line 219, in _call_with_frames_removed
  File "/opt/airflow/dags/weather_prediction_dag.py", line 16, in <module>
    from src.data.extract import extract_weather_data
ModuleNotFoundError: No module named 'src'
[2025-12-04T16:20:45.822+0000] {processor.py:842} WARNING - No viable dags retrieved from /opt/airflow/dags/weather_prediction_dag.py
[2025-12-04T16:20:45.836+0000] {processor.py:183} INFO - Processing /opt/airflow/dags/weather_prediction_dag.py took 0.046 seconds
[2025-12-04T16:21:15.976+0000] {processor.py:161} INFO - Started process (PID=188) to work on /opt/airflow/dags/weather_prediction_dag.py
[2025-12-04T16:21:15.976+0000] {processor.py:830} INFO - Processing file /opt/airflow/dags/weather_prediction_dag.py for tasks to queue
[2025-12-04T16:21:15.977+0000] {logging_mixin.py:188} INFO - [2025-12-04T16:21:15.977+0000] {dagbag.py:538} INFO - Filling up the DagBag from /opt/airflow/dags/weather_prediction_dag.py
[2025-12-04T16:21:15.987+0000] {logging_mixin.py:188} INFO - [2025-12-04T16:21:15.985+0000] {dagbag.py:348} ERROR - Failed to import: /opt/airflow/dags/weather_prediction_dag.py
Traceback (most recent call last):
  File "/home/airflow/.local/lib/python3.8/site-packages/airflow/models/dagbag.py", line 344, in parse
    loader.exec_module(new_module)
  File "<frozen importlib._bootstrap_external>", line 843, in exec_module
  File "<frozen importlib._bootstrap>", line 219, in _call_with_frames_removed
  File "/opt/airflow/dags/weather_prediction_dag.py", line 16, in <module>
    from src.data.extract import extract_weather_data
ModuleNotFoundError: No module named 'src'
[2025-12-04T16:21:15.988+0000] {processor.py:842} WARNING - No viable dags retrieved from /opt/airflow/dags/weather_prediction_dag.py
[2025-12-04T16:21:16.003+0000] {processor.py:183} INFO - Processing /opt/airflow/dags/weather_prediction_dag.py took 0.030 seconds
[2025-12-04T16:21:46.160+0000] {processor.py:161} INFO - Started process (PID=201) to work on /opt/airflow/dags/weather_prediction_dag.py
[2025-12-04T16:21:46.161+0000] {processor.py:830} INFO - Processing file /opt/airflow/dags/weather_prediction_dag.py for tasks to queue
[2025-12-04T16:21:46.162+0000] {logging_mixin.py:188} INFO - [2025-12-04T16:21:46.161+0000] {dagbag.py:538} INFO - Filling up the DagBag from /opt/airflow/dags/weather_prediction_dag.py
[2025-12-04T16:21:46.172+0000] {logging_mixin.py:188} INFO - [2025-12-04T16:21:46.170+0000] {dagbag.py:348} ERROR - Failed to import: /opt/airflow/dags/weather_prediction_dag.py
Traceback (most recent call last):
  File "/home/airflow/.local/lib/python3.8/site-packages/airflow/models/dagbag.py", line 344, in parse
    loader.exec_module(new_module)
  File "<frozen importlib._bootstrap_external>", line 843, in exec_module
  File "<frozen importlib._bootstrap>", line 219, in _call_with_frames_removed
  File "/opt/airflow/dags/weather_prediction_dag.py", line 16, in <module>
    from src.data.extract import extract_weather_data
ModuleNotFoundError: No module named 'src'
[2025-12-04T16:21:46.173+0000] {processor.py:842} WARNING - No viable dags retrieved from /opt/airflow/dags/weather_prediction_dag.py
[2025-12-04T16:21:46.188+0000] {processor.py:183} INFO - Processing /opt/airflow/dags/weather_prediction_dag.py took 0.030 seconds
[2025-12-04T16:24:18.629+0000] {processor.py:161} INFO - Started process (PID=175) to work on /opt/airflow/dags/weather_prediction_dag.py
[2025-12-04T16:24:18.630+0000] {processor.py:830} INFO - Processing file /opt/airflow/dags/weather_prediction_dag.py for tasks to queue
[2025-12-04T16:24:18.631+0000] {logging_mixin.py:188} INFO - [2025-12-04T16:24:18.631+0000] {dagbag.py:538} INFO - Filling up the DagBag from /opt/airflow/dags/weather_prediction_dag.py
[2025-12-04T16:24:18.645+0000] {logging_mixin.py:188} INFO - [2025-12-04T16:24:18.642+0000] {dagbag.py:348} ERROR - Failed to import: /opt/airflow/dags/weather_prediction_dag.py
Traceback (most recent call last):
  File "/home/airflow/.local/lib/python3.8/site-packages/airflow/models/dagbag.py", line 344, in parse
    loader.exec_module(new_module)
  File "<frozen importlib._bootstrap_external>", line 843, in exec_module
  File "<frozen importlib._bootstrap>", line 219, in _call_with_frames_removed
  File "/opt/airflow/dags/weather_prediction_dag.py", line 16, in <module>
    from src.data.extract import extract_weather_data
ModuleNotFoundError: No module named 'src'
[2025-12-04T16:24:18.646+0000] {processor.py:842} WARNING - No viable dags retrieved from /opt/airflow/dags/weather_prediction_dag.py
[2025-12-04T16:24:18.660+0000] {processor.py:183} INFO - Processing /opt/airflow/dags/weather_prediction_dag.py took 0.034 seconds
[2025-12-04T16:24:48.902+0000] {processor.py:161} INFO - Started process (PID=201) to work on /opt/airflow/dags/weather_prediction_dag.py
[2025-12-04T16:24:48.902+0000] {processor.py:830} INFO - Processing file /opt/airflow/dags/weather_prediction_dag.py for tasks to queue
[2025-12-04T16:24:48.904+0000] {logging_mixin.py:188} INFO - [2025-12-04T16:24:48.904+0000] {dagbag.py:538} INFO - Filling up the DagBag from /opt/airflow/dags/weather_prediction_dag.py
[2025-12-04T16:24:48.922+0000] {logging_mixin.py:188} INFO - [2025-12-04T16:24:48.919+0000] {dagbag.py:348} ERROR - Failed to import: /opt/airflow/dags/weather_prediction_dag.py
Traceback (most recent call last):
  File "/home/airflow/.local/lib/python3.8/site-packages/airflow/models/dagbag.py", line 344, in parse
    loader.exec_module(new_module)
  File "<frozen importlib._bootstrap_external>", line 843, in exec_module
  File "<frozen importlib._bootstrap>", line 219, in _call_with_frames_removed
  File "/opt/airflow/dags/weather_prediction_dag.py", line 16, in <module>
    from src.data.extract import extract_weather_data
ModuleNotFoundError: No module named 'src'
[2025-12-04T16:24:48.923+0000] {processor.py:842} WARNING - No viable dags retrieved from /opt/airflow/dags/weather_prediction_dag.py
[2025-12-04T16:24:48.939+0000] {processor.py:183} INFO - Processing /opt/airflow/dags/weather_prediction_dag.py took 0.040 seconds
[2025-12-04T16:25:19.106+0000] {processor.py:161} INFO - Started process (PID=237) to work on /opt/airflow/dags/weather_prediction_dag.py
[2025-12-04T16:25:19.107+0000] {processor.py:830} INFO - Processing file /opt/airflow/dags/weather_prediction_dag.py for tasks to queue
[2025-12-04T16:25:19.108+0000] {logging_mixin.py:188} INFO - [2025-12-04T16:25:19.108+0000] {dagbag.py:538} INFO - Filling up the DagBag from /opt/airflow/dags/weather_prediction_dag.py
[2025-12-04T16:25:19.125+0000] {logging_mixin.py:188} INFO - [2025-12-04T16:25:19.121+0000] {dagbag.py:348} ERROR - Failed to import: /opt/airflow/dags/weather_prediction_dag.py
Traceback (most recent call last):
  File "/home/airflow/.local/lib/python3.8/site-packages/airflow/models/dagbag.py", line 344, in parse
    loader.exec_module(new_module)
  File "<frozen importlib._bootstrap_external>", line 843, in exec_module
  File "<frozen importlib._bootstrap>", line 219, in _call_with_frames_removed
  File "/opt/airflow/dags/weather_prediction_dag.py", line 16, in <module>
    from src.data.extract import extract_weather_data
ModuleNotFoundError: No module named 'src'
[2025-12-04T16:25:19.126+0000] {processor.py:842} WARNING - No viable dags retrieved from /opt/airflow/dags/weather_prediction_dag.py
[2025-12-04T16:25:19.144+0000] {processor.py:183} INFO - Processing /opt/airflow/dags/weather_prediction_dag.py took 0.041 seconds
[2025-12-04T16:25:49.290+0000] {processor.py:161} INFO - Started process (PID=274) to work on /opt/airflow/dags/weather_prediction_dag.py
[2025-12-04T16:25:49.291+0000] {processor.py:830} INFO - Processing file /opt/airflow/dags/weather_prediction_dag.py for tasks to queue
[2025-12-04T16:25:49.293+0000] {logging_mixin.py:188} INFO - [2025-12-04T16:25:49.292+0000] {dagbag.py:538} INFO - Filling up the DagBag from /opt/airflow/dags/weather_prediction_dag.py
[2025-12-04T16:25:49.319+0000] {logging_mixin.py:188} INFO - [2025-12-04T16:25:49.313+0000] {dagbag.py:348} ERROR - Failed to import: /opt/airflow/dags/weather_prediction_dag.py
Traceback (most recent call last):
  File "/home/airflow/.local/lib/python3.8/site-packages/airflow/models/dagbag.py", line 344, in parse
    loader.exec_module(new_module)
  File "<frozen importlib._bootstrap_external>", line 843, in exec_module
  File "<frozen importlib._bootstrap>", line 219, in _call_with_frames_removed
  File "/opt/airflow/dags/weather_prediction_dag.py", line 16, in <module>
    from src.data.extract import extract_weather_data
ModuleNotFoundError: No module named 'src'
[2025-12-04T16:25:49.320+0000] {processor.py:842} WARNING - No viable dags retrieved from /opt/airflow/dags/weather_prediction_dag.py
[2025-12-04T16:25:49.339+0000] {processor.py:183} INFO - Processing /opt/airflow/dags/weather_prediction_dag.py took 0.052 seconds
[2025-12-04T16:26:19.490+0000] {processor.py:161} INFO - Started process (PID=287) to work on /opt/airflow/dags/weather_prediction_dag.py
[2025-12-04T16:26:19.491+0000] {processor.py:830} INFO - Processing file /opt/airflow/dags/weather_prediction_dag.py for tasks to queue
[2025-12-04T16:26:19.492+0000] {logging_mixin.py:188} INFO - [2025-12-04T16:26:19.492+0000] {dagbag.py:538} INFO - Filling up the DagBag from /opt/airflow/dags/weather_prediction_dag.py
[2025-12-04T16:26:19.505+0000] {logging_mixin.py:188} INFO - [2025-12-04T16:26:19.502+0000] {dagbag.py:348} ERROR - Failed to import: /opt/airflow/dags/weather_prediction_dag.py
Traceback (most recent call last):
  File "/home/airflow/.local/lib/python3.8/site-packages/airflow/models/dagbag.py", line 344, in parse
    loader.exec_module(new_module)
  File "<frozen importlib._bootstrap_external>", line 843, in exec_module
  File "<frozen importlib._bootstrap>", line 219, in _call_with_frames_removed
  File "/opt/airflow/dags/weather_prediction_dag.py", line 16, in <module>
    from src.data.extract import extract_weather_data
ModuleNotFoundError: No module named 'src'
[2025-12-04T16:26:19.506+0000] {processor.py:842} WARNING - No viable dags retrieved from /opt/airflow/dags/weather_prediction_dag.py
[2025-12-04T16:26:19.521+0000] {processor.py:183} INFO - Processing /opt/airflow/dags/weather_prediction_dag.py took 0.033 seconds
[2025-12-04T16:26:21.528+0000] {processor.py:161} INFO - Started process (PID=292) to work on /opt/airflow/dags/weather_prediction_dag.py
[2025-12-04T16:26:21.529+0000] {processor.py:830} INFO - Processing file /opt/airflow/dags/weather_prediction_dag.py for tasks to queue
[2025-12-04T16:26:21.530+0000] {logging_mixin.py:188} INFO - [2025-12-04T16:26:21.530+0000] {dagbag.py:538} INFO - Filling up the DagBag from /opt/airflow/dags/weather_prediction_dag.py
[2025-12-04T16:26:21.612+0000] {processor.py:840} INFO - DAG(s) 'weather_prediction_pipeline' retrieved from /opt/airflow/dags/weather_prediction_dag.py
[2025-12-04T16:26:21.748+0000] {logging_mixin.py:188} INFO - [2025-12-04T16:26:21.748+0000] {override.py:1769} INFO - Created Permission View: can edit on DAG:weather_prediction_pipeline
[2025-12-04T16:26:21.756+0000] {logging_mixin.py:188} INFO - [2025-12-04T16:26:21.755+0000] {override.py:1769} INFO - Created Permission View: can read on DAG:weather_prediction_pipeline
[2025-12-04T16:26:21.761+0000] {logging_mixin.py:188} INFO - [2025-12-04T16:26:21.761+0000] {override.py:1769} INFO - Created Permission View: can delete on DAG:weather_prediction_pipeline
[2025-12-04T16:26:21.762+0000] {logging_mixin.py:188} INFO - [2025-12-04T16:26:21.761+0000] {dag.py:3036} INFO - Sync 1 DAGs
[2025-12-04T16:26:21.769+0000] {logging_mixin.py:188} INFO - [2025-12-04T16:26:21.769+0000] {dag.py:3058} INFO - Creating ORM DAG for weather_prediction_pipeline
[2025-12-04T16:26:21.780+0000] {logging_mixin.py:188} INFO - [2025-12-04T16:26:21.780+0000] {dag.py:3823} INFO - Setting next_dagrun for weather_prediction_pipeline to 2025-12-03 00:00:00+00:00, run_after=2025-12-04 00:00:00+00:00
[2025-12-04T16:26:21.798+0000] {processor.py:183} INFO - Processing /opt/airflow/dags/weather_prediction_dag.py took 0.273 seconds
[2025-12-04T16:26:51.969+0000] {processor.py:161} INFO - Started process (PID=311) to work on /opt/airflow/dags/weather_prediction_dag.py
[2025-12-04T16:26:51.970+0000] {processor.py:830} INFO - Processing file /opt/airflow/dags/weather_prediction_dag.py for tasks to queue
[2025-12-04T16:26:51.970+0000] {logging_mixin.py:188} INFO - [2025-12-04T16:26:51.970+0000] {dagbag.py:538} INFO - Filling up the DagBag from /opt/airflow/dags/weather_prediction_dag.py
[2025-12-04T16:26:52.032+0000] {processor.py:840} INFO - DAG(s) 'weather_prediction_pipeline' retrieved from /opt/airflow/dags/weather_prediction_dag.py
[2025-12-04T16:26:52.053+0000] {logging_mixin.py:188} INFO - [2025-12-04T16:26:52.052+0000] {dag.py:3036} INFO - Sync 1 DAGs
[2025-12-04T16:26:52.070+0000] {logging_mixin.py:188} INFO - [2025-12-04T16:26:52.070+0000] {dag.py:3823} INFO - Setting next_dagrun for weather_prediction_pipeline to 2025-12-04 00:00:00+00:00, run_after=2025-12-05 00:00:00+00:00
[2025-12-04T16:26:52.113+0000] {processor.py:183} INFO - Processing /opt/airflow/dags/weather_prediction_dag.py took 0.147 seconds
[2025-12-04T16:27:22.146+0000] {processor.py:161} INFO - Started process (PID=324) to work on /opt/airflow/dags/weather_prediction_dag.py
[2025-12-04T16:27:22.147+0000] {processor.py:830} INFO - Processing file /opt/airflow/dags/weather_prediction_dag.py for tasks to queue
[2025-12-04T16:27:22.148+0000] {logging_mixin.py:188} INFO - [2025-12-04T16:27:22.147+0000] {dagbag.py:538} INFO - Filling up the DagBag from /opt/airflow/dags/weather_prediction_dag.py
[2025-12-04T16:27:22.193+0000] {processor.py:840} INFO - DAG(s) 'weather_prediction_pipeline' retrieved from /opt/airflow/dags/weather_prediction_dag.py
[2025-12-04T16:27:22.215+0000] {logging_mixin.py:188} INFO - [2025-12-04T16:27:22.215+0000] {dag.py:3036} INFO - Sync 1 DAGs
[2025-12-04T16:27:22.239+0000] {logging_mixin.py:188} INFO - [2025-12-04T16:27:22.238+0000] {dag.py:3823} INFO - Setting next_dagrun for weather_prediction_pipeline to 2025-12-04 00:00:00+00:00, run_after=2025-12-05 00:00:00+00:00
[2025-12-04T16:27:22.261+0000] {processor.py:183} INFO - Processing /opt/airflow/dags/weather_prediction_dag.py took 0.118 seconds
[2025-12-04T16:27:41.265+0000] {processor.py:161} INFO - Started process (PID=329) to work on /opt/airflow/dags/weather_prediction_dag.py
[2025-12-04T16:27:41.266+0000] {processor.py:830} INFO - Processing file /opt/airflow/dags/weather_prediction_dag.py for tasks to queue
[2025-12-04T16:27:41.267+0000] {logging_mixin.py:188} INFO - [2025-12-04T16:27:41.267+0000] {dagbag.py:538} INFO - Filling up the DagBag from /opt/airflow/dags/weather_prediction_dag.py
[2025-12-04T16:27:41.327+0000] {processor.py:840} INFO - DAG(s) 'weather_prediction_pipeline' retrieved from /opt/airflow/dags/weather_prediction_dag.py
[2025-12-04T16:27:41.352+0000] {logging_mixin.py:188} INFO - [2025-12-04T16:27:41.351+0000] {dag.py:3036} INFO - Sync 1 DAGs
[2025-12-04T16:27:41.373+0000] {logging_mixin.py:188} INFO - [2025-12-04T16:27:41.373+0000] {dag.py:3823} INFO - Setting next_dagrun for weather_prediction_pipeline to 2025-12-04 00:00:00+00:00, run_after=2025-12-05 00:00:00+00:00
[2025-12-04T16:27:41.395+0000] {processor.py:183} INFO - Processing /opt/airflow/dags/weather_prediction_dag.py took 0.133 seconds
[2025-12-04T16:28:11.620+0000] {processor.py:161} INFO - Started process (PID=342) to work on /opt/airflow/dags/weather_prediction_dag.py
[2025-12-04T16:28:11.623+0000] {processor.py:830} INFO - Processing file /opt/airflow/dags/weather_prediction_dag.py for tasks to queue
[2025-12-04T16:28:11.624+0000] {logging_mixin.py:188} INFO - [2025-12-04T16:28:11.624+0000] {dagbag.py:538} INFO - Filling up the DagBag from /opt/airflow/dags/weather_prediction_dag.py
[2025-12-04T16:28:11.824+0000] {processor.py:840} INFO - DAG(s) 'weather_prediction_pipeline' retrieved from /opt/airflow/dags/weather_prediction_dag.py
[2025-12-04T16:28:11.847+0000] {logging_mixin.py:188} INFO - [2025-12-04T16:28:11.847+0000] {dag.py:3036} INFO - Sync 1 DAGs
[2025-12-04T16:28:11.866+0000] {logging_mixin.py:188} INFO - [2025-12-04T16:28:11.865+0000] {dag.py:3823} INFO - Setting next_dagrun for weather_prediction_pipeline to 2025-12-04 00:00:00+00:00, run_after=2025-12-05 00:00:00+00:00
[2025-12-04T16:28:11.885+0000] {processor.py:183} INFO - Processing /opt/airflow/dags/weather_prediction_dag.py took 0.268 seconds
[2025-12-04T16:28:42.109+0000] {processor.py:161} INFO - Started process (PID=355) to work on /opt/airflow/dags/weather_prediction_dag.py
[2025-12-04T16:28:42.110+0000] {processor.py:830} INFO - Processing file /opt/airflow/dags/weather_prediction_dag.py for tasks to queue
[2025-12-04T16:28:42.111+0000] {logging_mixin.py:188} INFO - [2025-12-04T16:28:42.111+0000] {dagbag.py:538} INFO - Filling up the DagBag from /opt/airflow/dags/weather_prediction_dag.py
[2025-12-04T16:28:42.164+0000] {processor.py:840} INFO - DAG(s) 'weather_prediction_pipeline' retrieved from /opt/airflow/dags/weather_prediction_dag.py
[2025-12-04T16:28:42.186+0000] {logging_mixin.py:188} INFO - [2025-12-04T16:28:42.186+0000] {dag.py:3036} INFO - Sync 1 DAGs
[2025-12-04T16:28:42.203+0000] {logging_mixin.py:188} INFO - [2025-12-04T16:28:42.202+0000] {dag.py:3823} INFO - Setting next_dagrun for weather_prediction_pipeline to 2025-12-04 00:00:00+00:00, run_after=2025-12-05 00:00:00+00:00
[2025-12-04T16:28:42.237+0000] {processor.py:183} INFO - Processing /opt/airflow/dags/weather_prediction_dag.py took 0.131 seconds
[2025-12-04T16:29:12.383+0000] {processor.py:161} INFO - Started process (PID=368) to work on /opt/airflow/dags/weather_prediction_dag.py
[2025-12-04T16:29:12.384+0000] {processor.py:830} INFO - Processing file /opt/airflow/dags/weather_prediction_dag.py for tasks to queue
[2025-12-04T16:29:12.385+0000] {logging_mixin.py:188} INFO - [2025-12-04T16:29:12.385+0000] {dagbag.py:538} INFO - Filling up the DagBag from /opt/airflow/dags/weather_prediction_dag.py
[2025-12-04T16:29:12.463+0000] {processor.py:840} INFO - DAG(s) 'weather_prediction_pipeline' retrieved from /opt/airflow/dags/weather_prediction_dag.py
[2025-12-04T16:29:12.485+0000] {logging_mixin.py:188} INFO - [2025-12-04T16:29:12.485+0000] {dag.py:3036} INFO - Sync 1 DAGs
[2025-12-04T16:29:12.505+0000] {logging_mixin.py:188} INFO - [2025-12-04T16:29:12.505+0000] {dag.py:3823} INFO - Setting next_dagrun for weather_prediction_pipeline to 2025-12-04 00:00:00+00:00, run_after=2025-12-05 00:00:00+00:00
[2025-12-04T16:29:12.524+0000] {processor.py:183} INFO - Processing /opt/airflow/dags/weather_prediction_dag.py took 0.144 seconds
[2025-12-04T16:29:42.766+0000] {processor.py:161} INFO - Started process (PID=384) to work on /opt/airflow/dags/weather_prediction_dag.py
[2025-12-04T16:29:42.769+0000] {processor.py:830} INFO - Processing file /opt/airflow/dags/weather_prediction_dag.py for tasks to queue
[2025-12-04T16:29:42.770+0000] {logging_mixin.py:188} INFO - [2025-12-04T16:29:42.770+0000] {dagbag.py:538} INFO - Filling up the DagBag from /opt/airflow/dags/weather_prediction_dag.py
[2025-12-04T16:29:42.812+0000] {processor.py:840} INFO - DAG(s) 'weather_prediction_pipeline' retrieved from /opt/airflow/dags/weather_prediction_dag.py
[2025-12-04T16:29:42.830+0000] {logging_mixin.py:188} INFO - [2025-12-04T16:29:42.830+0000] {dag.py:3036} INFO - Sync 1 DAGs
[2025-12-04T16:29:42.846+0000] {logging_mixin.py:188} INFO - [2025-12-04T16:29:42.846+0000] {dag.py:3823} INFO - Setting next_dagrun for weather_prediction_pipeline to 2025-12-04 00:00:00+00:00, run_after=2025-12-05 00:00:00+00:00
[2025-12-04T16:29:42.881+0000] {processor.py:183} INFO - Processing /opt/airflow/dags/weather_prediction_dag.py took 0.117 seconds
[2025-12-04T16:30:13.110+0000] {processor.py:161} INFO - Started process (PID=397) to work on /opt/airflow/dags/weather_prediction_dag.py
[2025-12-04T16:30:13.112+0000] {processor.py:830} INFO - Processing file /opt/airflow/dags/weather_prediction_dag.py for tasks to queue
[2025-12-04T16:30:13.113+0000] {logging_mixin.py:188} INFO - [2025-12-04T16:30:13.112+0000] {dagbag.py:538} INFO - Filling up the DagBag from /opt/airflow/dags/weather_prediction_dag.py
[2025-12-04T16:30:13.153+0000] {processor.py:840} INFO - DAG(s) 'weather_prediction_pipeline' retrieved from /opt/airflow/dags/weather_prediction_dag.py
[2025-12-04T16:30:13.172+0000] {logging_mixin.py:188} INFO - [2025-12-04T16:30:13.172+0000] {dag.py:3036} INFO - Sync 1 DAGs
[2025-12-04T16:30:13.195+0000] {logging_mixin.py:188} INFO - [2025-12-04T16:30:13.195+0000] {dag.py:3823} INFO - Setting next_dagrun for weather_prediction_pipeline to 2025-12-04 00:00:00+00:00, run_after=2025-12-05 00:00:00+00:00
[2025-12-04T16:30:13.213+0000] {processor.py:183} INFO - Processing /opt/airflow/dags/weather_prediction_dag.py took 0.106 seconds
[2025-12-04T16:30:43.393+0000] {processor.py:161} INFO - Started process (PID=410) to work on /opt/airflow/dags/weather_prediction_dag.py
[2025-12-04T16:30:43.456+0000] {processor.py:830} INFO - Processing file /opt/airflow/dags/weather_prediction_dag.py for tasks to queue
[2025-12-04T16:30:43.458+0000] {logging_mixin.py:188} INFO - [2025-12-04T16:30:43.457+0000] {dagbag.py:538} INFO - Filling up the DagBag from /opt/airflow/dags/weather_prediction_dag.py
[2025-12-04T16:30:43.501+0000] {processor.py:840} INFO - DAG(s) 'weather_prediction_pipeline' retrieved from /opt/airflow/dags/weather_prediction_dag.py
[2025-12-04T16:30:43.522+0000] {logging_mixin.py:188} INFO - [2025-12-04T16:30:43.522+0000] {dag.py:3036} INFO - Sync 1 DAGs
[2025-12-04T16:30:43.543+0000] {logging_mixin.py:188} INFO - [2025-12-04T16:30:43.543+0000] {dag.py:3823} INFO - Setting next_dagrun for weather_prediction_pipeline to 2025-12-04 00:00:00+00:00, run_after=2025-12-05 00:00:00+00:00
[2025-12-04T16:30:43.561+0000] {processor.py:183} INFO - Processing /opt/airflow/dags/weather_prediction_dag.py took 0.171 seconds
[2025-12-04T16:31:13.799+0000] {processor.py:161} INFO - Started process (PID=423) to work on /opt/airflow/dags/weather_prediction_dag.py
[2025-12-04T16:31:13.800+0000] {processor.py:830} INFO - Processing file /opt/airflow/dags/weather_prediction_dag.py for tasks to queue
[2025-12-04T16:31:13.801+0000] {logging_mixin.py:188} INFO - [2025-12-04T16:31:13.801+0000] {dagbag.py:538} INFO - Filling up the DagBag from /opt/airflow/dags/weather_prediction_dag.py
[2025-12-04T16:31:13.851+0000] {processor.py:840} INFO - DAG(s) 'weather_prediction_pipeline' retrieved from /opt/airflow/dags/weather_prediction_dag.py
[2025-12-04T16:31:13.878+0000] {logging_mixin.py:188} INFO - [2025-12-04T16:31:13.878+0000] {dag.py:3036} INFO - Sync 1 DAGs
[2025-12-04T16:31:13.901+0000] {logging_mixin.py:188} INFO - [2025-12-04T16:31:13.900+0000] {dag.py:3823} INFO - Setting next_dagrun for weather_prediction_pipeline to 2025-12-04 00:00:00+00:00, run_after=2025-12-05 00:00:00+00:00
[2025-12-04T16:31:13.918+0000] {processor.py:183} INFO - Processing /opt/airflow/dags/weather_prediction_dag.py took 0.122 seconds
[2025-12-04T16:31:44.464+0000] {processor.py:161} INFO - Started process (PID=436) to work on /opt/airflow/dags/weather_prediction_dag.py
[2025-12-04T16:31:44.465+0000] {processor.py:830} INFO - Processing file /opt/airflow/dags/weather_prediction_dag.py for tasks to queue
[2025-12-04T16:31:44.466+0000] {logging_mixin.py:188} INFO - [2025-12-04T16:31:44.466+0000] {dagbag.py:538} INFO - Filling up the DagBag from /opt/airflow/dags/weather_prediction_dag.py
[2025-12-04T16:31:44.503+0000] {processor.py:840} INFO - DAG(s) 'weather_prediction_pipeline' retrieved from /opt/airflow/dags/weather_prediction_dag.py
[2025-12-04T16:31:44.523+0000] {logging_mixin.py:188} INFO - [2025-12-04T16:31:44.523+0000] {dag.py:3036} INFO - Sync 1 DAGs
[2025-12-04T16:31:44.540+0000] {logging_mixin.py:188} INFO - [2025-12-04T16:31:44.540+0000] {dag.py:3823} INFO - Setting next_dagrun for weather_prediction_pipeline to 2025-12-04 00:00:00+00:00, run_after=2025-12-05 00:00:00+00:00
[2025-12-04T16:31:44.558+0000] {processor.py:183} INFO - Processing /opt/airflow/dags/weather_prediction_dag.py took 0.096 seconds
[2025-12-04T16:32:15.040+0000] {processor.py:161} INFO - Started process (PID=455) to work on /opt/airflow/dags/weather_prediction_dag.py
[2025-12-04T16:32:15.041+0000] {processor.py:830} INFO - Processing file /opt/airflow/dags/weather_prediction_dag.py for tasks to queue
[2025-12-04T16:32:15.042+0000] {logging_mixin.py:188} INFO - [2025-12-04T16:32:15.042+0000] {dagbag.py:538} INFO - Filling up the DagBag from /opt/airflow/dags/weather_prediction_dag.py
[2025-12-04T16:32:15.217+0000] {processor.py:840} INFO - DAG(s) 'weather_prediction_pipeline' retrieved from /opt/airflow/dags/weather_prediction_dag.py
[2025-12-04T16:32:15.247+0000] {logging_mixin.py:188} INFO - [2025-12-04T16:32:15.246+0000] {dag.py:3036} INFO - Sync 1 DAGs
[2025-12-04T16:32:15.262+0000] {logging_mixin.py:188} INFO - [2025-12-04T16:32:15.262+0000] {dag.py:3823} INFO - Setting next_dagrun for weather_prediction_pipeline to 2025-12-04 00:00:00+00:00, run_after=2025-12-05 00:00:00+00:00
[2025-12-04T16:32:15.280+0000] {processor.py:183} INFO - Processing /opt/airflow/dags/weather_prediction_dag.py took 0.242 seconds
[2025-12-04T16:32:45.531+0000] {processor.py:161} INFO - Started process (PID=468) to work on /opt/airflow/dags/weather_prediction_dag.py
[2025-12-04T16:32:45.535+0000] {processor.py:830} INFO - Processing file /opt/airflow/dags/weather_prediction_dag.py for tasks to queue
[2025-12-04T16:32:45.536+0000] {logging_mixin.py:188} INFO - [2025-12-04T16:32:45.536+0000] {dagbag.py:538} INFO - Filling up the DagBag from /opt/airflow/dags/weather_prediction_dag.py
[2025-12-04T16:32:45.626+0000] {processor.py:840} INFO - DAG(s) 'weather_prediction_pipeline' retrieved from /opt/airflow/dags/weather_prediction_dag.py
[2025-12-04T16:32:45.647+0000] {logging_mixin.py:188} INFO - [2025-12-04T16:32:45.647+0000] {dag.py:3036} INFO - Sync 1 DAGs
[2025-12-04T16:32:45.665+0000] {logging_mixin.py:188} INFO - [2025-12-04T16:32:45.665+0000] {dag.py:3823} INFO - Setting next_dagrun for weather_prediction_pipeline to 2025-12-04 00:00:00+00:00, run_after=2025-12-05 00:00:00+00:00
[2025-12-04T16:32:45.687+0000] {processor.py:183} INFO - Processing /opt/airflow/dags/weather_prediction_dag.py took 0.159 seconds
[2025-12-04T16:33:15.886+0000] {processor.py:161} INFO - Started process (PID=481) to work on /opt/airflow/dags/weather_prediction_dag.py
[2025-12-04T16:33:15.887+0000] {processor.py:830} INFO - Processing file /opt/airflow/dags/weather_prediction_dag.py for tasks to queue
[2025-12-04T16:33:15.888+0000] {logging_mixin.py:188} INFO - [2025-12-04T16:33:15.888+0000] {dagbag.py:538} INFO - Filling up the DagBag from /opt/airflow/dags/weather_prediction_dag.py
[2025-12-04T16:33:15.926+0000] {processor.py:840} INFO - DAG(s) 'weather_prediction_pipeline' retrieved from /opt/airflow/dags/weather_prediction_dag.py
[2025-12-04T16:33:15.945+0000] {logging_mixin.py:188} INFO - [2025-12-04T16:33:15.945+0000] {dag.py:3036} INFO - Sync 1 DAGs
[2025-12-04T16:33:15.962+0000] {logging_mixin.py:188} INFO - [2025-12-04T16:33:15.962+0000] {dag.py:3823} INFO - Setting next_dagrun for weather_prediction_pipeline to 2025-12-04 00:00:00+00:00, run_after=2025-12-05 00:00:00+00:00
[2025-12-04T16:33:15.977+0000] {processor.py:183} INFO - Processing /opt/airflow/dags/weather_prediction_dag.py took 0.094 seconds
[2025-12-04T16:33:46.328+0000] {processor.py:161} INFO - Started process (PID=494) to work on /opt/airflow/dags/weather_prediction_dag.py
[2025-12-04T16:33:46.329+0000] {processor.py:830} INFO - Processing file /opt/airflow/dags/weather_prediction_dag.py for tasks to queue
[2025-12-04T16:33:46.330+0000] {logging_mixin.py:188} INFO - [2025-12-04T16:33:46.330+0000] {dagbag.py:538} INFO - Filling up the DagBag from /opt/airflow/dags/weather_prediction_dag.py
[2025-12-04T16:33:46.370+0000] {processor.py:840} INFO - DAG(s) 'weather_prediction_pipeline' retrieved from /opt/airflow/dags/weather_prediction_dag.py
[2025-12-04T16:33:46.399+0000] {logging_mixin.py:188} INFO - [2025-12-04T16:33:46.398+0000] {dag.py:3036} INFO - Sync 1 DAGs
[2025-12-04T16:33:46.415+0000] {logging_mixin.py:188} INFO - [2025-12-04T16:33:46.415+0000] {dag.py:3823} INFO - Setting next_dagrun for weather_prediction_pipeline to 2025-12-04 00:00:00+00:00, run_after=2025-12-05 00:00:00+00:00
[2025-12-04T16:33:46.434+0000] {processor.py:183} INFO - Processing /opt/airflow/dags/weather_prediction_dag.py took 0.108 seconds
[2025-12-04T16:34:16.560+0000] {processor.py:161} INFO - Started process (PID=507) to work on /opt/airflow/dags/weather_prediction_dag.py
[2025-12-04T16:34:16.562+0000] {processor.py:830} INFO - Processing file /opt/airflow/dags/weather_prediction_dag.py for tasks to queue
[2025-12-04T16:34:16.563+0000] {logging_mixin.py:188} INFO - [2025-12-04T16:34:16.562+0000] {dagbag.py:538} INFO - Filling up the DagBag from /opt/airflow/dags/weather_prediction_dag.py
[2025-12-04T16:34:16.606+0000] {processor.py:840} INFO - DAG(s) 'weather_prediction_pipeline' retrieved from /opt/airflow/dags/weather_prediction_dag.py
[2025-12-04T16:34:16.627+0000] {logging_mixin.py:188} INFO - [2025-12-04T16:34:16.627+0000] {dag.py:3036} INFO - Sync 1 DAGs
[2025-12-04T16:34:16.645+0000] {logging_mixin.py:188} INFO - [2025-12-04T16:34:16.645+0000] {dag.py:3823} INFO - Setting next_dagrun for weather_prediction_pipeline to 2025-12-04 00:00:00+00:00, run_after=2025-12-05 00:00:00+00:00
[2025-12-04T16:34:16.690+0000] {processor.py:183} INFO - Processing /opt/airflow/dags/weather_prediction_dag.py took 0.132 seconds
[2025-12-04T16:34:46.746+0000] {processor.py:161} INFO - Started process (PID=523) to work on /opt/airflow/dags/weather_prediction_dag.py
[2025-12-04T16:34:46.747+0000] {processor.py:830} INFO - Processing file /opt/airflow/dags/weather_prediction_dag.py for tasks to queue
[2025-12-04T16:34:46.748+0000] {logging_mixin.py:188} INFO - [2025-12-04T16:34:46.748+0000] {dagbag.py:538} INFO - Filling up the DagBag from /opt/airflow/dags/weather_prediction_dag.py
[2025-12-04T16:34:46.805+0000] {processor.py:840} INFO - DAG(s) 'weather_prediction_pipeline' retrieved from /opt/airflow/dags/weather_prediction_dag.py
[2025-12-04T16:34:46.832+0000] {logging_mixin.py:188} INFO - [2025-12-04T16:34:46.831+0000] {dag.py:3036} INFO - Sync 1 DAGs
[2025-12-04T16:34:46.859+0000] {logging_mixin.py:188} INFO - [2025-12-04T16:34:46.859+0000] {dag.py:3823} INFO - Setting next_dagrun for weather_prediction_pipeline to 2025-12-04 00:00:00+00:00, run_after=2025-12-05 00:00:00+00:00
[2025-12-04T16:34:46.887+0000] {processor.py:183} INFO - Processing /opt/airflow/dags/weather_prediction_dag.py took 0.144 seconds
[2025-12-04T16:35:17.112+0000] {processor.py:161} INFO - Started process (PID=536) to work on /opt/airflow/dags/weather_prediction_dag.py
[2025-12-04T16:35:17.114+0000] {processor.py:830} INFO - Processing file /opt/airflow/dags/weather_prediction_dag.py for tasks to queue
[2025-12-04T16:35:17.115+0000] {logging_mixin.py:188} INFO - [2025-12-04T16:35:17.115+0000] {dagbag.py:538} INFO - Filling up the DagBag from /opt/airflow/dags/weather_prediction_dag.py
[2025-12-04T16:35:17.171+0000] {processor.py:840} INFO - DAG(s) 'weather_prediction_pipeline' retrieved from /opt/airflow/dags/weather_prediction_dag.py
[2025-12-04T16:35:17.198+0000] {logging_mixin.py:188} INFO - [2025-12-04T16:35:17.197+0000] {dag.py:3036} INFO - Sync 1 DAGs
[2025-12-04T16:35:17.221+0000] {logging_mixin.py:188} INFO - [2025-12-04T16:35:17.221+0000] {dag.py:3823} INFO - Setting next_dagrun for weather_prediction_pipeline to 2025-12-04 00:00:00+00:00, run_after=2025-12-05 00:00:00+00:00
[2025-12-04T16:35:17.242+0000] {processor.py:183} INFO - Processing /opt/airflow/dags/weather_prediction_dag.py took 0.134 seconds
[2025-12-04T16:35:47.353+0000] {processor.py:161} INFO - Started process (PID=541) to work on /opt/airflow/dags/weather_prediction_dag.py
[2025-12-04T16:35:47.354+0000] {processor.py:830} INFO - Processing file /opt/airflow/dags/weather_prediction_dag.py for tasks to queue
[2025-12-04T16:35:47.354+0000] {logging_mixin.py:188} INFO - [2025-12-04T16:35:47.354+0000] {dagbag.py:538} INFO - Filling up the DagBag from /opt/airflow/dags/weather_prediction_dag.py
[2025-12-04T16:35:47.385+0000] {processor.py:840} INFO - DAG(s) 'weather_prediction_pipeline' retrieved from /opt/airflow/dags/weather_prediction_dag.py
[2025-12-04T16:35:47.405+0000] {logging_mixin.py:188} INFO - [2025-12-04T16:35:47.405+0000] {dag.py:3036} INFO - Sync 1 DAGs
[2025-12-04T16:35:47.422+0000] {logging_mixin.py:188} INFO - [2025-12-04T16:35:47.422+0000] {dag.py:3823} INFO - Setting next_dagrun for weather_prediction_pipeline to 2025-12-04 00:00:00+00:00, run_after=2025-12-05 00:00:00+00:00
[2025-12-04T16:35:47.438+0000] {processor.py:183} INFO - Processing /opt/airflow/dags/weather_prediction_dag.py took 0.088 seconds
[2025-12-04T16:36:17.666+0000] {processor.py:161} INFO - Started process (PID=554) to work on /opt/airflow/dags/weather_prediction_dag.py
[2025-12-04T16:36:17.667+0000] {processor.py:830} INFO - Processing file /opt/airflow/dags/weather_prediction_dag.py for tasks to queue
[2025-12-04T16:36:17.668+0000] {logging_mixin.py:188} INFO - [2025-12-04T16:36:17.668+0000] {dagbag.py:538} INFO - Filling up the DagBag from /opt/airflow/dags/weather_prediction_dag.py
[2025-12-04T16:36:17.718+0000] {processor.py:840} INFO - DAG(s) 'weather_prediction_pipeline' retrieved from /opt/airflow/dags/weather_prediction_dag.py
[2025-12-04T16:36:17.750+0000] {logging_mixin.py:188} INFO - [2025-12-04T16:36:17.749+0000] {dag.py:3036} INFO - Sync 1 DAGs
[2025-12-04T16:36:17.773+0000] {logging_mixin.py:188} INFO - [2025-12-04T16:36:17.773+0000] {dag.py:3823} INFO - Setting next_dagrun for weather_prediction_pipeline to 2025-12-04 00:00:00+00:00, run_after=2025-12-05 00:00:00+00:00
[2025-12-04T16:36:17.794+0000] {processor.py:183} INFO - Processing /opt/airflow/dags/weather_prediction_dag.py took 0.131 seconds
[2025-12-04T16:36:47.833+0000] {processor.py:161} INFO - Started process (PID=567) to work on /opt/airflow/dags/weather_prediction_dag.py
[2025-12-04T16:36:47.834+0000] {processor.py:830} INFO - Processing file /opt/airflow/dags/weather_prediction_dag.py for tasks to queue
[2025-12-04T16:36:47.835+0000] {logging_mixin.py:188} INFO - [2025-12-04T16:36:47.835+0000] {dagbag.py:538} INFO - Filling up the DagBag from /opt/airflow/dags/weather_prediction_dag.py
[2025-12-04T16:36:47.909+0000] {processor.py:840} INFO - DAG(s) 'weather_prediction_pipeline' retrieved from /opt/airflow/dags/weather_prediction_dag.py
[2025-12-04T16:36:47.932+0000] {logging_mixin.py:188} INFO - [2025-12-04T16:36:47.932+0000] {dag.py:3036} INFO - Sync 1 DAGs
[2025-12-04T16:36:47.949+0000] {logging_mixin.py:188} INFO - [2025-12-04T16:36:47.949+0000] {dag.py:3823} INFO - Setting next_dagrun for weather_prediction_pipeline to 2025-12-04 00:00:00+00:00, run_after=2025-12-05 00:00:00+00:00
[2025-12-04T16:36:47.971+0000] {processor.py:183} INFO - Processing /opt/airflow/dags/weather_prediction_dag.py took 0.141 seconds
[2025-12-04T16:37:18.160+0000] {processor.py:161} INFO - Started process (PID=580) to work on /opt/airflow/dags/weather_prediction_dag.py
[2025-12-04T16:37:18.161+0000] {processor.py:830} INFO - Processing file /opt/airflow/dags/weather_prediction_dag.py for tasks to queue
[2025-12-04T16:37:18.162+0000] {logging_mixin.py:188} INFO - [2025-12-04T16:37:18.161+0000] {dagbag.py:538} INFO - Filling up the DagBag from /opt/airflow/dags/weather_prediction_dag.py
[2025-12-04T16:37:18.208+0000] {processor.py:840} INFO - DAG(s) 'weather_prediction_pipeline' retrieved from /opt/airflow/dags/weather_prediction_dag.py
[2025-12-04T16:37:18.231+0000] {logging_mixin.py:188} INFO - [2025-12-04T16:37:18.230+0000] {dag.py:3036} INFO - Sync 1 DAGs
[2025-12-04T16:37:18.251+0000] {logging_mixin.py:188} INFO - [2025-12-04T16:37:18.250+0000] {dag.py:3823} INFO - Setting next_dagrun for weather_prediction_pipeline to 2025-12-04 00:00:00+00:00, run_after=2025-12-05 00:00:00+00:00
[2025-12-04T16:37:18.272+0000] {processor.py:183} INFO - Processing /opt/airflow/dags/weather_prediction_dag.py took 0.115 seconds
[2025-12-04T16:37:48.347+0000] {processor.py:161} INFO - Started process (PID=593) to work on /opt/airflow/dags/weather_prediction_dag.py
[2025-12-04T16:37:48.350+0000] {processor.py:830} INFO - Processing file /opt/airflow/dags/weather_prediction_dag.py for tasks to queue
[2025-12-04T16:37:48.353+0000] {logging_mixin.py:188} INFO - [2025-12-04T16:37:48.352+0000] {dagbag.py:538} INFO - Filling up the DagBag from /opt/airflow/dags/weather_prediction_dag.py
[2025-12-04T16:37:48.427+0000] {processor.py:840} INFO - DAG(s) 'weather_prediction_pipeline' retrieved from /opt/airflow/dags/weather_prediction_dag.py
[2025-12-04T16:37:48.448+0000] {logging_mixin.py:188} INFO - [2025-12-04T16:37:48.448+0000] {dag.py:3036} INFO - Sync 1 DAGs
[2025-12-04T16:37:48.468+0000] {logging_mixin.py:188} INFO - [2025-12-04T16:37:48.468+0000] {dag.py:3823} INFO - Setting next_dagrun for weather_prediction_pipeline to 2025-12-04 00:00:00+00:00, run_after=2025-12-05 00:00:00+00:00
[2025-12-04T16:37:48.488+0000] {processor.py:183} INFO - Processing /opt/airflow/dags/weather_prediction_dag.py took 0.144 seconds
[2025-12-04T16:38:18.579+0000] {processor.py:161} INFO - Started process (PID=606) to work on /opt/airflow/dags/weather_prediction_dag.py
[2025-12-04T16:38:18.580+0000] {processor.py:830} INFO - Processing file /opt/airflow/dags/weather_prediction_dag.py for tasks to queue
[2025-12-04T16:38:18.580+0000] {logging_mixin.py:188} INFO - [2025-12-04T16:38:18.580+0000] {dagbag.py:538} INFO - Filling up the DagBag from /opt/airflow/dags/weather_prediction_dag.py
[2025-12-04T16:38:18.611+0000] {processor.py:840} INFO - DAG(s) 'weather_prediction_pipeline' retrieved from /opt/airflow/dags/weather_prediction_dag.py
[2025-12-04T16:38:18.630+0000] {logging_mixin.py:188} INFO - [2025-12-04T16:38:18.630+0000] {dag.py:3036} INFO - Sync 1 DAGs
[2025-12-04T16:38:18.646+0000] {logging_mixin.py:188} INFO - [2025-12-04T16:38:18.645+0000] {dag.py:3823} INFO - Setting next_dagrun for weather_prediction_pipeline to 2025-12-04 00:00:00+00:00, run_after=2025-12-05 00:00:00+00:00
[2025-12-04T16:38:18.662+0000] {processor.py:183} INFO - Processing /opt/airflow/dags/weather_prediction_dag.py took 0.086 seconds
[2025-12-04T16:38:48.819+0000] {processor.py:161} INFO - Started process (PID=619) to work on /opt/airflow/dags/weather_prediction_dag.py
[2025-12-04T16:38:48.820+0000] {processor.py:830} INFO - Processing file /opt/airflow/dags/weather_prediction_dag.py for tasks to queue
[2025-12-04T16:38:48.821+0000] {logging_mixin.py:188} INFO - [2025-12-04T16:38:48.821+0000] {dagbag.py:538} INFO - Filling up the DagBag from /opt/airflow/dags/weather_prediction_dag.py
[2025-12-04T16:38:48.863+0000] {processor.py:840} INFO - DAG(s) 'weather_prediction_pipeline' retrieved from /opt/airflow/dags/weather_prediction_dag.py
[2025-12-04T16:38:48.883+0000] {logging_mixin.py:188} INFO - [2025-12-04T16:38:48.882+0000] {dag.py:3036} INFO - Sync 1 DAGs
[2025-12-04T16:38:48.901+0000] {logging_mixin.py:188} INFO - [2025-12-04T16:38:48.901+0000] {dag.py:3823} INFO - Setting next_dagrun for weather_prediction_pipeline to 2025-12-04 00:00:00+00:00, run_after=2025-12-05 00:00:00+00:00
[2025-12-04T16:38:48.923+0000] {processor.py:183} INFO - Processing /opt/airflow/dags/weather_prediction_dag.py took 0.106 seconds
[2025-12-04T16:39:19.006+0000] {processor.py:161} INFO - Started process (PID=632) to work on /opt/airflow/dags/weather_prediction_dag.py
[2025-12-04T16:39:19.008+0000] {processor.py:830} INFO - Processing file /opt/airflow/dags/weather_prediction_dag.py for tasks to queue
[2025-12-04T16:39:19.010+0000] {logging_mixin.py:188} INFO - [2025-12-04T16:39:19.010+0000] {dagbag.py:538} INFO - Filling up the DagBag from /opt/airflow/dags/weather_prediction_dag.py
[2025-12-04T16:39:19.088+0000] {processor.py:840} INFO - DAG(s) 'weather_prediction_pipeline' retrieved from /opt/airflow/dags/weather_prediction_dag.py
[2025-12-04T16:39:19.116+0000] {logging_mixin.py:188} INFO - [2025-12-04T16:39:19.116+0000] {dag.py:3036} INFO - Sync 1 DAGs
[2025-12-04T16:39:19.138+0000] {logging_mixin.py:188} INFO - [2025-12-04T16:39:19.138+0000] {dag.py:3823} INFO - Setting next_dagrun for weather_prediction_pipeline to 2025-12-04 00:00:00+00:00, run_after=2025-12-05 00:00:00+00:00
[2025-12-04T16:39:19.158+0000] {processor.py:183} INFO - Processing /opt/airflow/dags/weather_prediction_dag.py took 0.155 seconds
[2025-12-04T16:39:49.274+0000] {processor.py:161} INFO - Started process (PID=646) to work on /opt/airflow/dags/weather_prediction_dag.py
[2025-12-04T16:39:49.276+0000] {processor.py:830} INFO - Processing file /opt/airflow/dags/weather_prediction_dag.py for tasks to queue
[2025-12-04T16:39:49.276+0000] {logging_mixin.py:188} INFO - [2025-12-04T16:39:49.276+0000] {dagbag.py:538} INFO - Filling up the DagBag from /opt/airflow/dags/weather_prediction_dag.py
[2025-12-04T16:39:49.325+0000] {processor.py:840} INFO - DAG(s) 'weather_prediction_pipeline' retrieved from /opt/airflow/dags/weather_prediction_dag.py
[2025-12-04T16:39:49.348+0000] {logging_mixin.py:188} INFO - [2025-12-04T16:39:49.347+0000] {dag.py:3036} INFO - Sync 1 DAGs
[2025-12-04T16:39:49.367+0000] {logging_mixin.py:188} INFO - [2025-12-04T16:39:49.366+0000] {dag.py:3823} INFO - Setting next_dagrun for weather_prediction_pipeline to 2025-12-04 00:00:00+00:00, run_after=2025-12-05 00:00:00+00:00
[2025-12-04T16:39:49.389+0000] {processor.py:183} INFO - Processing /opt/airflow/dags/weather_prediction_dag.py took 0.118 seconds
[2025-12-04T16:40:19.491+0000] {processor.py:161} INFO - Started process (PID=659) to work on /opt/airflow/dags/weather_prediction_dag.py
[2025-12-04T16:40:19.492+0000] {processor.py:830} INFO - Processing file /opt/airflow/dags/weather_prediction_dag.py for tasks to queue
[2025-12-04T16:40:19.493+0000] {logging_mixin.py:188} INFO - [2025-12-04T16:40:19.493+0000] {dagbag.py:538} INFO - Filling up the DagBag from /opt/airflow/dags/weather_prediction_dag.py
[2025-12-04T16:40:19.531+0000] {processor.py:840} INFO - DAG(s) 'weather_prediction_pipeline' retrieved from /opt/airflow/dags/weather_prediction_dag.py
[2025-12-04T16:40:19.550+0000] {logging_mixin.py:188} INFO - [2025-12-04T16:40:19.550+0000] {dag.py:3036} INFO - Sync 1 DAGs
[2025-12-04T16:40:19.567+0000] {logging_mixin.py:188} INFO - [2025-12-04T16:40:19.567+0000] {dag.py:3823} INFO - Setting next_dagrun for weather_prediction_pipeline to 2025-12-04 00:00:00+00:00, run_after=2025-12-05 00:00:00+00:00
[2025-12-04T16:40:19.589+0000] {processor.py:183} INFO - Processing /opt/airflow/dags/weather_prediction_dag.py took 0.100 seconds
[2025-12-04T16:40:49.771+0000] {processor.py:161} INFO - Started process (PID=672) to work on /opt/airflow/dags/weather_prediction_dag.py
[2025-12-04T16:40:49.772+0000] {processor.py:830} INFO - Processing file /opt/airflow/dags/weather_prediction_dag.py for tasks to queue
[2025-12-04T16:40:49.773+0000] {logging_mixin.py:188} INFO - [2025-12-04T16:40:49.773+0000] {dagbag.py:538} INFO - Filling up the DagBag from /opt/airflow/dags/weather_prediction_dag.py
[2025-12-04T16:40:49.836+0000] {processor.py:840} INFO - DAG(s) 'weather_prediction_pipeline' retrieved from /opt/airflow/dags/weather_prediction_dag.py
[2025-12-04T16:40:49.855+0000] {logging_mixin.py:188} INFO - [2025-12-04T16:40:49.855+0000] {dag.py:3036} INFO - Sync 1 DAGs
[2025-12-04T16:40:49.876+0000] {logging_mixin.py:188} INFO - [2025-12-04T16:40:49.875+0000] {dag.py:3823} INFO - Setting next_dagrun for weather_prediction_pipeline to 2025-12-04 00:00:00+00:00, run_after=2025-12-05 00:00:00+00:00
[2025-12-04T16:40:49.894+0000] {processor.py:183} INFO - Processing /opt/airflow/dags/weather_prediction_dag.py took 0.126 seconds
[2025-12-04T16:41:19.995+0000] {processor.py:161} INFO - Started process (PID=685) to work on /opt/airflow/dags/weather_prediction_dag.py
[2025-12-04T16:41:19.996+0000] {processor.py:830} INFO - Processing file /opt/airflow/dags/weather_prediction_dag.py for tasks to queue
[2025-12-04T16:41:19.997+0000] {logging_mixin.py:188} INFO - [2025-12-04T16:41:19.997+0000] {dagbag.py:538} INFO - Filling up the DagBag from /opt/airflow/dags/weather_prediction_dag.py
[2025-12-04T16:41:20.041+0000] {processor.py:840} INFO - DAG(s) 'weather_prediction_pipeline' retrieved from /opt/airflow/dags/weather_prediction_dag.py
[2025-12-04T16:41:20.061+0000] {logging_mixin.py:188} INFO - [2025-12-04T16:41:20.060+0000] {dag.py:3036} INFO - Sync 1 DAGs
[2025-12-04T16:41:20.079+0000] {logging_mixin.py:188} INFO - [2025-12-04T16:41:20.079+0000] {dag.py:3823} INFO - Setting next_dagrun for weather_prediction_pipeline to 2025-12-04 00:00:00+00:00, run_after=2025-12-05 00:00:00+00:00
[2025-12-04T16:41:20.101+0000] {processor.py:183} INFO - Processing /opt/airflow/dags/weather_prediction_dag.py took 0.109 seconds
[2025-12-04T16:41:50.256+0000] {processor.py:161} INFO - Started process (PID=698) to work on /opt/airflow/dags/weather_prediction_dag.py
[2025-12-04T16:41:50.257+0000] {processor.py:830} INFO - Processing file /opt/airflow/dags/weather_prediction_dag.py for tasks to queue
[2025-12-04T16:41:50.258+0000] {logging_mixin.py:188} INFO - [2025-12-04T16:41:50.258+0000] {dagbag.py:538} INFO - Filling up the DagBag from /opt/airflow/dags/weather_prediction_dag.py
[2025-12-04T16:41:50.299+0000] {processor.py:840} INFO - DAG(s) 'weather_prediction_pipeline' retrieved from /opt/airflow/dags/weather_prediction_dag.py
[2025-12-04T16:41:50.319+0000] {logging_mixin.py:188} INFO - [2025-12-04T16:41:50.319+0000] {dag.py:3036} INFO - Sync 1 DAGs
[2025-12-04T16:41:50.339+0000] {logging_mixin.py:188} INFO - [2025-12-04T16:41:50.338+0000] {dag.py:3823} INFO - Setting next_dagrun for weather_prediction_pipeline to 2025-12-04 00:00:00+00:00, run_after=2025-12-05 00:00:00+00:00
[2025-12-04T16:41:50.356+0000] {processor.py:183} INFO - Processing /opt/airflow/dags/weather_prediction_dag.py took 0.103 seconds
[2025-12-04T16:42:20.512+0000] {processor.py:161} INFO - Started process (PID=711) to work on /opt/airflow/dags/weather_prediction_dag.py
[2025-12-04T16:42:20.513+0000] {processor.py:830} INFO - Processing file /opt/airflow/dags/weather_prediction_dag.py for tasks to queue
[2025-12-04T16:42:20.514+0000] {logging_mixin.py:188} INFO - [2025-12-04T16:42:20.514+0000] {dagbag.py:538} INFO - Filling up the DagBag from /opt/airflow/dags/weather_prediction_dag.py
[2025-12-04T16:42:20.564+0000] {processor.py:840} INFO - DAG(s) 'weather_prediction_pipeline' retrieved from /opt/airflow/dags/weather_prediction_dag.py
[2025-12-04T16:42:20.584+0000] {logging_mixin.py:188} INFO - [2025-12-04T16:42:20.584+0000] {dag.py:3036} INFO - Sync 1 DAGs
[2025-12-04T16:42:20.606+0000] {logging_mixin.py:188} INFO - [2025-12-04T16:42:20.606+0000] {dag.py:3823} INFO - Setting next_dagrun for weather_prediction_pipeline to 2025-12-04 00:00:00+00:00, run_after=2025-12-05 00:00:00+00:00
[2025-12-04T16:42:20.633+0000] {processor.py:183} INFO - Processing /opt/airflow/dags/weather_prediction_dag.py took 0.124 seconds
[2025-12-04T16:42:50.759+0000] {processor.py:161} INFO - Started process (PID=724) to work on /opt/airflow/dags/weather_prediction_dag.py
[2025-12-04T16:42:50.761+0000] {processor.py:830} INFO - Processing file /opt/airflow/dags/weather_prediction_dag.py for tasks to queue
[2025-12-04T16:42:50.762+0000] {logging_mixin.py:188} INFO - [2025-12-04T16:42:50.762+0000] {dagbag.py:538} INFO - Filling up the DagBag from /opt/airflow/dags/weather_prediction_dag.py
[2025-12-04T16:42:50.814+0000] {processor.py:840} INFO - DAG(s) 'weather_prediction_pipeline' retrieved from /opt/airflow/dags/weather_prediction_dag.py
[2025-12-04T16:42:50.835+0000] {logging_mixin.py:188} INFO - [2025-12-04T16:42:50.835+0000] {dag.py:3036} INFO - Sync 1 DAGs
[2025-12-04T16:42:50.852+0000] {logging_mixin.py:188} INFO - [2025-12-04T16:42:50.852+0000] {dag.py:3823} INFO - Setting next_dagrun for weather_prediction_pipeline to 2025-12-04 00:00:00+00:00, run_after=2025-12-05 00:00:00+00:00
[2025-12-04T16:42:50.868+0000] {processor.py:183} INFO - Processing /opt/airflow/dags/weather_prediction_dag.py took 0.112 seconds
[2025-12-04T16:43:21.079+0000] {processor.py:161} INFO - Started process (PID=737) to work on /opt/airflow/dags/weather_prediction_dag.py
[2025-12-04T16:43:21.080+0000] {processor.py:830} INFO - Processing file /opt/airflow/dags/weather_prediction_dag.py for tasks to queue
[2025-12-04T16:43:21.081+0000] {logging_mixin.py:188} INFO - [2025-12-04T16:43:21.081+0000] {dagbag.py:538} INFO - Filling up the DagBag from /opt/airflow/dags/weather_prediction_dag.py
[2025-12-04T16:43:21.223+0000] {processor.py:840} INFO - DAG(s) 'weather_prediction_pipeline' retrieved from /opt/airflow/dags/weather_prediction_dag.py
[2025-12-04T16:43:21.242+0000] {logging_mixin.py:188} INFO - [2025-12-04T16:43:21.242+0000] {dag.py:3036} INFO - Sync 1 DAGs
[2025-12-04T16:43:21.258+0000] {logging_mixin.py:188} INFO - [2025-12-04T16:43:21.258+0000] {dag.py:3823} INFO - Setting next_dagrun for weather_prediction_pipeline to 2025-12-04 00:00:00+00:00, run_after=2025-12-05 00:00:00+00:00
[2025-12-04T16:43:21.278+0000] {processor.py:183} INFO - Processing /opt/airflow/dags/weather_prediction_dag.py took 0.202 seconds
[2025-12-04T16:43:51.474+0000] {processor.py:161} INFO - Started process (PID=750) to work on /opt/airflow/dags/weather_prediction_dag.py
[2025-12-04T16:43:51.474+0000] {processor.py:830} INFO - Processing file /opt/airflow/dags/weather_prediction_dag.py for tasks to queue
[2025-12-04T16:43:51.475+0000] {logging_mixin.py:188} INFO - [2025-12-04T16:43:51.475+0000] {dagbag.py:538} INFO - Filling up the DagBag from /opt/airflow/dags/weather_prediction_dag.py
[2025-12-04T16:43:51.508+0000] {processor.py:840} INFO - DAG(s) 'weather_prediction_pipeline' retrieved from /opt/airflow/dags/weather_prediction_dag.py
[2025-12-04T16:43:51.528+0000] {logging_mixin.py:188} INFO - [2025-12-04T16:43:51.528+0000] {dag.py:3036} INFO - Sync 1 DAGs
[2025-12-04T16:43:51.548+0000] {logging_mixin.py:188} INFO - [2025-12-04T16:43:51.548+0000] {dag.py:3823} INFO - Setting next_dagrun for weather_prediction_pipeline to 2025-12-04 00:00:00+00:00, run_after=2025-12-05 00:00:00+00:00
[2025-12-04T16:43:51.561+0000] {processor.py:183} INFO - Processing /opt/airflow/dags/weather_prediction_dag.py took 0.090 seconds
[2025-12-04T16:44:21.661+0000] {processor.py:161} INFO - Started process (PID=763) to work on /opt/airflow/dags/weather_prediction_dag.py
[2025-12-04T16:44:21.662+0000] {processor.py:830} INFO - Processing file /opt/airflow/dags/weather_prediction_dag.py for tasks to queue
[2025-12-04T16:44:21.663+0000] {logging_mixin.py:188} INFO - [2025-12-04T16:44:21.663+0000] {dagbag.py:538} INFO - Filling up the DagBag from /opt/airflow/dags/weather_prediction_dag.py
[2025-12-04T16:44:21.701+0000] {processor.py:840} INFO - DAG(s) 'weather_prediction_pipeline' retrieved from /opt/airflow/dags/weather_prediction_dag.py
[2025-12-04T16:44:21.725+0000] {logging_mixin.py:188} INFO - [2025-12-04T16:44:21.725+0000] {dag.py:3036} INFO - Sync 1 DAGs
[2025-12-04T16:44:21.743+0000] {logging_mixin.py:188} INFO - [2025-12-04T16:44:21.742+0000] {dag.py:3823} INFO - Setting next_dagrun for weather_prediction_pipeline to 2025-12-04 00:00:00+00:00, run_after=2025-12-05 00:00:00+00:00
[2025-12-04T16:44:21.760+0000] {processor.py:183} INFO - Processing /opt/airflow/dags/weather_prediction_dag.py took 0.102 seconds
[2025-12-04T16:44:51.905+0000] {processor.py:161} INFO - Started process (PID=776) to work on /opt/airflow/dags/weather_prediction_dag.py
[2025-12-04T16:44:51.906+0000] {processor.py:830} INFO - Processing file /opt/airflow/dags/weather_prediction_dag.py for tasks to queue
[2025-12-04T16:44:51.907+0000] {logging_mixin.py:188} INFO - [2025-12-04T16:44:51.907+0000] {dagbag.py:538} INFO - Filling up the DagBag from /opt/airflow/dags/weather_prediction_dag.py
[2025-12-04T16:44:51.946+0000] {processor.py:840} INFO - DAG(s) 'weather_prediction_pipeline' retrieved from /opt/airflow/dags/weather_prediction_dag.py
[2025-12-04T16:44:51.966+0000] {logging_mixin.py:188} INFO - [2025-12-04T16:44:51.965+0000] {dag.py:3036} INFO - Sync 1 DAGs
[2025-12-04T16:44:51.985+0000] {logging_mixin.py:188} INFO - [2025-12-04T16:44:51.985+0000] {dag.py:3823} INFO - Setting next_dagrun for weather_prediction_pipeline to 2025-12-04 00:00:00+00:00, run_after=2025-12-05 00:00:00+00:00
[2025-12-04T16:44:52.004+0000] {processor.py:183} INFO - Processing /opt/airflow/dags/weather_prediction_dag.py took 0.101 seconds
[2025-12-04T16:45:22.144+0000] {processor.py:161} INFO - Started process (PID=789) to work on /opt/airflow/dags/weather_prediction_dag.py
[2025-12-04T16:45:22.145+0000] {processor.py:830} INFO - Processing file /opt/airflow/dags/weather_prediction_dag.py for tasks to queue
[2025-12-04T16:45:22.146+0000] {logging_mixin.py:188} INFO - [2025-12-04T16:45:22.146+0000] {dagbag.py:538} INFO - Filling up the DagBag from /opt/airflow/dags/weather_prediction_dag.py
[2025-12-04T16:45:22.187+0000] {processor.py:840} INFO - DAG(s) 'weather_prediction_pipeline' retrieved from /opt/airflow/dags/weather_prediction_dag.py
[2025-12-04T16:45:22.209+0000] {logging_mixin.py:188} INFO - [2025-12-04T16:45:22.209+0000] {dag.py:3036} INFO - Sync 1 DAGs
[2025-12-04T16:45:22.240+0000] {logging_mixin.py:188} INFO - [2025-12-04T16:45:22.239+0000] {dag.py:3823} INFO - Setting next_dagrun for weather_prediction_pipeline to 2025-12-04 00:00:00+00:00, run_after=2025-12-05 00:00:00+00:00
[2025-12-04T16:45:22.270+0000] {processor.py:183} INFO - Processing /opt/airflow/dags/weather_prediction_dag.py took 0.129 seconds
[2025-12-04T16:45:52.481+0000] {processor.py:161} INFO - Started process (PID=802) to work on /opt/airflow/dags/weather_prediction_dag.py
[2025-12-04T16:45:52.482+0000] {processor.py:830} INFO - Processing file /opt/airflow/dags/weather_prediction_dag.py for tasks to queue
[2025-12-04T16:45:52.483+0000] {logging_mixin.py:188} INFO - [2025-12-04T16:45:52.483+0000] {dagbag.py:538} INFO - Filling up the DagBag from /opt/airflow/dags/weather_prediction_dag.py
[2025-12-04T16:45:52.573+0000] {processor.py:840} INFO - DAG(s) 'weather_prediction_pipeline' retrieved from /opt/airflow/dags/weather_prediction_dag.py
[2025-12-04T16:45:52.592+0000] {logging_mixin.py:188} INFO - [2025-12-04T16:45:52.592+0000] {dag.py:3036} INFO - Sync 1 DAGs
[2025-12-04T16:45:52.609+0000] {logging_mixin.py:188} INFO - [2025-12-04T16:45:52.609+0000] {dag.py:3823} INFO - Setting next_dagrun for weather_prediction_pipeline to 2025-12-04 00:00:00+00:00, run_after=2025-12-05 00:00:00+00:00
[2025-12-04T16:45:52.630+0000] {processor.py:183} INFO - Processing /opt/airflow/dags/weather_prediction_dag.py took 0.152 seconds
[2025-12-04T16:46:22.731+0000] {processor.py:161} INFO - Started process (PID=815) to work on /opt/airflow/dags/weather_prediction_dag.py
[2025-12-04T16:46:22.732+0000] {processor.py:830} INFO - Processing file /opt/airflow/dags/weather_prediction_dag.py for tasks to queue
[2025-12-04T16:46:22.734+0000] {logging_mixin.py:188} INFO - [2025-12-04T16:46:22.734+0000] {dagbag.py:538} INFO - Filling up the DagBag from /opt/airflow/dags/weather_prediction_dag.py
[2025-12-04T16:46:22.780+0000] {processor.py:840} INFO - DAG(s) 'weather_prediction_pipeline' retrieved from /opt/airflow/dags/weather_prediction_dag.py
[2025-12-04T16:46:22.804+0000] {logging_mixin.py:188} INFO - [2025-12-04T16:46:22.804+0000] {dag.py:3036} INFO - Sync 1 DAGs
[2025-12-04T16:46:22.823+0000] {logging_mixin.py:188} INFO - [2025-12-04T16:46:22.823+0000] {dag.py:3823} INFO - Setting next_dagrun for weather_prediction_pipeline to 2025-12-04 00:00:00+00:00, run_after=2025-12-05 00:00:00+00:00
[2025-12-04T16:46:22.842+0000] {processor.py:183} INFO - Processing /opt/airflow/dags/weather_prediction_dag.py took 0.115 seconds
[2025-12-04T16:46:52.896+0000] {processor.py:161} INFO - Started process (PID=820) to work on /opt/airflow/dags/weather_prediction_dag.py
[2025-12-04T16:46:52.898+0000] {processor.py:830} INFO - Processing file /opt/airflow/dags/weather_prediction_dag.py for tasks to queue
[2025-12-04T16:46:52.902+0000] {logging_mixin.py:188} INFO - [2025-12-04T16:46:52.901+0000] {dagbag.py:538} INFO - Filling up the DagBag from /opt/airflow/dags/weather_prediction_dag.py
[2025-12-04T16:46:52.955+0000] {processor.py:840} INFO - DAG(s) 'weather_prediction_pipeline' retrieved from /opt/airflow/dags/weather_prediction_dag.py
[2025-12-04T16:46:52.976+0000] {logging_mixin.py:188} INFO - [2025-12-04T16:46:52.975+0000] {dag.py:3036} INFO - Sync 1 DAGs
[2025-12-04T16:46:52.994+0000] {logging_mixin.py:188} INFO - [2025-12-04T16:46:52.994+0000] {dag.py:3823} INFO - Setting next_dagrun for weather_prediction_pipeline to 2025-12-04 00:00:00+00:00, run_after=2025-12-05 00:00:00+00:00
[2025-12-04T16:46:53.013+0000] {processor.py:183} INFO - Processing /opt/airflow/dags/weather_prediction_dag.py took 0.120 seconds
[2025-12-04T16:47:23.198+0000] {processor.py:161} INFO - Started process (PID=833) to work on /opt/airflow/dags/weather_prediction_dag.py
[2025-12-04T16:47:23.199+0000] {processor.py:830} INFO - Processing file /opt/airflow/dags/weather_prediction_dag.py for tasks to queue
[2025-12-04T16:47:23.200+0000] {logging_mixin.py:188} INFO - [2025-12-04T16:47:23.200+0000] {dagbag.py:538} INFO - Filling up the DagBag from /opt/airflow/dags/weather_prediction_dag.py
[2025-12-04T16:47:23.229+0000] {processor.py:840} INFO - DAG(s) 'weather_prediction_pipeline' retrieved from /opt/airflow/dags/weather_prediction_dag.py
[2025-12-04T16:47:23.247+0000] {logging_mixin.py:188} INFO - [2025-12-04T16:47:23.247+0000] {dag.py:3036} INFO - Sync 1 DAGs
[2025-12-04T16:47:23.265+0000] {logging_mixin.py:188} INFO - [2025-12-04T16:47:23.265+0000] {dag.py:3823} INFO - Setting next_dagrun for weather_prediction_pipeline to 2025-12-04 00:00:00+00:00, run_after=2025-12-05 00:00:00+00:00
[2025-12-04T16:47:23.283+0000] {processor.py:183} INFO - Processing /opt/airflow/dags/weather_prediction_dag.py took 0.087 seconds
[2025-12-04T16:47:53.416+0000] {processor.py:161} INFO - Started process (PID=846) to work on /opt/airflow/dags/weather_prediction_dag.py
[2025-12-04T16:47:53.417+0000] {processor.py:830} INFO - Processing file /opt/airflow/dags/weather_prediction_dag.py for tasks to queue
[2025-12-04T16:47:53.418+0000] {logging_mixin.py:188} INFO - [2025-12-04T16:47:53.418+0000] {dagbag.py:538} INFO - Filling up the DagBag from /opt/airflow/dags/weather_prediction_dag.py
[2025-12-04T16:47:53.459+0000] {processor.py:840} INFO - DAG(s) 'weather_prediction_pipeline' retrieved from /opt/airflow/dags/weather_prediction_dag.py
[2025-12-04T16:47:53.477+0000] {logging_mixin.py:188} INFO - [2025-12-04T16:47:53.476+0000] {dag.py:3036} INFO - Sync 1 DAGs
[2025-12-04T16:47:53.494+0000] {logging_mixin.py:188} INFO - [2025-12-04T16:47:53.494+0000] {dag.py:3823} INFO - Setting next_dagrun for weather_prediction_pipeline to 2025-12-04 00:00:00+00:00, run_after=2025-12-05 00:00:00+00:00
[2025-12-04T16:47:53.515+0000] {processor.py:183} INFO - Processing /opt/airflow/dags/weather_prediction_dag.py took 0.102 seconds
[2025-12-04T16:48:23.608+0000] {processor.py:161} INFO - Started process (PID=859) to work on /opt/airflow/dags/weather_prediction_dag.py
[2025-12-04T16:48:23.609+0000] {processor.py:830} INFO - Processing file /opt/airflow/dags/weather_prediction_dag.py for tasks to queue
[2025-12-04T16:48:23.610+0000] {logging_mixin.py:188} INFO - [2025-12-04T16:48:23.610+0000] {dagbag.py:538} INFO - Filling up the DagBag from /opt/airflow/dags/weather_prediction_dag.py
[2025-12-04T16:48:23.638+0000] {processor.py:840} INFO - DAG(s) 'weather_prediction_pipeline' retrieved from /opt/airflow/dags/weather_prediction_dag.py
[2025-12-04T16:48:23.657+0000] {logging_mixin.py:188} INFO - [2025-12-04T16:48:23.657+0000] {dag.py:3036} INFO - Sync 1 DAGs
[2025-12-04T16:48:23.672+0000] {logging_mixin.py:188} INFO - [2025-12-04T16:48:23.672+0000] {dag.py:3823} INFO - Setting next_dagrun for weather_prediction_pipeline to 2025-12-04 00:00:00+00:00, run_after=2025-12-05 00:00:00+00:00
[2025-12-04T16:48:23.684+0000] {processor.py:183} INFO - Processing /opt/airflow/dags/weather_prediction_dag.py took 0.079 seconds
[2025-12-04T16:48:53.843+0000] {processor.py:161} INFO - Started process (PID=872) to work on /opt/airflow/dags/weather_prediction_dag.py
[2025-12-04T16:48:53.844+0000] {processor.py:830} INFO - Processing file /opt/airflow/dags/weather_prediction_dag.py for tasks to queue
[2025-12-04T16:48:53.845+0000] {logging_mixin.py:188} INFO - [2025-12-04T16:48:53.845+0000] {dagbag.py:538} INFO - Filling up the DagBag from /opt/airflow/dags/weather_prediction_dag.py
[2025-12-04T16:48:53.877+0000] {processor.py:840} INFO - DAG(s) 'weather_prediction_pipeline' retrieved from /opt/airflow/dags/weather_prediction_dag.py
[2025-12-04T16:48:53.898+0000] {logging_mixin.py:188} INFO - [2025-12-04T16:48:53.897+0000] {dag.py:3036} INFO - Sync 1 DAGs
[2025-12-04T16:48:53.917+0000] {logging_mixin.py:188} INFO - [2025-12-04T16:48:53.917+0000] {dag.py:3823} INFO - Setting next_dagrun for weather_prediction_pipeline to 2025-12-04 00:00:00+00:00, run_after=2025-12-05 00:00:00+00:00
[2025-12-04T16:48:53.934+0000] {processor.py:183} INFO - Processing /opt/airflow/dags/weather_prediction_dag.py took 0.093 seconds
[2025-12-04T16:49:24.065+0000] {processor.py:161} INFO - Started process (PID=885) to work on /opt/airflow/dags/weather_prediction_dag.py
[2025-12-04T16:49:24.065+0000] {processor.py:830} INFO - Processing file /opt/airflow/dags/weather_prediction_dag.py for tasks to queue
[2025-12-04T16:49:24.066+0000] {logging_mixin.py:188} INFO - [2025-12-04T16:49:24.066+0000] {dagbag.py:538} INFO - Filling up the DagBag from /opt/airflow/dags/weather_prediction_dag.py
[2025-12-04T16:49:24.094+0000] {processor.py:840} INFO - DAG(s) 'weather_prediction_pipeline' retrieved from /opt/airflow/dags/weather_prediction_dag.py
[2025-12-04T16:49:24.115+0000] {logging_mixin.py:188} INFO - [2025-12-04T16:49:24.114+0000] {dag.py:3036} INFO - Sync 1 DAGs
[2025-12-04T16:49:24.133+0000] {logging_mixin.py:188} INFO - [2025-12-04T16:49:24.133+0000] {dag.py:3823} INFO - Setting next_dagrun for weather_prediction_pipeline to 2025-12-04 00:00:00+00:00, run_after=2025-12-05 00:00:00+00:00
[2025-12-04T16:49:24.150+0000] {processor.py:183} INFO - Processing /opt/airflow/dags/weather_prediction_dag.py took 0.088 seconds
[2025-12-04T16:49:54.284+0000] {processor.py:161} INFO - Started process (PID=898) to work on /opt/airflow/dags/weather_prediction_dag.py
[2025-12-04T16:49:54.284+0000] {processor.py:830} INFO - Processing file /opt/airflow/dags/weather_prediction_dag.py for tasks to queue
[2025-12-04T16:49:54.285+0000] {logging_mixin.py:188} INFO - [2025-12-04T16:49:54.285+0000] {dagbag.py:538} INFO - Filling up the DagBag from /opt/airflow/dags/weather_prediction_dag.py
[2025-12-04T16:49:54.312+0000] {processor.py:840} INFO - DAG(s) 'weather_prediction_pipeline' retrieved from /opt/airflow/dags/weather_prediction_dag.py
[2025-12-04T16:49:54.329+0000] {logging_mixin.py:188} INFO - [2025-12-04T16:49:54.329+0000] {dag.py:3036} INFO - Sync 1 DAGs
[2025-12-04T16:49:54.345+0000] {logging_mixin.py:188} INFO - [2025-12-04T16:49:54.345+0000] {dag.py:3823} INFO - Setting next_dagrun for weather_prediction_pipeline to 2025-12-04 00:00:00+00:00, run_after=2025-12-05 00:00:00+00:00
[2025-12-04T16:49:54.363+0000] {processor.py:183} INFO - Processing /opt/airflow/dags/weather_prediction_dag.py took 0.082 seconds
[2025-12-04T16:50:24.442+0000] {processor.py:161} INFO - Started process (PID=911) to work on /opt/airflow/dags/weather_prediction_dag.py
[2025-12-04T16:50:24.443+0000] {processor.py:830} INFO - Processing file /opt/airflow/dags/weather_prediction_dag.py for tasks to queue
[2025-12-04T16:50:24.444+0000] {logging_mixin.py:188} INFO - [2025-12-04T16:50:24.443+0000] {dagbag.py:538} INFO - Filling up the DagBag from /opt/airflow/dags/weather_prediction_dag.py
[2025-12-04T16:50:24.469+0000] {processor.py:840} INFO - DAG(s) 'weather_prediction_pipeline' retrieved from /opt/airflow/dags/weather_prediction_dag.py
[2025-12-04T16:50:24.487+0000] {logging_mixin.py:188} INFO - [2025-12-04T16:50:24.487+0000] {dag.py:3036} INFO - Sync 1 DAGs
[2025-12-04T16:50:24.504+0000] {logging_mixin.py:188} INFO - [2025-12-04T16:50:24.504+0000] {dag.py:3823} INFO - Setting next_dagrun for weather_prediction_pipeline to 2025-12-04 00:00:00+00:00, run_after=2025-12-05 00:00:00+00:00
[2025-12-04T16:50:24.518+0000] {processor.py:183} INFO - Processing /opt/airflow/dags/weather_prediction_dag.py took 0.079 seconds
[2025-12-04T16:50:54.657+0000] {processor.py:161} INFO - Started process (PID=924) to work on /opt/airflow/dags/weather_prediction_dag.py
[2025-12-04T16:50:54.658+0000] {processor.py:830} INFO - Processing file /opt/airflow/dags/weather_prediction_dag.py for tasks to queue
[2025-12-04T16:50:54.659+0000] {logging_mixin.py:188} INFO - [2025-12-04T16:50:54.658+0000] {dagbag.py:538} INFO - Filling up the DagBag from /opt/airflow/dags/weather_prediction_dag.py
[2025-12-04T16:50:54.686+0000] {processor.py:840} INFO - DAG(s) 'weather_prediction_pipeline' retrieved from /opt/airflow/dags/weather_prediction_dag.py
[2025-12-04T16:50:54.702+0000] {logging_mixin.py:188} INFO - [2025-12-04T16:50:54.702+0000] {dag.py:3036} INFO - Sync 1 DAGs
[2025-12-04T16:50:54.717+0000] {logging_mixin.py:188} INFO - [2025-12-04T16:50:54.717+0000] {dag.py:3823} INFO - Setting next_dagrun for weather_prediction_pipeline to 2025-12-04 00:00:00+00:00, run_after=2025-12-05 00:00:00+00:00
[2025-12-04T16:50:54.732+0000] {processor.py:183} INFO - Processing /opt/airflow/dags/weather_prediction_dag.py took 0.077 seconds
[2025-12-04T16:51:24.797+0000] {processor.py:161} INFO - Started process (PID=937) to work on /opt/airflow/dags/weather_prediction_dag.py
[2025-12-04T16:51:24.798+0000] {processor.py:830} INFO - Processing file /opt/airflow/dags/weather_prediction_dag.py for tasks to queue
[2025-12-04T16:51:24.799+0000] {logging_mixin.py:188} INFO - [2025-12-04T16:51:24.799+0000] {dagbag.py:538} INFO - Filling up the DagBag from /opt/airflow/dags/weather_prediction_dag.py
[2025-12-04T16:51:24.826+0000] {processor.py:840} INFO - DAG(s) 'weather_prediction_pipeline' retrieved from /opt/airflow/dags/weather_prediction_dag.py
[2025-12-04T16:51:24.843+0000] {logging_mixin.py:188} INFO - [2025-12-04T16:51:24.843+0000] {dag.py:3036} INFO - Sync 1 DAGs
[2025-12-04T16:51:24.858+0000] {logging_mixin.py:188} INFO - [2025-12-04T16:51:24.858+0000] {dag.py:3823} INFO - Setting next_dagrun for weather_prediction_pipeline to 2025-12-04 00:00:00+00:00, run_after=2025-12-05 00:00:00+00:00
[2025-12-04T16:51:24.874+0000] {processor.py:183} INFO - Processing /opt/airflow/dags/weather_prediction_dag.py took 0.079 seconds
[2025-12-04T16:51:55.025+0000] {processor.py:161} INFO - Started process (PID=950) to work on /opt/airflow/dags/weather_prediction_dag.py
[2025-12-04T16:51:55.026+0000] {processor.py:830} INFO - Processing file /opt/airflow/dags/weather_prediction_dag.py for tasks to queue
[2025-12-04T16:51:55.026+0000] {logging_mixin.py:188} INFO - [2025-12-04T16:51:55.026+0000] {dagbag.py:538} INFO - Filling up the DagBag from /opt/airflow/dags/weather_prediction_dag.py
[2025-12-04T16:51:55.053+0000] {processor.py:840} INFO - DAG(s) 'weather_prediction_pipeline' retrieved from /opt/airflow/dags/weather_prediction_dag.py
[2025-12-04T16:51:55.073+0000] {logging_mixin.py:188} INFO - [2025-12-04T16:51:55.073+0000] {dag.py:3036} INFO - Sync 1 DAGs
[2025-12-04T16:51:55.088+0000] {logging_mixin.py:188} INFO - [2025-12-04T16:51:55.088+0000] {dag.py:3823} INFO - Setting next_dagrun for weather_prediction_pipeline to 2025-12-04 00:00:00+00:00, run_after=2025-12-05 00:00:00+00:00
[2025-12-04T16:51:55.104+0000] {processor.py:183} INFO - Processing /opt/airflow/dags/weather_prediction_dag.py took 0.082 seconds
[2025-12-04T16:52:25.210+0000] {processor.py:161} INFO - Started process (PID=963) to work on /opt/airflow/dags/weather_prediction_dag.py
[2025-12-04T16:52:25.211+0000] {processor.py:830} INFO - Processing file /opt/airflow/dags/weather_prediction_dag.py for tasks to queue
[2025-12-04T16:52:25.213+0000] {logging_mixin.py:188} INFO - [2025-12-04T16:52:25.212+0000] {dagbag.py:538} INFO - Filling up the DagBag from /opt/airflow/dags/weather_prediction_dag.py
[2025-12-04T16:52:25.254+0000] {processor.py:840} INFO - DAG(s) 'weather_prediction_pipeline' retrieved from /opt/airflow/dags/weather_prediction_dag.py
[2025-12-04T16:52:25.278+0000] {logging_mixin.py:188} INFO - [2025-12-04T16:52:25.277+0000] {dag.py:3036} INFO - Sync 1 DAGs
[2025-12-04T16:52:25.298+0000] {logging_mixin.py:188} INFO - [2025-12-04T16:52:25.298+0000] {dag.py:3823} INFO - Setting next_dagrun for weather_prediction_pipeline to 2025-12-04 00:00:00+00:00, run_after=2025-12-05 00:00:00+00:00
[2025-12-04T16:52:25.316+0000] {processor.py:183} INFO - Processing /opt/airflow/dags/weather_prediction_dag.py took 0.110 seconds
[2025-12-04T16:52:55.447+0000] {processor.py:161} INFO - Started process (PID=976) to work on /opt/airflow/dags/weather_prediction_dag.py
[2025-12-04T16:52:55.449+0000] {processor.py:830} INFO - Processing file /opt/airflow/dags/weather_prediction_dag.py for tasks to queue
[2025-12-04T16:52:55.449+0000] {logging_mixin.py:188} INFO - [2025-12-04T16:52:55.449+0000] {dagbag.py:538} INFO - Filling up the DagBag from /opt/airflow/dags/weather_prediction_dag.py
[2025-12-04T16:52:55.497+0000] {processor.py:840} INFO - DAG(s) 'weather_prediction_pipeline' retrieved from /opt/airflow/dags/weather_prediction_dag.py
[2025-12-04T16:52:55.519+0000] {logging_mixin.py:188} INFO - [2025-12-04T16:52:55.518+0000] {dag.py:3036} INFO - Sync 1 DAGs
[2025-12-04T16:52:55.539+0000] {logging_mixin.py:188} INFO - [2025-12-04T16:52:55.539+0000] {dag.py:3823} INFO - Setting next_dagrun for weather_prediction_pipeline to 2025-12-04 00:00:00+00:00, run_after=2025-12-05 00:00:00+00:00
[2025-12-04T16:52:55.556+0000] {processor.py:183} INFO - Processing /opt/airflow/dags/weather_prediction_dag.py took 0.111 seconds
[2025-12-04T16:53:25.643+0000] {processor.py:161} INFO - Started process (PID=989) to work on /opt/airflow/dags/weather_prediction_dag.py
[2025-12-04T16:53:25.644+0000] {processor.py:830} INFO - Processing file /opt/airflow/dags/weather_prediction_dag.py for tasks to queue
[2025-12-04T16:53:25.645+0000] {logging_mixin.py:188} INFO - [2025-12-04T16:53:25.645+0000] {dagbag.py:538} INFO - Filling up the DagBag from /opt/airflow/dags/weather_prediction_dag.py
[2025-12-04T16:53:25.673+0000] {processor.py:840} INFO - DAG(s) 'weather_prediction_pipeline' retrieved from /opt/airflow/dags/weather_prediction_dag.py
[2025-12-04T16:53:25.692+0000] {logging_mixin.py:188} INFO - [2025-12-04T16:53:25.692+0000] {dag.py:3036} INFO - Sync 1 DAGs
[2025-12-04T16:53:25.709+0000] {logging_mixin.py:188} INFO - [2025-12-04T16:53:25.709+0000] {dag.py:3823} INFO - Setting next_dagrun for weather_prediction_pipeline to 2025-12-04 00:00:00+00:00, run_after=2025-12-05 00:00:00+00:00
[2025-12-04T16:53:25.722+0000] {processor.py:183} INFO - Processing /opt/airflow/dags/weather_prediction_dag.py took 0.081 seconds
[2025-12-04T16:53:55.911+0000] {processor.py:161} INFO - Started process (PID=1002) to work on /opt/airflow/dags/weather_prediction_dag.py
[2025-12-04T16:53:55.913+0000] {processor.py:830} INFO - Processing file /opt/airflow/dags/weather_prediction_dag.py for tasks to queue
[2025-12-04T16:53:55.914+0000] {logging_mixin.py:188} INFO - [2025-12-04T16:53:55.914+0000] {dagbag.py:538} INFO - Filling up the DagBag from /opt/airflow/dags/weather_prediction_dag.py
[2025-12-04T16:53:55.954+0000] {processor.py:840} INFO - DAG(s) 'weather_prediction_pipeline' retrieved from /opt/airflow/dags/weather_prediction_dag.py
[2025-12-04T16:53:55.975+0000] {logging_mixin.py:188} INFO - [2025-12-04T16:53:55.975+0000] {dag.py:3036} INFO - Sync 1 DAGs
[2025-12-04T16:53:55.994+0000] {logging_mixin.py:188} INFO - [2025-12-04T16:53:55.994+0000] {dag.py:3823} INFO - Setting next_dagrun for weather_prediction_pipeline to 2025-12-04 00:00:00+00:00, run_after=2025-12-05 00:00:00+00:00
[2025-12-04T16:53:56.011+0000] {processor.py:183} INFO - Processing /opt/airflow/dags/weather_prediction_dag.py took 0.103 seconds
[2025-12-04T16:54:26.140+0000] {processor.py:161} INFO - Started process (PID=1015) to work on /opt/airflow/dags/weather_prediction_dag.py
[2025-12-04T16:54:26.142+0000] {processor.py:830} INFO - Processing file /opt/airflow/dags/weather_prediction_dag.py for tasks to queue
[2025-12-04T16:54:26.143+0000] {logging_mixin.py:188} INFO - [2025-12-04T16:54:26.143+0000] {dagbag.py:538} INFO - Filling up the DagBag from /opt/airflow/dags/weather_prediction_dag.py
[2025-12-04T16:54:26.186+0000] {processor.py:840} INFO - DAG(s) 'weather_prediction_pipeline' retrieved from /opt/airflow/dags/weather_prediction_dag.py
[2025-12-04T16:54:26.210+0000] {logging_mixin.py:188} INFO - [2025-12-04T16:54:26.210+0000] {dag.py:3036} INFO - Sync 1 DAGs
[2025-12-04T16:54:26.231+0000] {logging_mixin.py:188} INFO - [2025-12-04T16:54:26.231+0000] {dag.py:3823} INFO - Setting next_dagrun for weather_prediction_pipeline to 2025-12-04 00:00:00+00:00, run_after=2025-12-05 00:00:00+00:00
[2025-12-04T16:54:26.249+0000] {processor.py:183} INFO - Processing /opt/airflow/dags/weather_prediction_dag.py took 0.115 seconds
[2025-12-04T16:54:57.047+0000] {processor.py:161} INFO - Started process (PID=1028) to work on /opt/airflow/dags/weather_prediction_dag.py
[2025-12-04T16:54:57.048+0000] {processor.py:830} INFO - Processing file /opt/airflow/dags/weather_prediction_dag.py for tasks to queue
[2025-12-04T16:54:57.049+0000] {logging_mixin.py:188} INFO - [2025-12-04T16:54:57.049+0000] {dagbag.py:538} INFO - Filling up the DagBag from /opt/airflow/dags/weather_prediction_dag.py
[2025-12-04T16:54:57.094+0000] {processor.py:840} INFO - DAG(s) 'weather_prediction_pipeline' retrieved from /opt/airflow/dags/weather_prediction_dag.py
[2025-12-04T16:54:57.116+0000] {logging_mixin.py:188} INFO - [2025-12-04T16:54:57.115+0000] {dag.py:3036} INFO - Sync 1 DAGs
[2025-12-04T16:54:57.136+0000] {logging_mixin.py:188} INFO - [2025-12-04T16:54:57.136+0000] {dag.py:3823} INFO - Setting next_dagrun for weather_prediction_pipeline to 2025-12-04 00:00:00+00:00, run_after=2025-12-05 00:00:00+00:00
[2025-12-04T16:54:57.156+0000] {processor.py:183} INFO - Processing /opt/airflow/dags/weather_prediction_dag.py took 0.111 seconds
[2025-12-04T16:55:27.318+0000] {processor.py:161} INFO - Started process (PID=1041) to work on /opt/airflow/dags/weather_prediction_dag.py
[2025-12-04T16:55:27.320+0000] {processor.py:830} INFO - Processing file /opt/airflow/dags/weather_prediction_dag.py for tasks to queue
[2025-12-04T16:55:27.325+0000] {logging_mixin.py:188} INFO - [2025-12-04T16:55:27.324+0000] {dagbag.py:538} INFO - Filling up the DagBag from /opt/airflow/dags/weather_prediction_dag.py
[2025-12-04T16:55:27.374+0000] {processor.py:840} INFO - DAG(s) 'weather_prediction_pipeline' retrieved from /opt/airflow/dags/weather_prediction_dag.py
[2025-12-04T16:55:27.397+0000] {logging_mixin.py:188} INFO - [2025-12-04T16:55:27.397+0000] {dag.py:3036} INFO - Sync 1 DAGs
[2025-12-04T16:55:27.416+0000] {logging_mixin.py:188} INFO - [2025-12-04T16:55:27.416+0000] {dag.py:3823} INFO - Setting next_dagrun for weather_prediction_pipeline to 2025-12-04 00:00:00+00:00, run_after=2025-12-05 00:00:00+00:00
[2025-12-04T16:55:27.434+0000] {processor.py:183} INFO - Processing /opt/airflow/dags/weather_prediction_dag.py took 0.119 seconds
[2025-12-04T16:55:58.010+0000] {processor.py:161} INFO - Started process (PID=1054) to work on /opt/airflow/dags/weather_prediction_dag.py
[2025-12-04T16:55:58.011+0000] {processor.py:830} INFO - Processing file /opt/airflow/dags/weather_prediction_dag.py for tasks to queue
[2025-12-04T16:55:58.012+0000] {logging_mixin.py:188} INFO - [2025-12-04T16:55:58.012+0000] {dagbag.py:538} INFO - Filling up the DagBag from /opt/airflow/dags/weather_prediction_dag.py
[2025-12-04T16:55:58.042+0000] {processor.py:840} INFO - DAG(s) 'weather_prediction_pipeline' retrieved from /opt/airflow/dags/weather_prediction_dag.py
[2025-12-04T16:55:58.062+0000] {logging_mixin.py:188} INFO - [2025-12-04T16:55:58.061+0000] {dag.py:3036} INFO - Sync 1 DAGs
[2025-12-04T16:55:58.078+0000] {logging_mixin.py:188} INFO - [2025-12-04T16:55:58.078+0000] {dag.py:3823} INFO - Setting next_dagrun for weather_prediction_pipeline to 2025-12-04 00:00:00+00:00, run_after=2025-12-05 00:00:00+00:00
[2025-12-04T16:55:58.093+0000] {processor.py:183} INFO - Processing /opt/airflow/dags/weather_prediction_dag.py took 0.086 seconds
[2025-12-04T16:56:28.246+0000] {processor.py:161} INFO - Started process (PID=1067) to work on /opt/airflow/dags/weather_prediction_dag.py
[2025-12-04T16:56:28.247+0000] {processor.py:830} INFO - Processing file /opt/airflow/dags/weather_prediction_dag.py for tasks to queue
[2025-12-04T16:56:28.248+0000] {logging_mixin.py:188} INFO - [2025-12-04T16:56:28.248+0000] {dagbag.py:538} INFO - Filling up the DagBag from /opt/airflow/dags/weather_prediction_dag.py
[2025-12-04T16:56:28.276+0000] {processor.py:840} INFO - DAG(s) 'weather_prediction_pipeline' retrieved from /opt/airflow/dags/weather_prediction_dag.py
[2025-12-04T16:56:28.294+0000] {logging_mixin.py:188} INFO - [2025-12-04T16:56:28.294+0000] {dag.py:3036} INFO - Sync 1 DAGs
[2025-12-04T16:56:28.313+0000] {logging_mixin.py:188} INFO - [2025-12-04T16:56:28.313+0000] {dag.py:3823} INFO - Setting next_dagrun for weather_prediction_pipeline to 2025-12-04 00:00:00+00:00, run_after=2025-12-05 00:00:00+00:00
[2025-12-04T16:56:28.332+0000] {processor.py:183} INFO - Processing /opt/airflow/dags/weather_prediction_dag.py took 0.088 seconds
[2025-12-04T16:56:58.434+0000] {processor.py:161} INFO - Started process (PID=1080) to work on /opt/airflow/dags/weather_prediction_dag.py
[2025-12-04T16:56:58.435+0000] {processor.py:830} INFO - Processing file /opt/airflow/dags/weather_prediction_dag.py for tasks to queue
[2025-12-04T16:56:58.436+0000] {logging_mixin.py:188} INFO - [2025-12-04T16:56:58.435+0000] {dagbag.py:538} INFO - Filling up the DagBag from /opt/airflow/dags/weather_prediction_dag.py
[2025-12-04T16:56:58.465+0000] {processor.py:840} INFO - DAG(s) 'weather_prediction_pipeline' retrieved from /opt/airflow/dags/weather_prediction_dag.py
[2025-12-04T16:56:58.486+0000] {logging_mixin.py:188} INFO - [2025-12-04T16:56:58.486+0000] {dag.py:3036} INFO - Sync 1 DAGs
[2025-12-04T16:56:58.504+0000] {logging_mixin.py:188} INFO - [2025-12-04T16:56:58.504+0000] {dag.py:3823} INFO - Setting next_dagrun for weather_prediction_pipeline to 2025-12-04 00:00:00+00:00, run_after=2025-12-05 00:00:00+00:00
[2025-12-04T16:56:58.521+0000] {processor.py:183} INFO - Processing /opt/airflow/dags/weather_prediction_dag.py took 0.091 seconds
[2025-12-04T16:57:28.676+0000] {processor.py:161} INFO - Started process (PID=1093) to work on /opt/airflow/dags/weather_prediction_dag.py
[2025-12-04T16:57:28.677+0000] {processor.py:830} INFO - Processing file /opt/airflow/dags/weather_prediction_dag.py for tasks to queue
[2025-12-04T16:57:28.678+0000] {logging_mixin.py:188} INFO - [2025-12-04T16:57:28.677+0000] {dagbag.py:538} INFO - Filling up the DagBag from /opt/airflow/dags/weather_prediction_dag.py
[2025-12-04T16:57:28.712+0000] {processor.py:840} INFO - DAG(s) 'weather_prediction_pipeline' retrieved from /opt/airflow/dags/weather_prediction_dag.py
[2025-12-04T16:57:28.732+0000] {logging_mixin.py:188} INFO - [2025-12-04T16:57:28.732+0000] {dag.py:3036} INFO - Sync 1 DAGs
[2025-12-04T16:57:28.748+0000] {logging_mixin.py:188} INFO - [2025-12-04T16:57:28.747+0000] {dag.py:3823} INFO - Setting next_dagrun for weather_prediction_pipeline to 2025-12-04 00:00:00+00:00, run_after=2025-12-05 00:00:00+00:00
[2025-12-04T16:57:28.762+0000] {processor.py:183} INFO - Processing /opt/airflow/dags/weather_prediction_dag.py took 0.089 seconds
[2025-12-04T16:57:59.439+0000] {processor.py:161} INFO - Started process (PID=1106) to work on /opt/airflow/dags/weather_prediction_dag.py
[2025-12-04T16:57:59.440+0000] {processor.py:830} INFO - Processing file /opt/airflow/dags/weather_prediction_dag.py for tasks to queue
[2025-12-04T16:57:59.441+0000] {logging_mixin.py:188} INFO - [2025-12-04T16:57:59.441+0000] {dagbag.py:538} INFO - Filling up the DagBag from /opt/airflow/dags/weather_prediction_dag.py
[2025-12-04T16:57:59.490+0000] {processor.py:840} INFO - DAG(s) 'weather_prediction_pipeline' retrieved from /opt/airflow/dags/weather_prediction_dag.py
[2025-12-04T16:57:59.513+0000] {logging_mixin.py:188} INFO - [2025-12-04T16:57:59.513+0000] {dag.py:3036} INFO - Sync 1 DAGs
[2025-12-04T16:57:59.533+0000] {logging_mixin.py:188} INFO - [2025-12-04T16:57:59.533+0000] {dag.py:3823} INFO - Setting next_dagrun for weather_prediction_pipeline to 2025-12-04 00:00:00+00:00, run_after=2025-12-05 00:00:00+00:00
[2025-12-04T16:57:59.551+0000] {processor.py:183} INFO - Processing /opt/airflow/dags/weather_prediction_dag.py took 0.116 seconds
[2025-12-04T16:58:30.254+0000] {processor.py:161} INFO - Started process (PID=1111) to work on /opt/airflow/dags/weather_prediction_dag.py
[2025-12-04T16:58:30.255+0000] {processor.py:830} INFO - Processing file /opt/airflow/dags/weather_prediction_dag.py for tasks to queue
[2025-12-04T16:58:30.257+0000] {logging_mixin.py:188} INFO - [2025-12-04T16:58:30.256+0000] {dagbag.py:538} INFO - Filling up the DagBag from /opt/airflow/dags/weather_prediction_dag.py
[2025-12-04T16:58:30.298+0000] {processor.py:840} INFO - DAG(s) 'weather_prediction_pipeline' retrieved from /opt/airflow/dags/weather_prediction_dag.py
[2025-12-04T16:58:30.323+0000] {logging_mixin.py:188} INFO - [2025-12-04T16:58:30.322+0000] {dag.py:3036} INFO - Sync 1 DAGs
[2025-12-04T16:58:30.343+0000] {logging_mixin.py:188} INFO - [2025-12-04T16:58:30.343+0000] {dag.py:3823} INFO - Setting next_dagrun for weather_prediction_pipeline to 2025-12-04 00:00:00+00:00, run_after=2025-12-05 00:00:00+00:00
[2025-12-04T16:58:30.360+0000] {processor.py:183} INFO - Processing /opt/airflow/dags/weather_prediction_dag.py took 0.111 seconds
[2025-12-04T16:59:00.499+0000] {processor.py:161} INFO - Started process (PID=1124) to work on /opt/airflow/dags/weather_prediction_dag.py
[2025-12-04T16:59:00.500+0000] {processor.py:830} INFO - Processing file /opt/airflow/dags/weather_prediction_dag.py for tasks to queue
[2025-12-04T16:59:00.501+0000] {logging_mixin.py:188} INFO - [2025-12-04T16:59:00.500+0000] {dagbag.py:538} INFO - Filling up the DagBag from /opt/airflow/dags/weather_prediction_dag.py
[2025-12-04T16:59:00.532+0000] {processor.py:840} INFO - DAG(s) 'weather_prediction_pipeline' retrieved from /opt/airflow/dags/weather_prediction_dag.py
[2025-12-04T16:59:00.553+0000] {logging_mixin.py:188} INFO - [2025-12-04T16:59:00.553+0000] {dag.py:3036} INFO - Sync 1 DAGs
[2025-12-04T16:59:00.573+0000] {logging_mixin.py:188} INFO - [2025-12-04T16:59:00.572+0000] {dag.py:3823} INFO - Setting next_dagrun for weather_prediction_pipeline to 2025-12-04 00:00:00+00:00, run_after=2025-12-05 00:00:00+00:00
[2025-12-04T16:59:00.587+0000] {processor.py:183} INFO - Processing /opt/airflow/dags/weather_prediction_dag.py took 0.091 seconds
[2025-12-04T16:59:30.740+0000] {processor.py:161} INFO - Started process (PID=1137) to work on /opt/airflow/dags/weather_prediction_dag.py
[2025-12-04T16:59:30.741+0000] {processor.py:830} INFO - Processing file /opt/airflow/dags/weather_prediction_dag.py for tasks to queue
[2025-12-04T16:59:30.742+0000] {logging_mixin.py:188} INFO - [2025-12-04T16:59:30.741+0000] {dagbag.py:538} INFO - Filling up the DagBag from /opt/airflow/dags/weather_prediction_dag.py
[2025-12-04T16:59:30.773+0000] {processor.py:840} INFO - DAG(s) 'weather_prediction_pipeline' retrieved from /opt/airflow/dags/weather_prediction_dag.py
[2025-12-04T16:59:30.795+0000] {logging_mixin.py:188} INFO - [2025-12-04T16:59:30.795+0000] {dag.py:3036} INFO - Sync 1 DAGs
[2025-12-04T16:59:30.815+0000] {logging_mixin.py:188} INFO - [2025-12-04T16:59:30.815+0000] {dag.py:3823} INFO - Setting next_dagrun for weather_prediction_pipeline to 2025-12-04 00:00:00+00:00, run_after=2025-12-05 00:00:00+00:00
[2025-12-04T16:59:30.833+0000] {processor.py:183} INFO - Processing /opt/airflow/dags/weather_prediction_dag.py took 0.096 seconds
[2025-12-04T17:00:01.492+0000] {processor.py:161} INFO - Started process (PID=1150) to work on /opt/airflow/dags/weather_prediction_dag.py
[2025-12-04T17:00:01.494+0000] {processor.py:830} INFO - Processing file /opt/airflow/dags/weather_prediction_dag.py for tasks to queue
[2025-12-04T17:00:01.496+0000] {logging_mixin.py:188} INFO - [2025-12-04T17:00:01.495+0000] {dagbag.py:538} INFO - Filling up the DagBag from /opt/airflow/dags/weather_prediction_dag.py
[2025-12-04T17:00:01.547+0000] {processor.py:840} INFO - DAG(s) 'weather_prediction_pipeline' retrieved from /opt/airflow/dags/weather_prediction_dag.py
[2025-12-04T17:00:01.567+0000] {logging_mixin.py:188} INFO - [2025-12-04T17:00:01.567+0000] {dag.py:3036} INFO - Sync 1 DAGs
[2025-12-04T17:00:01.582+0000] {logging_mixin.py:188} INFO - [2025-12-04T17:00:01.582+0000] {dag.py:3823} INFO - Setting next_dagrun for weather_prediction_pipeline to 2025-12-04 00:00:00+00:00, run_after=2025-12-05 00:00:00+00:00
[2025-12-04T17:00:01.599+0000] {processor.py:183} INFO - Processing /opt/airflow/dags/weather_prediction_dag.py took 0.110 seconds
[2025-12-04T17:00:31.967+0000] {processor.py:161} INFO - Started process (PID=1163) to work on /opt/airflow/dags/weather_prediction_dag.py
[2025-12-04T17:00:31.968+0000] {processor.py:830} INFO - Processing file /opt/airflow/dags/weather_prediction_dag.py for tasks to queue
[2025-12-04T17:00:31.969+0000] {logging_mixin.py:188} INFO - [2025-12-04T17:00:31.969+0000] {dagbag.py:538} INFO - Filling up the DagBag from /opt/airflow/dags/weather_prediction_dag.py
[2025-12-04T17:00:32.000+0000] {processor.py:840} INFO - DAG(s) 'weather_prediction_pipeline' retrieved from /opt/airflow/dags/weather_prediction_dag.py
[2025-12-04T17:00:32.021+0000] {logging_mixin.py:188} INFO - [2025-12-04T17:00:32.020+0000] {dag.py:3036} INFO - Sync 1 DAGs
[2025-12-04T17:00:32.038+0000] {logging_mixin.py:188} INFO - [2025-12-04T17:00:32.038+0000] {dag.py:3823} INFO - Setting next_dagrun for weather_prediction_pipeline to 2025-12-04 00:00:00+00:00, run_after=2025-12-05 00:00:00+00:00
[2025-12-04T17:00:32.054+0000] {processor.py:183} INFO - Processing /opt/airflow/dags/weather_prediction_dag.py took 0.091 seconds
[2025-12-04T17:01:02.152+0000] {processor.py:161} INFO - Started process (PID=1176) to work on /opt/airflow/dags/weather_prediction_dag.py
[2025-12-04T17:01:02.153+0000] {processor.py:830} INFO - Processing file /opt/airflow/dags/weather_prediction_dag.py for tasks to queue
[2025-12-04T17:01:02.154+0000] {logging_mixin.py:188} INFO - [2025-12-04T17:01:02.153+0000] {dagbag.py:538} INFO - Filling up the DagBag from /opt/airflow/dags/weather_prediction_dag.py
[2025-12-04T17:01:02.186+0000] {processor.py:840} INFO - DAG(s) 'weather_prediction_pipeline' retrieved from /opt/airflow/dags/weather_prediction_dag.py
[2025-12-04T17:01:02.206+0000] {logging_mixin.py:188} INFO - [2025-12-04T17:01:02.206+0000] {dag.py:3036} INFO - Sync 1 DAGs
[2025-12-04T17:01:02.223+0000] {logging_mixin.py:188} INFO - [2025-12-04T17:01:02.223+0000] {dag.py:3823} INFO - Setting next_dagrun for weather_prediction_pipeline to 2025-12-04 00:00:00+00:00, run_after=2025-12-05 00:00:00+00:00
[2025-12-04T17:01:02.239+0000] {processor.py:183} INFO - Processing /opt/airflow/dags/weather_prediction_dag.py took 0.090 seconds
[2025-12-04T17:01:32.891+0000] {processor.py:161} INFO - Started process (PID=1189) to work on /opt/airflow/dags/weather_prediction_dag.py
[2025-12-04T17:01:32.892+0000] {processor.py:830} INFO - Processing file /opt/airflow/dags/weather_prediction_dag.py for tasks to queue
[2025-12-04T17:01:32.892+0000] {logging_mixin.py:188} INFO - [2025-12-04T17:01:32.892+0000] {dagbag.py:538} INFO - Filling up the DagBag from /opt/airflow/dags/weather_prediction_dag.py
[2025-12-04T17:01:32.922+0000] {processor.py:840} INFO - DAG(s) 'weather_prediction_pipeline' retrieved from /opt/airflow/dags/weather_prediction_dag.py
[2025-12-04T17:01:32.941+0000] {logging_mixin.py:188} INFO - [2025-12-04T17:01:32.941+0000] {dag.py:3036} INFO - Sync 1 DAGs
[2025-12-04T17:01:32.957+0000] {logging_mixin.py:188} INFO - [2025-12-04T17:01:32.956+0000] {dag.py:3823} INFO - Setting next_dagrun for weather_prediction_pipeline to 2025-12-04 00:00:00+00:00, run_after=2025-12-05 00:00:00+00:00
[2025-12-04T17:01:32.974+0000] {processor.py:183} INFO - Processing /opt/airflow/dags/weather_prediction_dag.py took 0.085 seconds
[2025-12-04T17:02:03.682+0000] {processor.py:161} INFO - Started process (PID=1202) to work on /opt/airflow/dags/weather_prediction_dag.py
[2025-12-04T17:02:03.683+0000] {processor.py:830} INFO - Processing file /opt/airflow/dags/weather_prediction_dag.py for tasks to queue
[2025-12-04T17:02:03.684+0000] {logging_mixin.py:188} INFO - [2025-12-04T17:02:03.684+0000] {dagbag.py:538} INFO - Filling up the DagBag from /opt/airflow/dags/weather_prediction_dag.py
[2025-12-04T17:02:03.721+0000] {processor.py:840} INFO - DAG(s) 'weather_prediction_pipeline' retrieved from /opt/airflow/dags/weather_prediction_dag.py
[2025-12-04T17:02:03.739+0000] {logging_mixin.py:188} INFO - [2025-12-04T17:02:03.739+0000] {dag.py:3036} INFO - Sync 1 DAGs
[2025-12-04T17:02:03.757+0000] {logging_mixin.py:188} INFO - [2025-12-04T17:02:03.757+0000] {dag.py:3823} INFO - Setting next_dagrun for weather_prediction_pipeline to 2025-12-04 00:00:00+00:00, run_after=2025-12-05 00:00:00+00:00
[2025-12-04T17:02:03.774+0000] {processor.py:183} INFO - Processing /opt/airflow/dags/weather_prediction_dag.py took 0.096 seconds
[2025-12-04T17:02:34.163+0000] {processor.py:161} INFO - Started process (PID=1215) to work on /opt/airflow/dags/weather_prediction_dag.py
[2025-12-04T17:02:34.164+0000] {processor.py:830} INFO - Processing file /opt/airflow/dags/weather_prediction_dag.py for tasks to queue
[2025-12-04T17:02:34.165+0000] {logging_mixin.py:188} INFO - [2025-12-04T17:02:34.164+0000] {dagbag.py:538} INFO - Filling up the DagBag from /opt/airflow/dags/weather_prediction_dag.py
[2025-12-04T17:02:34.200+0000] {processor.py:840} INFO - DAG(s) 'weather_prediction_pipeline' retrieved from /opt/airflow/dags/weather_prediction_dag.py
[2025-12-04T17:02:34.221+0000] {logging_mixin.py:188} INFO - [2025-12-04T17:02:34.221+0000] {dag.py:3036} INFO - Sync 1 DAGs
[2025-12-04T17:02:34.239+0000] {logging_mixin.py:188} INFO - [2025-12-04T17:02:34.238+0000] {dag.py:3823} INFO - Setting next_dagrun for weather_prediction_pipeline to 2025-12-04 00:00:00+00:00, run_after=2025-12-05 00:00:00+00:00
[2025-12-04T17:02:34.256+0000] {processor.py:183} INFO - Processing /opt/airflow/dags/weather_prediction_dag.py took 0.096 seconds
[2025-12-04T17:03:04.343+0000] {processor.py:161} INFO - Started process (PID=1228) to work on /opt/airflow/dags/weather_prediction_dag.py
[2025-12-04T17:03:04.344+0000] {processor.py:830} INFO - Processing file /opt/airflow/dags/weather_prediction_dag.py for tasks to queue
[2025-12-04T17:03:04.345+0000] {logging_mixin.py:188} INFO - [2025-12-04T17:03:04.345+0000] {dagbag.py:538} INFO - Filling up the DagBag from /opt/airflow/dags/weather_prediction_dag.py
[2025-12-04T17:03:04.372+0000] {processor.py:840} INFO - DAG(s) 'weather_prediction_pipeline' retrieved from /opt/airflow/dags/weather_prediction_dag.py
[2025-12-04T17:03:04.391+0000] {logging_mixin.py:188} INFO - [2025-12-04T17:03:04.391+0000] {dag.py:3036} INFO - Sync 1 DAGs
[2025-12-04T17:03:04.406+0000] {logging_mixin.py:188} INFO - [2025-12-04T17:03:04.406+0000] {dag.py:3823} INFO - Setting next_dagrun for weather_prediction_pipeline to 2025-12-04 00:00:00+00:00, run_after=2025-12-05 00:00:00+00:00
[2025-12-04T17:03:04.422+0000] {processor.py:183} INFO - Processing /opt/airflow/dags/weather_prediction_dag.py took 0.081 seconds
[2025-12-04T17:03:34.527+0000] {processor.py:161} INFO - Started process (PID=1241) to work on /opt/airflow/dags/weather_prediction_dag.py
[2025-12-04T17:03:34.529+0000] {processor.py:830} INFO - Processing file /opt/airflow/dags/weather_prediction_dag.py for tasks to queue
[2025-12-04T17:03:34.529+0000] {logging_mixin.py:188} INFO - [2025-12-04T17:03:34.529+0000] {dagbag.py:538} INFO - Filling up the DagBag from /opt/airflow/dags/weather_prediction_dag.py
[2025-12-04T17:03:34.569+0000] {processor.py:840} INFO - DAG(s) 'weather_prediction_pipeline' retrieved from /opt/airflow/dags/weather_prediction_dag.py
[2025-12-04T17:03:34.591+0000] {logging_mixin.py:188} INFO - [2025-12-04T17:03:34.591+0000] {dag.py:3036} INFO - Sync 1 DAGs
[2025-12-04T17:03:34.611+0000] {logging_mixin.py:188} INFO - [2025-12-04T17:03:34.610+0000] {dag.py:3823} INFO - Setting next_dagrun for weather_prediction_pipeline to 2025-12-04 00:00:00+00:00, run_after=2025-12-05 00:00:00+00:00
[2025-12-04T17:03:34.630+0000] {processor.py:183} INFO - Processing /opt/airflow/dags/weather_prediction_dag.py took 0.105 seconds
[2025-12-04T17:04:04.774+0000] {processor.py:161} INFO - Started process (PID=1254) to work on /opt/airflow/dags/weather_prediction_dag.py
[2025-12-04T17:04:04.775+0000] {processor.py:830} INFO - Processing file /opt/airflow/dags/weather_prediction_dag.py for tasks to queue
[2025-12-04T17:04:04.776+0000] {logging_mixin.py:188} INFO - [2025-12-04T17:04:04.776+0000] {dagbag.py:538} INFO - Filling up the DagBag from /opt/airflow/dags/weather_prediction_dag.py
[2025-12-04T17:04:04.810+0000] {processor.py:840} INFO - DAG(s) 'weather_prediction_pipeline' retrieved from /opt/airflow/dags/weather_prediction_dag.py
[2025-12-04T17:04:04.832+0000] {logging_mixin.py:188} INFO - [2025-12-04T17:04:04.832+0000] {dag.py:3036} INFO - Sync 1 DAGs
[2025-12-04T17:04:04.856+0000] {logging_mixin.py:188} INFO - [2025-12-04T17:04:04.856+0000] {dag.py:3823} INFO - Setting next_dagrun for weather_prediction_pipeline to 2025-12-04 00:00:00+00:00, run_after=2025-12-05 00:00:00+00:00
[2025-12-04T17:04:04.876+0000] {processor.py:183} INFO - Processing /opt/airflow/dags/weather_prediction_dag.py took 0.106 seconds
[2025-12-04T17:04:35.170+0000] {processor.py:161} INFO - Started process (PID=1267) to work on /opt/airflow/dags/weather_prediction_dag.py
[2025-12-04T17:04:35.171+0000] {processor.py:830} INFO - Processing file /opt/airflow/dags/weather_prediction_dag.py for tasks to queue
[2025-12-04T17:04:35.172+0000] {logging_mixin.py:188} INFO - [2025-12-04T17:04:35.172+0000] {dagbag.py:538} INFO - Filling up the DagBag from /opt/airflow/dags/weather_prediction_dag.py
[2025-12-04T17:04:35.211+0000] {processor.py:840} INFO - DAG(s) 'weather_prediction_pipeline' retrieved from /opt/airflow/dags/weather_prediction_dag.py
[2025-12-04T17:04:35.232+0000] {logging_mixin.py:188} INFO - [2025-12-04T17:04:35.231+0000] {dag.py:3036} INFO - Sync 1 DAGs
[2025-12-04T17:04:35.250+0000] {logging_mixin.py:188} INFO - [2025-12-04T17:04:35.249+0000] {dag.py:3823} INFO - Setting next_dagrun for weather_prediction_pipeline to 2025-12-04 00:00:00+00:00, run_after=2025-12-05 00:00:00+00:00
[2025-12-04T17:04:35.266+0000] {processor.py:183} INFO - Processing /opt/airflow/dags/weather_prediction_dag.py took 0.099 seconds
[2025-12-04T17:05:05.801+0000] {processor.py:161} INFO - Started process (PID=1280) to work on /opt/airflow/dags/weather_prediction_dag.py
[2025-12-04T17:05:05.802+0000] {processor.py:830} INFO - Processing file /opt/airflow/dags/weather_prediction_dag.py for tasks to queue
[2025-12-04T17:05:05.803+0000] {logging_mixin.py:188} INFO - [2025-12-04T17:05:05.803+0000] {dagbag.py:538} INFO - Filling up the DagBag from /opt/airflow/dags/weather_prediction_dag.py
[2025-12-04T17:05:05.846+0000] {processor.py:840} INFO - DAG(s) 'weather_prediction_pipeline' retrieved from /opt/airflow/dags/weather_prediction_dag.py
[2025-12-04T17:05:05.867+0000] {logging_mixin.py:188} INFO - [2025-12-04T17:05:05.867+0000] {dag.py:3036} INFO - Sync 1 DAGs
[2025-12-04T17:05:05.886+0000] {logging_mixin.py:188} INFO - [2025-12-04T17:05:05.886+0000] {dag.py:3823} INFO - Setting next_dagrun for weather_prediction_pipeline to 2025-12-04 00:00:00+00:00, run_after=2025-12-05 00:00:00+00:00
[2025-12-04T17:05:05.907+0000] {processor.py:183} INFO - Processing /opt/airflow/dags/weather_prediction_dag.py took 0.108 seconds
[2025-12-04T17:05:36.566+0000] {processor.py:161} INFO - Started process (PID=1293) to work on /opt/airflow/dags/weather_prediction_dag.py
[2025-12-04T17:05:36.567+0000] {processor.py:830} INFO - Processing file /opt/airflow/dags/weather_prediction_dag.py for tasks to queue
[2025-12-04T17:05:36.569+0000] {logging_mixin.py:188} INFO - [2025-12-04T17:05:36.568+0000] {dagbag.py:538} INFO - Filling up the DagBag from /opt/airflow/dags/weather_prediction_dag.py
[2025-12-04T17:05:36.623+0000] {processor.py:840} INFO - DAG(s) 'weather_prediction_pipeline' retrieved from /opt/airflow/dags/weather_prediction_dag.py
[2025-12-04T17:05:36.644+0000] {logging_mixin.py:188} INFO - [2025-12-04T17:05:36.644+0000] {dag.py:3036} INFO - Sync 1 DAGs
[2025-12-04T17:05:36.664+0000] {logging_mixin.py:188} INFO - [2025-12-04T17:05:36.664+0000] {dag.py:3823} INFO - Setting next_dagrun for weather_prediction_pipeline to 2025-12-04 00:00:00+00:00, run_after=2025-12-05 00:00:00+00:00
[2025-12-04T17:05:36.680+0000] {processor.py:183} INFO - Processing /opt/airflow/dags/weather_prediction_dag.py took 0.117 seconds
[2025-12-04T17:06:07.546+0000] {processor.py:161} INFO - Started process (PID=1306) to work on /opt/airflow/dags/weather_prediction_dag.py
[2025-12-04T17:06:07.547+0000] {processor.py:830} INFO - Processing file /opt/airflow/dags/weather_prediction_dag.py for tasks to queue
[2025-12-04T17:06:07.547+0000] {logging_mixin.py:188} INFO - [2025-12-04T17:06:07.547+0000] {dagbag.py:538} INFO - Filling up the DagBag from /opt/airflow/dags/weather_prediction_dag.py
[2025-12-04T17:06:07.572+0000] {processor.py:840} INFO - DAG(s) 'weather_prediction_pipeline' retrieved from /opt/airflow/dags/weather_prediction_dag.py
[2025-12-04T17:06:07.588+0000] {logging_mixin.py:188} INFO - [2025-12-04T17:06:07.588+0000] {dag.py:3036} INFO - Sync 1 DAGs
[2025-12-04T17:06:07.603+0000] {logging_mixin.py:188} INFO - [2025-12-04T17:06:07.603+0000] {dag.py:3823} INFO - Setting next_dagrun for weather_prediction_pipeline to 2025-12-04 00:00:00+00:00, run_after=2025-12-05 00:00:00+00:00
[2025-12-04T17:06:07.617+0000] {processor.py:183} INFO - Processing /opt/airflow/dags/weather_prediction_dag.py took 0.073 seconds
[2025-12-04T17:06:38.305+0000] {processor.py:161} INFO - Started process (PID=1319) to work on /opt/airflow/dags/weather_prediction_dag.py
[2025-12-04T17:06:38.306+0000] {processor.py:830} INFO - Processing file /opt/airflow/dags/weather_prediction_dag.py for tasks to queue
[2025-12-04T17:06:38.307+0000] {logging_mixin.py:188} INFO - [2025-12-04T17:06:38.307+0000] {dagbag.py:538} INFO - Filling up the DagBag from /opt/airflow/dags/weather_prediction_dag.py
[2025-12-04T17:06:38.343+0000] {processor.py:840} INFO - DAG(s) 'weather_prediction_pipeline' retrieved from /opt/airflow/dags/weather_prediction_dag.py
[2025-12-04T17:06:38.362+0000] {logging_mixin.py:188} INFO - [2025-12-04T17:06:38.362+0000] {dag.py:3036} INFO - Sync 1 DAGs
[2025-12-04T17:06:38.379+0000] {logging_mixin.py:188} INFO - [2025-12-04T17:06:38.378+0000] {dag.py:3823} INFO - Setting next_dagrun for weather_prediction_pipeline to 2025-12-04 00:00:00+00:00, run_after=2025-12-05 00:00:00+00:00
[2025-12-04T17:06:38.394+0000] {processor.py:183} INFO - Processing /opt/airflow/dags/weather_prediction_dag.py took 0.092 seconds
[2025-12-04T17:07:08.667+0000] {processor.py:161} INFO - Started process (PID=1332) to work on /opt/airflow/dags/weather_prediction_dag.py
[2025-12-04T17:07:08.668+0000] {processor.py:830} INFO - Processing file /opt/airflow/dags/weather_prediction_dag.py for tasks to queue
[2025-12-04T17:07:08.669+0000] {logging_mixin.py:188} INFO - [2025-12-04T17:07:08.669+0000] {dagbag.py:538} INFO - Filling up the DagBag from /opt/airflow/dags/weather_prediction_dag.py
[2025-12-04T17:07:08.696+0000] {processor.py:840} INFO - DAG(s) 'weather_prediction_pipeline' retrieved from /opt/airflow/dags/weather_prediction_dag.py
[2025-12-04T17:07:08.713+0000] {logging_mixin.py:188} INFO - [2025-12-04T17:07:08.713+0000] {dag.py:3036} INFO - Sync 1 DAGs
[2025-12-04T17:07:08.728+0000] {logging_mixin.py:188} INFO - [2025-12-04T17:07:08.728+0000] {dag.py:3823} INFO - Setting next_dagrun for weather_prediction_pipeline to 2025-12-04 00:00:00+00:00, run_after=2025-12-05 00:00:00+00:00
[2025-12-04T17:07:08.742+0000] {processor.py:183} INFO - Processing /opt/airflow/dags/weather_prediction_dag.py took 0.077 seconds
[2025-12-04T17:07:38.998+0000] {processor.py:161} INFO - Started process (PID=1345) to work on /opt/airflow/dags/weather_prediction_dag.py
[2025-12-04T17:07:38.999+0000] {processor.py:830} INFO - Processing file /opt/airflow/dags/weather_prediction_dag.py for tasks to queue
[2025-12-04T17:07:39.001+0000] {logging_mixin.py:188} INFO - [2025-12-04T17:07:39.000+0000] {dagbag.py:538} INFO - Filling up the DagBag from /opt/airflow/dags/weather_prediction_dag.py
[2025-12-04T17:07:39.045+0000] {processor.py:840} INFO - DAG(s) 'weather_prediction_pipeline' retrieved from /opt/airflow/dags/weather_prediction_dag.py
[2025-12-04T17:07:39.067+0000] {logging_mixin.py:188} INFO - [2025-12-04T17:07:39.066+0000] {dag.py:3036} INFO - Sync 1 DAGs
[2025-12-04T17:07:39.086+0000] {logging_mixin.py:188} INFO - [2025-12-04T17:07:39.086+0000] {dag.py:3823} INFO - Setting next_dagrun for weather_prediction_pipeline to 2025-12-04 00:00:00+00:00, run_after=2025-12-05 00:00:00+00:00
[2025-12-04T17:07:39.104+0000] {processor.py:183} INFO - Processing /opt/airflow/dags/weather_prediction_dag.py took 0.108 seconds
[2025-12-04T17:08:09.174+0000] {processor.py:161} INFO - Started process (PID=1358) to work on /opt/airflow/dags/weather_prediction_dag.py
[2025-12-04T17:08:09.175+0000] {processor.py:830} INFO - Processing file /opt/airflow/dags/weather_prediction_dag.py for tasks to queue
[2025-12-04T17:08:09.176+0000] {logging_mixin.py:188} INFO - [2025-12-04T17:08:09.175+0000] {dagbag.py:538} INFO - Filling up the DagBag from /opt/airflow/dags/weather_prediction_dag.py
[2025-12-04T17:08:09.209+0000] {processor.py:840} INFO - DAG(s) 'weather_prediction_pipeline' retrieved from /opt/airflow/dags/weather_prediction_dag.py
[2025-12-04T17:08:09.228+0000] {logging_mixin.py:188} INFO - [2025-12-04T17:08:09.228+0000] {dag.py:3036} INFO - Sync 1 DAGs
[2025-12-04T17:08:09.245+0000] {logging_mixin.py:188} INFO - [2025-12-04T17:08:09.244+0000] {dag.py:3823} INFO - Setting next_dagrun for weather_prediction_pipeline to 2025-12-04 00:00:00+00:00, run_after=2025-12-05 00:00:00+00:00
[2025-12-04T17:08:09.260+0000] {processor.py:183} INFO - Processing /opt/airflow/dags/weather_prediction_dag.py took 0.089 seconds
[2025-12-04T17:08:39.360+0000] {processor.py:161} INFO - Started process (PID=1371) to work on /opt/airflow/dags/weather_prediction_dag.py
[2025-12-04T17:08:39.362+0000] {processor.py:830} INFO - Processing file /opt/airflow/dags/weather_prediction_dag.py for tasks to queue
[2025-12-04T17:08:39.363+0000] {logging_mixin.py:188} INFO - [2025-12-04T17:08:39.362+0000] {dagbag.py:538} INFO - Filling up the DagBag from /opt/airflow/dags/weather_prediction_dag.py
[2025-12-04T17:08:39.394+0000] {processor.py:840} INFO - DAG(s) 'weather_prediction_pipeline' retrieved from /opt/airflow/dags/weather_prediction_dag.py
[2025-12-04T17:08:39.417+0000] {logging_mixin.py:188} INFO - [2025-12-04T17:08:39.416+0000] {dag.py:3036} INFO - Sync 1 DAGs
[2025-12-04T17:08:39.434+0000] {logging_mixin.py:188} INFO - [2025-12-04T17:08:39.434+0000] {dag.py:3823} INFO - Setting next_dagrun for weather_prediction_pipeline to 2025-12-04 00:00:00+00:00, run_after=2025-12-05 00:00:00+00:00
[2025-12-04T17:08:39.449+0000] {processor.py:183} INFO - Processing /opt/airflow/dags/weather_prediction_dag.py took 0.092 seconds
[2025-12-04T17:09:09.691+0000] {processor.py:161} INFO - Started process (PID=1384) to work on /opt/airflow/dags/weather_prediction_dag.py
[2025-12-04T17:09:09.692+0000] {processor.py:830} INFO - Processing file /opt/airflow/dags/weather_prediction_dag.py for tasks to queue
[2025-12-04T17:09:09.693+0000] {logging_mixin.py:188} INFO - [2025-12-04T17:09:09.693+0000] {dagbag.py:538} INFO - Filling up the DagBag from /opt/airflow/dags/weather_prediction_dag.py
[2025-12-04T17:09:09.724+0000] {processor.py:840} INFO - DAG(s) 'weather_prediction_pipeline' retrieved from /opt/airflow/dags/weather_prediction_dag.py
[2025-12-04T17:09:09.742+0000] {logging_mixin.py:188} INFO - [2025-12-04T17:09:09.742+0000] {dag.py:3036} INFO - Sync 1 DAGs
[2025-12-04T17:09:09.758+0000] {logging_mixin.py:188} INFO - [2025-12-04T17:09:09.757+0000] {dag.py:3823} INFO - Setting next_dagrun for weather_prediction_pipeline to 2025-12-04 00:00:00+00:00, run_after=2025-12-05 00:00:00+00:00
[2025-12-04T17:09:09.771+0000] {processor.py:183} INFO - Processing /opt/airflow/dags/weather_prediction_dag.py took 0.082 seconds
[2025-12-04T17:09:40.192+0000] {processor.py:161} INFO - Started process (PID=1396) to work on /opt/airflow/dags/weather_prediction_dag.py
[2025-12-04T17:09:40.193+0000] {processor.py:830} INFO - Processing file /opt/airflow/dags/weather_prediction_dag.py for tasks to queue
[2025-12-04T17:09:40.194+0000] {logging_mixin.py:188} INFO - [2025-12-04T17:09:40.194+0000] {dagbag.py:538} INFO - Filling up the DagBag from /opt/airflow/dags/weather_prediction_dag.py
[2025-12-04T17:09:40.234+0000] {processor.py:840} INFO - DAG(s) 'weather_prediction_pipeline' retrieved from /opt/airflow/dags/weather_prediction_dag.py
[2025-12-04T17:09:40.258+0000] {logging_mixin.py:188} INFO - [2025-12-04T17:09:40.258+0000] {dag.py:3036} INFO - Sync 1 DAGs
[2025-12-04T17:09:40.277+0000] {logging_mixin.py:188} INFO - [2025-12-04T17:09:40.277+0000] {dag.py:3823} INFO - Setting next_dagrun for weather_prediction_pipeline to 2025-12-04 00:00:00+00:00, run_after=2025-12-05 00:00:00+00:00
[2025-12-04T17:09:40.295+0000] {processor.py:183} INFO - Processing /opt/airflow/dags/weather_prediction_dag.py took 0.106 seconds
[2025-12-04T17:10:10.560+0000] {processor.py:161} INFO - Started process (PID=1402) to work on /opt/airflow/dags/weather_prediction_dag.py
[2025-12-04T17:10:10.562+0000] {processor.py:830} INFO - Processing file /opt/airflow/dags/weather_prediction_dag.py for tasks to queue
[2025-12-04T17:10:10.562+0000] {logging_mixin.py:188} INFO - [2025-12-04T17:10:10.562+0000] {dagbag.py:538} INFO - Filling up the DagBag from /opt/airflow/dags/weather_prediction_dag.py
[2025-12-04T17:10:10.593+0000] {processor.py:840} INFO - DAG(s) 'weather_prediction_pipeline' retrieved from /opt/airflow/dags/weather_prediction_dag.py
[2025-12-04T17:10:10.615+0000] {logging_mixin.py:188} INFO - [2025-12-04T17:10:10.614+0000] {dag.py:3036} INFO - Sync 1 DAGs
[2025-12-04T17:10:10.631+0000] {logging_mixin.py:188} INFO - [2025-12-04T17:10:10.631+0000] {dag.py:3823} INFO - Setting next_dagrun for weather_prediction_pipeline to 2025-12-04 00:00:00+00:00, run_after=2025-12-05 00:00:00+00:00
[2025-12-04T17:10:10.647+0000] {processor.py:183} INFO - Processing /opt/airflow/dags/weather_prediction_dag.py took 0.091 seconds
[2025-12-04T17:10:40.779+0000] {processor.py:161} INFO - Started process (PID=1415) to work on /opt/airflow/dags/weather_prediction_dag.py
[2025-12-04T17:10:40.780+0000] {processor.py:830} INFO - Processing file /opt/airflow/dags/weather_prediction_dag.py for tasks to queue
[2025-12-04T17:10:40.781+0000] {logging_mixin.py:188} INFO - [2025-12-04T17:10:40.781+0000] {dagbag.py:538} INFO - Filling up the DagBag from /opt/airflow/dags/weather_prediction_dag.py
[2025-12-04T17:10:40.815+0000] {processor.py:840} INFO - DAG(s) 'weather_prediction_pipeline' retrieved from /opt/airflow/dags/weather_prediction_dag.py
[2025-12-04T17:10:40.841+0000] {logging_mixin.py:188} INFO - [2025-12-04T17:10:40.841+0000] {dag.py:3036} INFO - Sync 1 DAGs
[2025-12-04T17:10:40.860+0000] {logging_mixin.py:188} INFO - [2025-12-04T17:10:40.860+0000] {dag.py:3823} INFO - Setting next_dagrun for weather_prediction_pipeline to 2025-12-04 00:00:00+00:00, run_after=2025-12-05 00:00:00+00:00
[2025-12-04T17:10:40.879+0000] {processor.py:183} INFO - Processing /opt/airflow/dags/weather_prediction_dag.py took 0.104 seconds
[2025-12-04T17:11:11.043+0000] {processor.py:161} INFO - Started process (PID=1428) to work on /opt/airflow/dags/weather_prediction_dag.py
[2025-12-04T17:11:11.045+0000] {processor.py:830} INFO - Processing file /opt/airflow/dags/weather_prediction_dag.py for tasks to queue
[2025-12-04T17:11:11.046+0000] {logging_mixin.py:188} INFO - [2025-12-04T17:11:11.045+0000] {dagbag.py:538} INFO - Filling up the DagBag from /opt/airflow/dags/weather_prediction_dag.py
[2025-12-04T17:11:11.076+0000] {processor.py:840} INFO - DAG(s) 'weather_prediction_pipeline' retrieved from /opt/airflow/dags/weather_prediction_dag.py
[2025-12-04T17:11:11.097+0000] {logging_mixin.py:188} INFO - [2025-12-04T17:11:11.097+0000] {dag.py:3036} INFO - Sync 1 DAGs
[2025-12-04T17:11:11.114+0000] {logging_mixin.py:188} INFO - [2025-12-04T17:11:11.114+0000] {dag.py:3823} INFO - Setting next_dagrun for weather_prediction_pipeline to 2025-12-04 00:00:00+00:00, run_after=2025-12-05 00:00:00+00:00
[2025-12-04T17:11:11.132+0000] {processor.py:183} INFO - Processing /opt/airflow/dags/weather_prediction_dag.py took 0.091 seconds
[2025-12-04T17:11:41.304+0000] {processor.py:161} INFO - Started process (PID=1440) to work on /opt/airflow/dags/weather_prediction_dag.py
[2025-12-04T17:11:41.305+0000] {processor.py:830} INFO - Processing file /opt/airflow/dags/weather_prediction_dag.py for tasks to queue
[2025-12-04T17:11:41.306+0000] {logging_mixin.py:188} INFO - [2025-12-04T17:11:41.305+0000] {dagbag.py:538} INFO - Filling up the DagBag from /opt/airflow/dags/weather_prediction_dag.py
[2025-12-04T17:11:41.334+0000] {processor.py:840} INFO - DAG(s) 'weather_prediction_pipeline' retrieved from /opt/airflow/dags/weather_prediction_dag.py
[2025-12-04T17:11:41.352+0000] {logging_mixin.py:188} INFO - [2025-12-04T17:11:41.351+0000] {dag.py:3036} INFO - Sync 1 DAGs
[2025-12-04T17:11:41.367+0000] {logging_mixin.py:188} INFO - [2025-12-04T17:11:41.367+0000] {dag.py:3823} INFO - Setting next_dagrun for weather_prediction_pipeline to 2025-12-04 00:00:00+00:00, run_after=2025-12-05 00:00:00+00:00
[2025-12-04T17:11:41.385+0000] {processor.py:183} INFO - Processing /opt/airflow/dags/weather_prediction_dag.py took 0.083 seconds
[2025-12-04T17:12:11.877+0000] {processor.py:161} INFO - Started process (PID=1453) to work on /opt/airflow/dags/weather_prediction_dag.py
[2025-12-04T17:12:11.878+0000] {processor.py:830} INFO - Processing file /opt/airflow/dags/weather_prediction_dag.py for tasks to queue
[2025-12-04T17:12:11.879+0000] {logging_mixin.py:188} INFO - [2025-12-04T17:12:11.879+0000] {dagbag.py:538} INFO - Filling up the DagBag from /opt/airflow/dags/weather_prediction_dag.py
[2025-12-04T17:12:11.924+0000] {processor.py:840} INFO - DAG(s) 'weather_prediction_pipeline' retrieved from /opt/airflow/dags/weather_prediction_dag.py
[2025-12-04T17:12:11.947+0000] {logging_mixin.py:188} INFO - [2025-12-04T17:12:11.947+0000] {dag.py:3036} INFO - Sync 1 DAGs
[2025-12-04T17:12:11.967+0000] {logging_mixin.py:188} INFO - [2025-12-04T17:12:11.967+0000] {dag.py:3823} INFO - Setting next_dagrun for weather_prediction_pipeline to 2025-12-04 00:00:00+00:00, run_after=2025-12-05 00:00:00+00:00
[2025-12-04T17:12:11.985+0000] {processor.py:183} INFO - Processing /opt/airflow/dags/weather_prediction_dag.py took 0.111 seconds
[2025-12-04T17:12:42.097+0000] {processor.py:161} INFO - Started process (PID=1466) to work on /opt/airflow/dags/weather_prediction_dag.py
[2025-12-04T17:12:42.098+0000] {processor.py:830} INFO - Processing file /opt/airflow/dags/weather_prediction_dag.py for tasks to queue
[2025-12-04T17:12:42.099+0000] {logging_mixin.py:188} INFO - [2025-12-04T17:12:42.099+0000] {dagbag.py:538} INFO - Filling up the DagBag from /opt/airflow/dags/weather_prediction_dag.py
[2025-12-04T17:12:42.142+0000] {processor.py:840} INFO - DAG(s) 'weather_prediction_pipeline' retrieved from /opt/airflow/dags/weather_prediction_dag.py
[2025-12-04T17:12:42.166+0000] {logging_mixin.py:188} INFO - [2025-12-04T17:12:42.166+0000] {dag.py:3036} INFO - Sync 1 DAGs
[2025-12-04T17:12:42.185+0000] {logging_mixin.py:188} INFO - [2025-12-04T17:12:42.185+0000] {dag.py:3823} INFO - Setting next_dagrun for weather_prediction_pipeline to 2025-12-04 00:00:00+00:00, run_after=2025-12-05 00:00:00+00:00
[2025-12-04T17:12:42.205+0000] {processor.py:183} INFO - Processing /opt/airflow/dags/weather_prediction_dag.py took 0.111 seconds
[2025-12-04T17:13:12.287+0000] {processor.py:161} INFO - Started process (PID=1479) to work on /opt/airflow/dags/weather_prediction_dag.py
[2025-12-04T17:13:12.288+0000] {processor.py:830} INFO - Processing file /opt/airflow/dags/weather_prediction_dag.py for tasks to queue
[2025-12-04T17:13:12.289+0000] {logging_mixin.py:188} INFO - [2025-12-04T17:13:12.289+0000] {dagbag.py:538} INFO - Filling up the DagBag from /opt/airflow/dags/weather_prediction_dag.py
[2025-12-04T17:13:12.323+0000] {processor.py:840} INFO - DAG(s) 'weather_prediction_pipeline' retrieved from /opt/airflow/dags/weather_prediction_dag.py
[2025-12-04T17:13:12.342+0000] {logging_mixin.py:188} INFO - [2025-12-04T17:13:12.341+0000] {dag.py:3036} INFO - Sync 1 DAGs
[2025-12-04T17:13:12.357+0000] {logging_mixin.py:188} INFO - [2025-12-04T17:13:12.356+0000] {dag.py:3823} INFO - Setting next_dagrun for weather_prediction_pipeline to 2025-12-04 00:00:00+00:00, run_after=2025-12-05 00:00:00+00:00
[2025-12-04T17:13:12.373+0000] {processor.py:183} INFO - Processing /opt/airflow/dags/weather_prediction_dag.py took 0.089 seconds
[2025-12-04T17:13:42.893+0000] {processor.py:161} INFO - Started process (PID=1492) to work on /opt/airflow/dags/weather_prediction_dag.py
[2025-12-04T17:13:42.894+0000] {processor.py:830} INFO - Processing file /opt/airflow/dags/weather_prediction_dag.py for tasks to queue
[2025-12-04T17:13:42.895+0000] {logging_mixin.py:188} INFO - [2025-12-04T17:13:42.895+0000] {dagbag.py:538} INFO - Filling up the DagBag from /opt/airflow/dags/weather_prediction_dag.py
[2025-12-04T17:13:42.926+0000] {processor.py:840} INFO - DAG(s) 'weather_prediction_pipeline' retrieved from /opt/airflow/dags/weather_prediction_dag.py
[2025-12-04T17:13:42.951+0000] {logging_mixin.py:188} INFO - [2025-12-04T17:13:42.950+0000] {dag.py:3036} INFO - Sync 1 DAGs
[2025-12-04T17:13:42.973+0000] {logging_mixin.py:188} INFO - [2025-12-04T17:13:42.973+0000] {dag.py:3823} INFO - Setting next_dagrun for weather_prediction_pipeline to 2025-12-04 00:00:00+00:00, run_after=2025-12-05 00:00:00+00:00
[2025-12-04T17:13:42.992+0000] {processor.py:183} INFO - Processing /opt/airflow/dags/weather_prediction_dag.py took 0.102 seconds
[2025-12-04T17:14:13.219+0000] {processor.py:161} INFO - Started process (PID=1505) to work on /opt/airflow/dags/weather_prediction_dag.py
[2025-12-04T17:14:13.220+0000] {processor.py:830} INFO - Processing file /opt/airflow/dags/weather_prediction_dag.py for tasks to queue
[2025-12-04T17:14:13.221+0000] {logging_mixin.py:188} INFO - [2025-12-04T17:14:13.221+0000] {dagbag.py:538} INFO - Filling up the DagBag from /opt/airflow/dags/weather_prediction_dag.py
[2025-12-04T17:14:13.249+0000] {processor.py:840} INFO - DAG(s) 'weather_prediction_pipeline' retrieved from /opt/airflow/dags/weather_prediction_dag.py
[2025-12-04T17:14:13.266+0000] {logging_mixin.py:188} INFO - [2025-12-04T17:14:13.266+0000] {dag.py:3036} INFO - Sync 1 DAGs
[2025-12-04T17:14:13.282+0000] {logging_mixin.py:188} INFO - [2025-12-04T17:14:13.282+0000] {dag.py:3823} INFO - Setting next_dagrun for weather_prediction_pipeline to 2025-12-04 00:00:00+00:00, run_after=2025-12-05 00:00:00+00:00
[2025-12-04T17:14:13.307+0000] {processor.py:183} INFO - Processing /opt/airflow/dags/weather_prediction_dag.py took 0.091 seconds
[2025-12-04T17:14:43.812+0000] {processor.py:161} INFO - Started process (PID=1518) to work on /opt/airflow/dags/weather_prediction_dag.py
[2025-12-04T17:14:43.813+0000] {processor.py:830} INFO - Processing file /opt/airflow/dags/weather_prediction_dag.py for tasks to queue
[2025-12-04T17:14:43.815+0000] {logging_mixin.py:188} INFO - [2025-12-04T17:14:43.814+0000] {dagbag.py:538} INFO - Filling up the DagBag from /opt/airflow/dags/weather_prediction_dag.py
[2025-12-04T17:14:43.844+0000] {processor.py:840} INFO - DAG(s) 'weather_prediction_pipeline' retrieved from /opt/airflow/dags/weather_prediction_dag.py
[2025-12-04T17:14:43.863+0000] {logging_mixin.py:188} INFO - [2025-12-04T17:14:43.863+0000] {dag.py:3036} INFO - Sync 1 DAGs
[2025-12-04T17:14:43.879+0000] {logging_mixin.py:188} INFO - [2025-12-04T17:14:43.879+0000] {dag.py:3823} INFO - Setting next_dagrun for weather_prediction_pipeline to 2025-12-04 00:00:00+00:00, run_after=2025-12-05 00:00:00+00:00
[2025-12-04T17:14:43.896+0000] {processor.py:183} INFO - Processing /opt/airflow/dags/weather_prediction_dag.py took 0.086 seconds
[2025-12-04T17:15:14.089+0000] {processor.py:161} INFO - Started process (PID=1531) to work on /opt/airflow/dags/weather_prediction_dag.py
[2025-12-04T17:15:14.090+0000] {processor.py:830} INFO - Processing file /opt/airflow/dags/weather_prediction_dag.py for tasks to queue
[2025-12-04T17:15:14.091+0000] {logging_mixin.py:188} INFO - [2025-12-04T17:15:14.091+0000] {dagbag.py:538} INFO - Filling up the DagBag from /opt/airflow/dags/weather_prediction_dag.py
[2025-12-04T17:15:14.124+0000] {processor.py:840} INFO - DAG(s) 'weather_prediction_pipeline' retrieved from /opt/airflow/dags/weather_prediction_dag.py
[2025-12-04T17:15:14.142+0000] {logging_mixin.py:188} INFO - [2025-12-04T17:15:14.142+0000] {dag.py:3036} INFO - Sync 1 DAGs
[2025-12-04T17:15:14.161+0000] {logging_mixin.py:188} INFO - [2025-12-04T17:15:14.161+0000] {dag.py:3823} INFO - Setting next_dagrun for weather_prediction_pipeline to 2025-12-04 00:00:00+00:00, run_after=2025-12-05 00:00:00+00:00
[2025-12-04T17:15:14.178+0000] {processor.py:183} INFO - Processing /opt/airflow/dags/weather_prediction_dag.py took 0.093 seconds
[2025-12-04T17:15:44.272+0000] {processor.py:161} INFO - Started process (PID=1544) to work on /opt/airflow/dags/weather_prediction_dag.py
[2025-12-04T17:15:44.274+0000] {processor.py:830} INFO - Processing file /opt/airflow/dags/weather_prediction_dag.py for tasks to queue
[2025-12-04T17:15:44.275+0000] {logging_mixin.py:188} INFO - [2025-12-04T17:15:44.275+0000] {dagbag.py:538} INFO - Filling up the DagBag from /opt/airflow/dags/weather_prediction_dag.py
[2025-12-04T17:15:44.319+0000] {processor.py:840} INFO - DAG(s) 'weather_prediction_pipeline' retrieved from /opt/airflow/dags/weather_prediction_dag.py
[2025-12-04T17:15:44.337+0000] {logging_mixin.py:188} INFO - [2025-12-04T17:15:44.337+0000] {dag.py:3036} INFO - Sync 1 DAGs
[2025-12-04T17:15:44.354+0000] {logging_mixin.py:188} INFO - [2025-12-04T17:15:44.354+0000] {dag.py:3823} INFO - Setting next_dagrun for weather_prediction_pipeline to 2025-12-04 00:00:00+00:00, run_after=2025-12-05 00:00:00+00:00
[2025-12-04T17:15:44.370+0000] {processor.py:183} INFO - Processing /opt/airflow/dags/weather_prediction_dag.py took 0.101 seconds
[2025-12-04T17:16:14.487+0000] {processor.py:161} INFO - Started process (PID=1557) to work on /opt/airflow/dags/weather_prediction_dag.py
[2025-12-04T17:16:14.489+0000] {processor.py:830} INFO - Processing file /opt/airflow/dags/weather_prediction_dag.py for tasks to queue
[2025-12-04T17:16:14.490+0000] {logging_mixin.py:188} INFO - [2025-12-04T17:16:14.490+0000] {dagbag.py:538} INFO - Filling up the DagBag from /opt/airflow/dags/weather_prediction_dag.py
[2025-12-04T17:16:14.537+0000] {processor.py:840} INFO - DAG(s) 'weather_prediction_pipeline' retrieved from /opt/airflow/dags/weather_prediction_dag.py
[2025-12-04T17:16:14.563+0000] {logging_mixin.py:188} INFO - [2025-12-04T17:16:14.562+0000] {dag.py:3036} INFO - Sync 1 DAGs
[2025-12-04T17:16:14.581+0000] {logging_mixin.py:188} INFO - [2025-12-04T17:16:14.581+0000] {dag.py:3823} INFO - Setting next_dagrun for weather_prediction_pipeline to 2025-12-04 00:00:00+00:00, run_after=2025-12-05 00:00:00+00:00
[2025-12-04T17:16:14.597+0000] {processor.py:183} INFO - Processing /opt/airflow/dags/weather_prediction_dag.py took 0.114 seconds
[2025-12-04T17:16:44.677+0000] {processor.py:161} INFO - Started process (PID=1570) to work on /opt/airflow/dags/weather_prediction_dag.py
[2025-12-04T17:16:44.678+0000] {processor.py:830} INFO - Processing file /opt/airflow/dags/weather_prediction_dag.py for tasks to queue
[2025-12-04T17:16:44.679+0000] {logging_mixin.py:188} INFO - [2025-12-04T17:16:44.679+0000] {dagbag.py:538} INFO - Filling up the DagBag from /opt/airflow/dags/weather_prediction_dag.py
[2025-12-04T17:16:44.711+0000] {processor.py:840} INFO - DAG(s) 'weather_prediction_pipeline' retrieved from /opt/airflow/dags/weather_prediction_dag.py
[2025-12-04T17:16:44.732+0000] {logging_mixin.py:188} INFO - [2025-12-04T17:16:44.731+0000] {dag.py:3036} INFO - Sync 1 DAGs
[2025-12-04T17:16:44.749+0000] {logging_mixin.py:188} INFO - [2025-12-04T17:16:44.749+0000] {dag.py:3823} INFO - Setting next_dagrun for weather_prediction_pipeline to 2025-12-04 00:00:00+00:00, run_after=2025-12-05 00:00:00+00:00
[2025-12-04T17:16:44.764+0000] {processor.py:183} INFO - Processing /opt/airflow/dags/weather_prediction_dag.py took 0.089 seconds
[2025-12-04T17:17:14.938+0000] {processor.py:161} INFO - Started process (PID=1583) to work on /opt/airflow/dags/weather_prediction_dag.py
[2025-12-04T17:17:14.939+0000] {processor.py:830} INFO - Processing file /opt/airflow/dags/weather_prediction_dag.py for tasks to queue
[2025-12-04T17:17:14.940+0000] {logging_mixin.py:188} INFO - [2025-12-04T17:17:14.939+0000] {dagbag.py:538} INFO - Filling up the DagBag from /opt/airflow/dags/weather_prediction_dag.py
[2025-12-04T17:17:14.983+0000] {processor.py:840} INFO - DAG(s) 'weather_prediction_pipeline' retrieved from /opt/airflow/dags/weather_prediction_dag.py
[2025-12-04T17:17:15.005+0000] {logging_mixin.py:188} INFO - [2025-12-04T17:17:15.005+0000] {dag.py:3036} INFO - Sync 1 DAGs
[2025-12-04T17:17:15.023+0000] {logging_mixin.py:188} INFO - [2025-12-04T17:17:15.023+0000] {dag.py:3823} INFO - Setting next_dagrun for weather_prediction_pipeline to 2025-12-04 00:00:00+00:00, run_after=2025-12-05 00:00:00+00:00
[2025-12-04T17:17:15.041+0000] {processor.py:183} INFO - Processing /opt/airflow/dags/weather_prediction_dag.py took 0.106 seconds
[2025-12-04T17:17:45.212+0000] {processor.py:161} INFO - Started process (PID=1596) to work on /opt/airflow/dags/weather_prediction_dag.py
[2025-12-04T17:17:45.215+0000] {processor.py:830} INFO - Processing file /opt/airflow/dags/weather_prediction_dag.py for tasks to queue
[2025-12-04T17:17:45.219+0000] {logging_mixin.py:188} INFO - [2025-12-04T17:17:45.219+0000] {dagbag.py:538} INFO - Filling up the DagBag from /opt/airflow/dags/weather_prediction_dag.py
[2025-12-04T17:17:45.390+0000] {processor.py:840} INFO - DAG(s) 'weather_prediction_pipeline' retrieved from /opt/airflow/dags/weather_prediction_dag.py
[2025-12-04T17:17:45.412+0000] {logging_mixin.py:188} INFO - [2025-12-04T17:17:45.412+0000] {dag.py:3036} INFO - Sync 1 DAGs
[2025-12-04T17:17:45.430+0000] {logging_mixin.py:188} INFO - [2025-12-04T17:17:45.430+0000] {dag.py:3823} INFO - Setting next_dagrun for weather_prediction_pipeline to 2025-12-04 00:00:00+00:00, run_after=2025-12-05 00:00:00+00:00
[2025-12-04T17:17:45.450+0000] {processor.py:183} INFO - Processing /opt/airflow/dags/weather_prediction_dag.py took 0.241 seconds
[2025-12-04T17:18:15.595+0000] {processor.py:161} INFO - Started process (PID=1609) to work on /opt/airflow/dags/weather_prediction_dag.py
[2025-12-04T17:18:15.595+0000] {processor.py:830} INFO - Processing file /opt/airflow/dags/weather_prediction_dag.py for tasks to queue
[2025-12-04T17:18:15.596+0000] {logging_mixin.py:188} INFO - [2025-12-04T17:18:15.596+0000] {dagbag.py:538} INFO - Filling up the DagBag from /opt/airflow/dags/weather_prediction_dag.py
[2025-12-04T17:18:15.624+0000] {processor.py:840} INFO - DAG(s) 'weather_prediction_pipeline' retrieved from /opt/airflow/dags/weather_prediction_dag.py
[2025-12-04T17:18:15.641+0000] {logging_mixin.py:188} INFO - [2025-12-04T17:18:15.641+0000] {dag.py:3036} INFO - Sync 1 DAGs
[2025-12-04T17:18:15.657+0000] {logging_mixin.py:188} INFO - [2025-12-04T17:18:15.656+0000] {dag.py:3823} INFO - Setting next_dagrun for weather_prediction_pipeline to 2025-12-04 00:00:00+00:00, run_after=2025-12-05 00:00:00+00:00
[2025-12-04T17:18:15.669+0000] {processor.py:183} INFO - Processing /opt/airflow/dags/weather_prediction_dag.py took 0.077 seconds
[2025-12-04T17:18:45.750+0000] {processor.py:161} INFO - Started process (PID=1622) to work on /opt/airflow/dags/weather_prediction_dag.py
[2025-12-04T17:18:45.751+0000] {processor.py:830} INFO - Processing file /opt/airflow/dags/weather_prediction_dag.py for tasks to queue
[2025-12-04T17:18:45.752+0000] {logging_mixin.py:188} INFO - [2025-12-04T17:18:45.752+0000] {dagbag.py:538} INFO - Filling up the DagBag from /opt/airflow/dags/weather_prediction_dag.py
[2025-12-04T17:18:45.781+0000] {processor.py:840} INFO - DAG(s) 'weather_prediction_pipeline' retrieved from /opt/airflow/dags/weather_prediction_dag.py
[2025-12-04T17:18:45.802+0000] {logging_mixin.py:188} INFO - [2025-12-04T17:18:45.802+0000] {dag.py:3036} INFO - Sync 1 DAGs
[2025-12-04T17:18:45.819+0000] {logging_mixin.py:188} INFO - [2025-12-04T17:18:45.819+0000] {dag.py:3823} INFO - Setting next_dagrun for weather_prediction_pipeline to 2025-12-04 00:00:00+00:00, run_after=2025-12-05 00:00:00+00:00
[2025-12-04T17:18:45.834+0000] {processor.py:183} INFO - Processing /opt/airflow/dags/weather_prediction_dag.py took 0.086 seconds
[2025-12-04T17:19:16.534+0000] {processor.py:161} INFO - Started process (PID=1635) to work on /opt/airflow/dags/weather_prediction_dag.py
[2025-12-04T17:19:16.535+0000] {processor.py:830} INFO - Processing file /opt/airflow/dags/weather_prediction_dag.py for tasks to queue
[2025-12-04T17:19:16.536+0000] {logging_mixin.py:188} INFO - [2025-12-04T17:19:16.535+0000] {dagbag.py:538} INFO - Filling up the DagBag from /opt/airflow/dags/weather_prediction_dag.py
[2025-12-04T17:19:16.566+0000] {processor.py:840} INFO - DAG(s) 'weather_prediction_pipeline' retrieved from /opt/airflow/dags/weather_prediction_dag.py
[2025-12-04T17:19:16.584+0000] {logging_mixin.py:188} INFO - [2025-12-04T17:19:16.583+0000] {dag.py:3036} INFO - Sync 1 DAGs
[2025-12-04T17:19:16.599+0000] {logging_mixin.py:188} INFO - [2025-12-04T17:19:16.599+0000] {dag.py:3823} INFO - Setting next_dagrun for weather_prediction_pipeline to 2025-12-04 00:00:00+00:00, run_after=2025-12-05 00:00:00+00:00
[2025-12-04T17:19:16.614+0000] {processor.py:183} INFO - Processing /opt/airflow/dags/weather_prediction_dag.py took 0.083 seconds
[2025-12-04T17:19:47.162+0000] {processor.py:161} INFO - Started process (PID=1647) to work on /opt/airflow/dags/weather_prediction_dag.py
[2025-12-04T17:19:47.163+0000] {processor.py:830} INFO - Processing file /opt/airflow/dags/weather_prediction_dag.py for tasks to queue
[2025-12-04T17:19:47.164+0000] {logging_mixin.py:188} INFO - [2025-12-04T17:19:47.164+0000] {dagbag.py:538} INFO - Filling up the DagBag from /opt/airflow/dags/weather_prediction_dag.py
[2025-12-04T17:19:47.193+0000] {processor.py:840} INFO - DAG(s) 'weather_prediction_pipeline' retrieved from /opt/airflow/dags/weather_prediction_dag.py
[2025-12-04T17:19:47.211+0000] {logging_mixin.py:188} INFO - [2025-12-04T17:19:47.211+0000] {dag.py:3036} INFO - Sync 1 DAGs
[2025-12-04T17:19:47.227+0000] {logging_mixin.py:188} INFO - [2025-12-04T17:19:47.227+0000] {dag.py:3823} INFO - Setting next_dagrun for weather_prediction_pipeline to 2025-12-04 00:00:00+00:00, run_after=2025-12-05 00:00:00+00:00
[2025-12-04T17:19:47.242+0000] {processor.py:183} INFO - Processing /opt/airflow/dags/weather_prediction_dag.py took 0.082 seconds
[2025-12-04T17:20:17.501+0000] {processor.py:161} INFO - Started process (PID=1660) to work on /opt/airflow/dags/weather_prediction_dag.py
[2025-12-04T17:20:17.502+0000] {processor.py:830} INFO - Processing file /opt/airflow/dags/weather_prediction_dag.py for tasks to queue
[2025-12-04T17:20:17.503+0000] {logging_mixin.py:188} INFO - [2025-12-04T17:20:17.502+0000] {dagbag.py:538} INFO - Filling up the DagBag from /opt/airflow/dags/weather_prediction_dag.py
[2025-12-04T17:20:17.532+0000] {processor.py:840} INFO - DAG(s) 'weather_prediction_pipeline' retrieved from /opt/airflow/dags/weather_prediction_dag.py
[2025-12-04T17:20:17.554+0000] {logging_mixin.py:188} INFO - [2025-12-04T17:20:17.554+0000] {dag.py:3036} INFO - Sync 1 DAGs
[2025-12-04T17:20:17.573+0000] {logging_mixin.py:188} INFO - [2025-12-04T17:20:17.573+0000] {dag.py:3823} INFO - Setting next_dagrun for weather_prediction_pipeline to 2025-12-04 00:00:00+00:00, run_after=2025-12-05 00:00:00+00:00
[2025-12-04T17:20:17.591+0000] {processor.py:183} INFO - Processing /opt/airflow/dags/weather_prediction_dag.py took 0.093 seconds
[2025-12-04T17:20:47.643+0000] {processor.py:161} INFO - Started process (PID=1673) to work on /opt/airflow/dags/weather_prediction_dag.py
[2025-12-04T17:20:47.644+0000] {processor.py:830} INFO - Processing file /opt/airflow/dags/weather_prediction_dag.py for tasks to queue
[2025-12-04T17:20:47.645+0000] {logging_mixin.py:188} INFO - [2025-12-04T17:20:47.645+0000] {dagbag.py:538} INFO - Filling up the DagBag from /opt/airflow/dags/weather_prediction_dag.py
[2025-12-04T17:20:47.674+0000] {processor.py:840} INFO - DAG(s) 'weather_prediction_pipeline' retrieved from /opt/airflow/dags/weather_prediction_dag.py
[2025-12-04T17:20:47.692+0000] {logging_mixin.py:188} INFO - [2025-12-04T17:20:47.692+0000] {dag.py:3036} INFO - Sync 1 DAGs
[2025-12-04T17:20:47.707+0000] {logging_mixin.py:188} INFO - [2025-12-04T17:20:47.707+0000] {dag.py:3823} INFO - Setting next_dagrun for weather_prediction_pipeline to 2025-12-04 00:00:00+00:00, run_after=2025-12-05 00:00:00+00:00
[2025-12-04T17:20:47.723+0000] {processor.py:183} INFO - Processing /opt/airflow/dags/weather_prediction_dag.py took 0.083 seconds
[2025-12-04T17:21:18.467+0000] {processor.py:161} INFO - Started process (PID=1686) to work on /opt/airflow/dags/weather_prediction_dag.py
[2025-12-04T17:21:18.468+0000] {processor.py:830} INFO - Processing file /opt/airflow/dags/weather_prediction_dag.py for tasks to queue
[2025-12-04T17:21:18.469+0000] {logging_mixin.py:188} INFO - [2025-12-04T17:21:18.468+0000] {dagbag.py:538} INFO - Filling up the DagBag from /opt/airflow/dags/weather_prediction_dag.py
[2025-12-04T17:21:18.497+0000] {processor.py:840} INFO - DAG(s) 'weather_prediction_pipeline' retrieved from /opt/airflow/dags/weather_prediction_dag.py
[2025-12-04T17:21:18.515+0000] {logging_mixin.py:188} INFO - [2025-12-04T17:21:18.515+0000] {dag.py:3036} INFO - Sync 1 DAGs
[2025-12-04T17:21:18.531+0000] {logging_mixin.py:188} INFO - [2025-12-04T17:21:18.531+0000] {dag.py:3823} INFO - Setting next_dagrun for weather_prediction_pipeline to 2025-12-04 00:00:00+00:00, run_after=2025-12-05 00:00:00+00:00
[2025-12-04T17:21:18.545+0000] {processor.py:183} INFO - Processing /opt/airflow/dags/weather_prediction_dag.py took 0.081 seconds
[2025-12-04T17:21:48.626+0000] {processor.py:161} INFO - Started process (PID=1699) to work on /opt/airflow/dags/weather_prediction_dag.py
[2025-12-04T17:21:48.627+0000] {processor.py:830} INFO - Processing file /opt/airflow/dags/weather_prediction_dag.py for tasks to queue
[2025-12-04T17:21:48.628+0000] {logging_mixin.py:188} INFO - [2025-12-04T17:21:48.627+0000] {dagbag.py:538} INFO - Filling up the DagBag from /opt/airflow/dags/weather_prediction_dag.py
[2025-12-04T17:21:48.654+0000] {processor.py:840} INFO - DAG(s) 'weather_prediction_pipeline' retrieved from /opt/airflow/dags/weather_prediction_dag.py
[2025-12-04T17:21:48.673+0000] {logging_mixin.py:188} INFO - [2025-12-04T17:21:48.673+0000] {dag.py:3036} INFO - Sync 1 DAGs
[2025-12-04T17:21:48.690+0000] {logging_mixin.py:188} INFO - [2025-12-04T17:21:48.690+0000] {dag.py:3823} INFO - Setting next_dagrun for weather_prediction_pipeline to 2025-12-04 00:00:00+00:00, run_after=2025-12-05 00:00:00+00:00
[2025-12-04T17:21:48.707+0000] {processor.py:183} INFO - Processing /opt/airflow/dags/weather_prediction_dag.py took 0.083 seconds
[2025-12-04T17:22:18.792+0000] {processor.py:161} INFO - Started process (PID=1704) to work on /opt/airflow/dags/weather_prediction_dag.py
[2025-12-04T17:22:18.793+0000] {processor.py:830} INFO - Processing file /opt/airflow/dags/weather_prediction_dag.py for tasks to queue
[2025-12-04T17:22:18.794+0000] {logging_mixin.py:188} INFO - [2025-12-04T17:22:18.793+0000] {dagbag.py:538} INFO - Filling up the DagBag from /opt/airflow/dags/weather_prediction_dag.py
[2025-12-04T17:22:18.820+0000] {processor.py:840} INFO - DAG(s) 'weather_prediction_pipeline' retrieved from /opt/airflow/dags/weather_prediction_dag.py
[2025-12-04T17:22:18.837+0000] {logging_mixin.py:188} INFO - [2025-12-04T17:22:18.837+0000] {dag.py:3036} INFO - Sync 1 DAGs
[2025-12-04T17:22:18.853+0000] {logging_mixin.py:188} INFO - [2025-12-04T17:22:18.853+0000] {dag.py:3823} INFO - Setting next_dagrun for weather_prediction_pipeline to 2025-12-04 00:00:00+00:00, run_after=2025-12-05 00:00:00+00:00
[2025-12-04T17:22:18.867+0000] {processor.py:183} INFO - Processing /opt/airflow/dags/weather_prediction_dag.py took 0.077 seconds
[2025-12-04T17:22:48.997+0000] {processor.py:161} INFO - Started process (PID=1717) to work on /opt/airflow/dags/weather_prediction_dag.py
[2025-12-04T17:22:48.998+0000] {processor.py:830} INFO - Processing file /opt/airflow/dags/weather_prediction_dag.py for tasks to queue
[2025-12-04T17:22:48.998+0000] {logging_mixin.py:188} INFO - [2025-12-04T17:22:48.998+0000] {dagbag.py:538} INFO - Filling up the DagBag from /opt/airflow/dags/weather_prediction_dag.py
[2025-12-04T17:22:49.025+0000] {processor.py:840} INFO - DAG(s) 'weather_prediction_pipeline' retrieved from /opt/airflow/dags/weather_prediction_dag.py
[2025-12-04T17:22:49.041+0000] {logging_mixin.py:188} INFO - [2025-12-04T17:22:49.041+0000] {dag.py:3036} INFO - Sync 1 DAGs
[2025-12-04T17:22:49.057+0000] {logging_mixin.py:188} INFO - [2025-12-04T17:22:49.056+0000] {dag.py:3823} INFO - Setting next_dagrun for weather_prediction_pipeline to 2025-12-04 00:00:00+00:00, run_after=2025-12-05 00:00:00+00:00
[2025-12-04T17:22:49.072+0000] {processor.py:183} INFO - Processing /opt/airflow/dags/weather_prediction_dag.py took 0.077 seconds
[2025-12-04T17:23:19.180+0000] {processor.py:161} INFO - Started process (PID=1730) to work on /opt/airflow/dags/weather_prediction_dag.py
[2025-12-04T17:23:19.182+0000] {processor.py:830} INFO - Processing file /opt/airflow/dags/weather_prediction_dag.py for tasks to queue
[2025-12-04T17:23:19.183+0000] {logging_mixin.py:188} INFO - [2025-12-04T17:23:19.182+0000] {dagbag.py:538} INFO - Filling up the DagBag from /opt/airflow/dags/weather_prediction_dag.py
[2025-12-04T17:23:19.224+0000] {processor.py:840} INFO - DAG(s) 'weather_prediction_pipeline' retrieved from /opt/airflow/dags/weather_prediction_dag.py
[2025-12-04T17:23:19.242+0000] {logging_mixin.py:188} INFO - [2025-12-04T17:23:19.242+0000] {dag.py:3036} INFO - Sync 1 DAGs
[2025-12-04T17:23:19.258+0000] {logging_mixin.py:188} INFO - [2025-12-04T17:23:19.258+0000] {dag.py:3823} INFO - Setting next_dagrun for weather_prediction_pipeline to 2025-12-04 00:00:00+00:00, run_after=2025-12-05 00:00:00+00:00
[2025-12-04T17:23:19.273+0000] {processor.py:183} INFO - Processing /opt/airflow/dags/weather_prediction_dag.py took 0.095 seconds
[2025-12-04T17:23:49.917+0000] {processor.py:161} INFO - Started process (PID=1743) to work on /opt/airflow/dags/weather_prediction_dag.py
[2025-12-04T17:23:49.918+0000] {processor.py:830} INFO - Processing file /opt/airflow/dags/weather_prediction_dag.py for tasks to queue
[2025-12-04T17:23:49.919+0000] {logging_mixin.py:188} INFO - [2025-12-04T17:23:49.918+0000] {dagbag.py:538} INFO - Filling up the DagBag from /opt/airflow/dags/weather_prediction_dag.py
[2025-12-04T17:23:49.946+0000] {processor.py:840} INFO - DAG(s) 'weather_prediction_pipeline' retrieved from /opt/airflow/dags/weather_prediction_dag.py
[2025-12-04T17:23:49.967+0000] {logging_mixin.py:188} INFO - [2025-12-04T17:23:49.967+0000] {dag.py:3036} INFO - Sync 1 DAGs
[2025-12-04T17:23:49.984+0000] {logging_mixin.py:188} INFO - [2025-12-04T17:23:49.983+0000] {dag.py:3823} INFO - Setting next_dagrun for weather_prediction_pipeline to 2025-12-04 00:00:00+00:00, run_after=2025-12-05 00:00:00+00:00
[2025-12-04T17:23:50.001+0000] {processor.py:183} INFO - Processing /opt/airflow/dags/weather_prediction_dag.py took 0.086 seconds
[2025-12-04T17:24:20.596+0000] {processor.py:161} INFO - Started process (PID=1756) to work on /opt/airflow/dags/weather_prediction_dag.py
[2025-12-04T17:24:20.597+0000] {processor.py:830} INFO - Processing file /opt/airflow/dags/weather_prediction_dag.py for tasks to queue
[2025-12-04T17:24:20.598+0000] {logging_mixin.py:188} INFO - [2025-12-04T17:24:20.597+0000] {dagbag.py:538} INFO - Filling up the DagBag from /opt/airflow/dags/weather_prediction_dag.py
[2025-12-04T17:24:20.626+0000] {processor.py:840} INFO - DAG(s) 'weather_prediction_pipeline' retrieved from /opt/airflow/dags/weather_prediction_dag.py
[2025-12-04T17:24:20.643+0000] {logging_mixin.py:188} INFO - [2025-12-04T17:24:20.643+0000] {dag.py:3036} INFO - Sync 1 DAGs
[2025-12-04T17:24:20.658+0000] {logging_mixin.py:188} INFO - [2025-12-04T17:24:20.658+0000] {dag.py:3823} INFO - Setting next_dagrun for weather_prediction_pipeline to 2025-12-04 00:00:00+00:00, run_after=2025-12-05 00:00:00+00:00
[2025-12-04T17:24:20.673+0000] {processor.py:183} INFO - Processing /opt/airflow/dags/weather_prediction_dag.py took 0.080 seconds
[2025-12-04T17:24:50.889+0000] {processor.py:161} INFO - Started process (PID=1769) to work on /opt/airflow/dags/weather_prediction_dag.py
[2025-12-04T17:24:50.890+0000] {processor.py:830} INFO - Processing file /opt/airflow/dags/weather_prediction_dag.py for tasks to queue
[2025-12-04T17:24:50.891+0000] {logging_mixin.py:188} INFO - [2025-12-04T17:24:50.891+0000] {dagbag.py:538} INFO - Filling up the DagBag from /opt/airflow/dags/weather_prediction_dag.py
[2025-12-04T17:24:50.917+0000] {processor.py:840} INFO - DAG(s) 'weather_prediction_pipeline' retrieved from /opt/airflow/dags/weather_prediction_dag.py
[2025-12-04T17:24:50.933+0000] {logging_mixin.py:188} INFO - [2025-12-04T17:24:50.933+0000] {dag.py:3036} INFO - Sync 1 DAGs
[2025-12-04T17:24:50.947+0000] {logging_mixin.py:188} INFO - [2025-12-04T17:24:50.946+0000] {dag.py:3823} INFO - Setting next_dagrun for weather_prediction_pipeline to 2025-12-04 00:00:00+00:00, run_after=2025-12-05 00:00:00+00:00
[2025-12-04T17:24:50.959+0000] {processor.py:183} INFO - Processing /opt/airflow/dags/weather_prediction_dag.py took 0.072 seconds
[2025-12-04T17:25:21.663+0000] {processor.py:161} INFO - Started process (PID=1782) to work on /opt/airflow/dags/weather_prediction_dag.py
[2025-12-04T17:25:21.664+0000] {processor.py:830} INFO - Processing file /opt/airflow/dags/weather_prediction_dag.py for tasks to queue
[2025-12-04T17:25:21.665+0000] {logging_mixin.py:188} INFO - [2025-12-04T17:25:21.665+0000] {dagbag.py:538} INFO - Filling up the DagBag from /opt/airflow/dags/weather_prediction_dag.py
[2025-12-04T17:25:21.694+0000] {processor.py:840} INFO - DAG(s) 'weather_prediction_pipeline' retrieved from /opt/airflow/dags/weather_prediction_dag.py
[2025-12-04T17:25:21.711+0000] {logging_mixin.py:188} INFO - [2025-12-04T17:25:21.711+0000] {dag.py:3036} INFO - Sync 1 DAGs
[2025-12-04T17:25:21.728+0000] {logging_mixin.py:188} INFO - [2025-12-04T17:25:21.728+0000] {dag.py:3823} INFO - Setting next_dagrun for weather_prediction_pipeline to 2025-12-04 00:00:00+00:00, run_after=2025-12-05 00:00:00+00:00
[2025-12-04T17:25:21.745+0000] {processor.py:183} INFO - Processing /opt/airflow/dags/weather_prediction_dag.py took 0.084 seconds
[2025-12-04T17:25:52.436+0000] {processor.py:161} INFO - Started process (PID=1795) to work on /opt/airflow/dags/weather_prediction_dag.py
[2025-12-04T17:25:52.439+0000] {processor.py:830} INFO - Processing file /opt/airflow/dags/weather_prediction_dag.py for tasks to queue
[2025-12-04T17:25:52.440+0000] {logging_mixin.py:188} INFO - [2025-12-04T17:25:52.440+0000] {dagbag.py:538} INFO - Filling up the DagBag from /opt/airflow/dags/weather_prediction_dag.py
[2025-12-04T17:25:52.524+0000] {processor.py:840} INFO - DAG(s) 'weather_prediction_pipeline' retrieved from /opt/airflow/dags/weather_prediction_dag.py
[2025-12-04T17:25:52.541+0000] {logging_mixin.py:188} INFO - [2025-12-04T17:25:52.541+0000] {dag.py:3036} INFO - Sync 1 DAGs
[2025-12-04T17:25:52.557+0000] {logging_mixin.py:188} INFO - [2025-12-04T17:25:52.556+0000] {dag.py:3823} INFO - Setting next_dagrun for weather_prediction_pipeline to 2025-12-04 00:00:00+00:00, run_after=2025-12-05 00:00:00+00:00
[2025-12-04T17:25:52.569+0000] {processor.py:183} INFO - Processing /opt/airflow/dags/weather_prediction_dag.py took 0.135 seconds
[2025-12-04T17:26:23.397+0000] {processor.py:161} INFO - Started process (PID=1807) to work on /opt/airflow/dags/weather_prediction_dag.py
[2025-12-04T17:26:23.398+0000] {processor.py:830} INFO - Processing file /opt/airflow/dags/weather_prediction_dag.py for tasks to queue
[2025-12-04T17:26:23.399+0000] {logging_mixin.py:188} INFO - [2025-12-04T17:26:23.399+0000] {dagbag.py:538} INFO - Filling up the DagBag from /opt/airflow/dags/weather_prediction_dag.py
[2025-12-04T17:26:23.426+0000] {processor.py:840} INFO - DAG(s) 'weather_prediction_pipeline' retrieved from /opt/airflow/dags/weather_prediction_dag.py
[2025-12-04T17:26:23.443+0000] {logging_mixin.py:188} INFO - [2025-12-04T17:26:23.443+0000] {dag.py:3036} INFO - Sync 1 DAGs
[2025-12-04T17:26:23.459+0000] {logging_mixin.py:188} INFO - [2025-12-04T17:26:23.458+0000] {dag.py:3823} INFO - Setting next_dagrun for weather_prediction_pipeline to 2025-12-04 00:00:00+00:00, run_after=2025-12-05 00:00:00+00:00
[2025-12-04T17:26:23.472+0000] {processor.py:183} INFO - Processing /opt/airflow/dags/weather_prediction_dag.py took 0.077 seconds
[2025-12-04T17:26:54.202+0000] {processor.py:161} INFO - Started process (PID=1820) to work on /opt/airflow/dags/weather_prediction_dag.py
[2025-12-04T17:26:54.203+0000] {processor.py:830} INFO - Processing file /opt/airflow/dags/weather_prediction_dag.py for tasks to queue
[2025-12-04T17:26:54.204+0000] {logging_mixin.py:188} INFO - [2025-12-04T17:26:54.204+0000] {dagbag.py:538} INFO - Filling up the DagBag from /opt/airflow/dags/weather_prediction_dag.py
[2025-12-04T17:26:54.235+0000] {processor.py:840} INFO - DAG(s) 'weather_prediction_pipeline' retrieved from /opt/airflow/dags/weather_prediction_dag.py
[2025-12-04T17:26:54.255+0000] {logging_mixin.py:188} INFO - [2025-12-04T17:26:54.255+0000] {dag.py:3036} INFO - Sync 1 DAGs
[2025-12-04T17:26:54.272+0000] {logging_mixin.py:188} INFO - [2025-12-04T17:26:54.272+0000] {dag.py:3823} INFO - Setting next_dagrun for weather_prediction_pipeline to 2025-12-04 00:00:00+00:00, run_after=2025-12-05 00:00:00+00:00
[2025-12-04T17:26:54.289+0000] {processor.py:183} INFO - Processing /opt/airflow/dags/weather_prediction_dag.py took 0.090 seconds
[2025-12-04T17:27:24.592+0000] {processor.py:161} INFO - Started process (PID=1833) to work on /opt/airflow/dags/weather_prediction_dag.py
[2025-12-04T17:27:24.594+0000] {processor.py:830} INFO - Processing file /opt/airflow/dags/weather_prediction_dag.py for tasks to queue
[2025-12-04T17:27:24.595+0000] {logging_mixin.py:188} INFO - [2025-12-04T17:27:24.595+0000] {dagbag.py:538} INFO - Filling up the DagBag from /opt/airflow/dags/weather_prediction_dag.py
[2025-12-04T17:27:24.635+0000] {processor.py:840} INFO - DAG(s) 'weather_prediction_pipeline' retrieved from /opt/airflow/dags/weather_prediction_dag.py
[2025-12-04T17:27:24.656+0000] {logging_mixin.py:188} INFO - [2025-12-04T17:27:24.656+0000] {dag.py:3036} INFO - Sync 1 DAGs
[2025-12-04T17:27:24.675+0000] {logging_mixin.py:188} INFO - [2025-12-04T17:27:24.675+0000] {dag.py:3823} INFO - Setting next_dagrun for weather_prediction_pipeline to 2025-12-04 00:00:00+00:00, run_after=2025-12-05 00:00:00+00:00
[2025-12-04T17:27:24.690+0000] {processor.py:183} INFO - Processing /opt/airflow/dags/weather_prediction_dag.py took 0.100 seconds
[2025-12-04T17:27:54.862+0000] {processor.py:161} INFO - Started process (PID=1846) to work on /opt/airflow/dags/weather_prediction_dag.py
[2025-12-04T17:27:54.862+0000] {processor.py:830} INFO - Processing file /opt/airflow/dags/weather_prediction_dag.py for tasks to queue
[2025-12-04T17:27:54.863+0000] {logging_mixin.py:188} INFO - [2025-12-04T17:27:54.863+0000] {dagbag.py:538} INFO - Filling up the DagBag from /opt/airflow/dags/weather_prediction_dag.py
[2025-12-04T17:27:54.890+0000] {processor.py:840} INFO - DAG(s) 'weather_prediction_pipeline' retrieved from /opt/airflow/dags/weather_prediction_dag.py
[2025-12-04T17:27:54.906+0000] {logging_mixin.py:188} INFO - [2025-12-04T17:27:54.906+0000] {dag.py:3036} INFO - Sync 1 DAGs
[2025-12-04T17:27:54.921+0000] {logging_mixin.py:188} INFO - [2025-12-04T17:27:54.921+0000] {dag.py:3823} INFO - Setting next_dagrun for weather_prediction_pipeline to 2025-12-04 00:00:00+00:00, run_after=2025-12-05 00:00:00+00:00
[2025-12-04T17:27:54.936+0000] {processor.py:183} INFO - Processing /opt/airflow/dags/weather_prediction_dag.py took 0.077 seconds
[2025-12-04T17:28:25.040+0000] {processor.py:161} INFO - Started process (PID=1859) to work on /opt/airflow/dags/weather_prediction_dag.py
[2025-12-04T17:28:25.041+0000] {processor.py:830} INFO - Processing file /opt/airflow/dags/weather_prediction_dag.py for tasks to queue
[2025-12-04T17:28:25.042+0000] {logging_mixin.py:188} INFO - [2025-12-04T17:28:25.042+0000] {dagbag.py:538} INFO - Filling up the DagBag from /opt/airflow/dags/weather_prediction_dag.py
[2025-12-04T17:28:25.073+0000] {processor.py:840} INFO - DAG(s) 'weather_prediction_pipeline' retrieved from /opt/airflow/dags/weather_prediction_dag.py
[2025-12-04T17:28:25.094+0000] {logging_mixin.py:188} INFO - [2025-12-04T17:28:25.094+0000] {dag.py:3036} INFO - Sync 1 DAGs
[2025-12-04T17:28:25.109+0000] {logging_mixin.py:188} INFO - [2025-12-04T17:28:25.109+0000] {dag.py:3823} INFO - Setting next_dagrun for weather_prediction_pipeline to 2025-12-04 00:00:00+00:00, run_after=2025-12-05 00:00:00+00:00
[2025-12-04T17:28:25.123+0000] {processor.py:183} INFO - Processing /opt/airflow/dags/weather_prediction_dag.py took 0.085 seconds
[2025-12-04T17:28:55.808+0000] {processor.py:161} INFO - Started process (PID=1872) to work on /opt/airflow/dags/weather_prediction_dag.py
[2025-12-04T17:28:55.809+0000] {processor.py:830} INFO - Processing file /opt/airflow/dags/weather_prediction_dag.py for tasks to queue
[2025-12-04T17:28:55.810+0000] {logging_mixin.py:188} INFO - [2025-12-04T17:28:55.810+0000] {dagbag.py:538} INFO - Filling up the DagBag from /opt/airflow/dags/weather_prediction_dag.py
[2025-12-04T17:28:55.845+0000] {processor.py:840} INFO - DAG(s) 'weather_prediction_pipeline' retrieved from /opt/airflow/dags/weather_prediction_dag.py
[2025-12-04T17:28:55.863+0000] {logging_mixin.py:188} INFO - [2025-12-04T17:28:55.863+0000] {dag.py:3036} INFO - Sync 1 DAGs
[2025-12-04T17:28:55.878+0000] {logging_mixin.py:188} INFO - [2025-12-04T17:28:55.878+0000] {dag.py:3823} INFO - Setting next_dagrun for weather_prediction_pipeline to 2025-12-04 00:00:00+00:00, run_after=2025-12-05 00:00:00+00:00
[2025-12-04T17:28:55.895+0000] {processor.py:183} INFO - Processing /opt/airflow/dags/weather_prediction_dag.py took 0.089 seconds
[2025-12-04T17:29:26.086+0000] {processor.py:161} INFO - Started process (PID=1885) to work on /opt/airflow/dags/weather_prediction_dag.py
[2025-12-04T17:29:26.087+0000] {processor.py:830} INFO - Processing file /opt/airflow/dags/weather_prediction_dag.py for tasks to queue
[2025-12-04T17:29:26.088+0000] {logging_mixin.py:188} INFO - [2025-12-04T17:29:26.088+0000] {dagbag.py:538} INFO - Filling up the DagBag from /opt/airflow/dags/weather_prediction_dag.py
[2025-12-04T17:29:26.118+0000] {processor.py:840} INFO - DAG(s) 'weather_prediction_pipeline' retrieved from /opt/airflow/dags/weather_prediction_dag.py
[2025-12-04T17:29:26.143+0000] {logging_mixin.py:188} INFO - [2025-12-04T17:29:26.143+0000] {dag.py:3036} INFO - Sync 1 DAGs
[2025-12-04T17:29:26.161+0000] {logging_mixin.py:188} INFO - [2025-12-04T17:29:26.161+0000] {dag.py:3823} INFO - Setting next_dagrun for weather_prediction_pipeline to 2025-12-04 00:00:00+00:00, run_after=2025-12-05 00:00:00+00:00
[2025-12-04T17:29:26.177+0000] {processor.py:183} INFO - Processing /opt/airflow/dags/weather_prediction_dag.py took 0.094 seconds
[2025-12-04T17:29:56.931+0000] {processor.py:161} INFO - Started process (PID=1898) to work on /opt/airflow/dags/weather_prediction_dag.py
[2025-12-04T17:29:56.932+0000] {processor.py:830} INFO - Processing file /opt/airflow/dags/weather_prediction_dag.py for tasks to queue
[2025-12-04T17:29:56.932+0000] {logging_mixin.py:188} INFO - [2025-12-04T17:29:56.932+0000] {dagbag.py:538} INFO - Filling up the DagBag from /opt/airflow/dags/weather_prediction_dag.py
[2025-12-04T17:29:56.959+0000] {processor.py:840} INFO - DAG(s) 'weather_prediction_pipeline' retrieved from /opt/airflow/dags/weather_prediction_dag.py
[2025-12-04T17:29:56.977+0000] {logging_mixin.py:188} INFO - [2025-12-04T17:29:56.977+0000] {dag.py:3036} INFO - Sync 1 DAGs
[2025-12-04T17:29:56.992+0000] {logging_mixin.py:188} INFO - [2025-12-04T17:29:56.992+0000] {dag.py:3823} INFO - Setting next_dagrun for weather_prediction_pipeline to 2025-12-04 00:00:00+00:00, run_after=2025-12-05 00:00:00+00:00
[2025-12-04T17:29:57.007+0000] {processor.py:183} INFO - Processing /opt/airflow/dags/weather_prediction_dag.py took 0.078 seconds
[2025-12-04T17:30:27.373+0000] {processor.py:161} INFO - Started process (PID=1910) to work on /opt/airflow/dags/weather_prediction_dag.py
[2025-12-04T17:30:27.374+0000] {processor.py:830} INFO - Processing file /opt/airflow/dags/weather_prediction_dag.py for tasks to queue
[2025-12-04T17:30:27.375+0000] {logging_mixin.py:188} INFO - [2025-12-04T17:30:27.375+0000] {dagbag.py:538} INFO - Filling up the DagBag from /opt/airflow/dags/weather_prediction_dag.py
[2025-12-04T17:30:27.416+0000] {processor.py:840} INFO - DAG(s) 'weather_prediction_pipeline' retrieved from /opt/airflow/dags/weather_prediction_dag.py
[2025-12-04T17:30:27.436+0000] {logging_mixin.py:188} INFO - [2025-12-04T17:30:27.436+0000] {dag.py:3036} INFO - Sync 1 DAGs
[2025-12-04T17:30:27.453+0000] {logging_mixin.py:188} INFO - [2025-12-04T17:30:27.453+0000] {dag.py:3823} INFO - Setting next_dagrun for weather_prediction_pipeline to 2025-12-04 00:00:00+00:00, run_after=2025-12-05 00:00:00+00:00
[2025-12-04T17:30:27.470+0000] {processor.py:183} INFO - Processing /opt/airflow/dags/weather_prediction_dag.py took 0.101 seconds
[2025-12-04T17:30:58.214+0000] {processor.py:161} INFO - Started process (PID=1923) to work on /opt/airflow/dags/weather_prediction_dag.py
[2025-12-04T17:30:58.214+0000] {processor.py:830} INFO - Processing file /opt/airflow/dags/weather_prediction_dag.py for tasks to queue
[2025-12-04T17:30:58.216+0000] {logging_mixin.py:188} INFO - [2025-12-04T17:30:58.215+0000] {dagbag.py:538} INFO - Filling up the DagBag from /opt/airflow/dags/weather_prediction_dag.py
[2025-12-04T17:30:58.241+0000] {processor.py:840} INFO - DAG(s) 'weather_prediction_pipeline' retrieved from /opt/airflow/dags/weather_prediction_dag.py
[2025-12-04T17:30:58.257+0000] {logging_mixin.py:188} INFO - [2025-12-04T17:30:58.257+0000] {dag.py:3036} INFO - Sync 1 DAGs
[2025-12-04T17:30:58.272+0000] {logging_mixin.py:188} INFO - [2025-12-04T17:30:58.272+0000] {dag.py:3823} INFO - Setting next_dagrun for weather_prediction_pipeline to 2025-12-04 00:00:00+00:00, run_after=2025-12-05 00:00:00+00:00
[2025-12-04T17:30:58.285+0000] {processor.py:183} INFO - Processing /opt/airflow/dags/weather_prediction_dag.py took 0.074 seconds
[2025-12-04T17:31:28.438+0000] {processor.py:161} INFO - Started process (PID=1936) to work on /opt/airflow/dags/weather_prediction_dag.py
[2025-12-04T17:31:28.439+0000] {processor.py:830} INFO - Processing file /opt/airflow/dags/weather_prediction_dag.py for tasks to queue
[2025-12-04T17:31:28.439+0000] {logging_mixin.py:188} INFO - [2025-12-04T17:31:28.439+0000] {dagbag.py:538} INFO - Filling up the DagBag from /opt/airflow/dags/weather_prediction_dag.py
[2025-12-04T17:31:28.465+0000] {processor.py:840} INFO - DAG(s) 'weather_prediction_pipeline' retrieved from /opt/airflow/dags/weather_prediction_dag.py
[2025-12-04T17:31:28.483+0000] {logging_mixin.py:188} INFO - [2025-12-04T17:31:28.482+0000] {dag.py:3036} INFO - Sync 1 DAGs
[2025-12-04T17:31:28.498+0000] {logging_mixin.py:188} INFO - [2025-12-04T17:31:28.498+0000] {dag.py:3823} INFO - Setting next_dagrun for weather_prediction_pipeline to 2025-12-04 00:00:00+00:00, run_after=2025-12-05 00:00:00+00:00
[2025-12-04T17:31:28.511+0000] {processor.py:183} INFO - Processing /opt/airflow/dags/weather_prediction_dag.py took 0.075 seconds
[2025-12-04T17:31:59.215+0000] {processor.py:161} INFO - Started process (PID=1949) to work on /opt/airflow/dags/weather_prediction_dag.py
[2025-12-04T17:31:59.216+0000] {processor.py:830} INFO - Processing file /opt/airflow/dags/weather_prediction_dag.py for tasks to queue
[2025-12-04T17:31:59.217+0000] {logging_mixin.py:188} INFO - [2025-12-04T17:31:59.217+0000] {dagbag.py:538} INFO - Filling up the DagBag from /opt/airflow/dags/weather_prediction_dag.py
[2025-12-04T17:31:59.251+0000] {processor.py:840} INFO - DAG(s) 'weather_prediction_pipeline' retrieved from /opt/airflow/dags/weather_prediction_dag.py
[2025-12-04T17:31:59.274+0000] {logging_mixin.py:188} INFO - [2025-12-04T17:31:59.274+0000] {dag.py:3036} INFO - Sync 1 DAGs
[2025-12-04T17:31:59.292+0000] {logging_mixin.py:188} INFO - [2025-12-04T17:31:59.292+0000] {dag.py:3823} INFO - Setting next_dagrun for weather_prediction_pipeline to 2025-12-04 00:00:00+00:00, run_after=2025-12-05 00:00:00+00:00
[2025-12-04T17:31:59.308+0000] {processor.py:183} INFO - Processing /opt/airflow/dags/weather_prediction_dag.py took 0.095 seconds
[2025-12-04T17:32:29.868+0000] {processor.py:161} INFO - Started process (PID=1962) to work on /opt/airflow/dags/weather_prediction_dag.py
[2025-12-04T17:32:29.869+0000] {processor.py:830} INFO - Processing file /opt/airflow/dags/weather_prediction_dag.py for tasks to queue
[2025-12-04T17:32:29.870+0000] {logging_mixin.py:188} INFO - [2025-12-04T17:32:29.870+0000] {dagbag.py:538} INFO - Filling up the DagBag from /opt/airflow/dags/weather_prediction_dag.py
[2025-12-04T17:32:29.900+0000] {processor.py:840} INFO - DAG(s) 'weather_prediction_pipeline' retrieved from /opt/airflow/dags/weather_prediction_dag.py
[2025-12-04T17:32:29.919+0000] {logging_mixin.py:188} INFO - [2025-12-04T17:32:29.918+0000] {dag.py:3036} INFO - Sync 1 DAGs
[2025-12-04T17:32:29.935+0000] {logging_mixin.py:188} INFO - [2025-12-04T17:32:29.935+0000] {dag.py:3823} INFO - Setting next_dagrun for weather_prediction_pipeline to 2025-12-04 00:00:00+00:00, run_after=2025-12-05 00:00:00+00:00
[2025-12-04T17:32:29.952+0000] {processor.py:183} INFO - Processing /opt/airflow/dags/weather_prediction_dag.py took 0.086 seconds
[2025-12-04T17:33:00.704+0000] {processor.py:161} INFO - Started process (PID=1975) to work on /opt/airflow/dags/weather_prediction_dag.py
[2025-12-04T17:33:00.705+0000] {processor.py:830} INFO - Processing file /opt/airflow/dags/weather_prediction_dag.py for tasks to queue
[2025-12-04T17:33:00.706+0000] {logging_mixin.py:188} INFO - [2025-12-04T17:33:00.705+0000] {dagbag.py:538} INFO - Filling up the DagBag from /opt/airflow/dags/weather_prediction_dag.py
[2025-12-04T17:33:00.745+0000] {processor.py:840} INFO - DAG(s) 'weather_prediction_pipeline' retrieved from /opt/airflow/dags/weather_prediction_dag.py
[2025-12-04T17:33:00.773+0000] {logging_mixin.py:188} INFO - [2025-12-04T17:33:00.773+0000] {dag.py:3036} INFO - Sync 1 DAGs
[2025-12-04T17:33:00.795+0000] {logging_mixin.py:188} INFO - [2025-12-04T17:33:00.794+0000] {dag.py:3823} INFO - Setting next_dagrun for weather_prediction_pipeline to 2025-12-04 00:00:00+00:00, run_after=2025-12-05 00:00:00+00:00
[2025-12-04T17:33:00.813+0000] {processor.py:183} INFO - Processing /opt/airflow/dags/weather_prediction_dag.py took 0.114 seconds
[2025-12-04T17:33:31.620+0000] {processor.py:161} INFO - Started process (PID=1988) to work on /opt/airflow/dags/weather_prediction_dag.py
[2025-12-04T17:33:31.621+0000] {processor.py:830} INFO - Processing file /opt/airflow/dags/weather_prediction_dag.py for tasks to queue
[2025-12-04T17:33:31.622+0000] {logging_mixin.py:188} INFO - [2025-12-04T17:33:31.621+0000] {dagbag.py:538} INFO - Filling up the DagBag from /opt/airflow/dags/weather_prediction_dag.py
[2025-12-04T17:33:31.649+0000] {processor.py:840} INFO - DAG(s) 'weather_prediction_pipeline' retrieved from /opt/airflow/dags/weather_prediction_dag.py
[2025-12-04T17:33:31.666+0000] {logging_mixin.py:188} INFO - [2025-12-04T17:33:31.666+0000] {dag.py:3036} INFO - Sync 1 DAGs
[2025-12-04T17:33:31.680+0000] {logging_mixin.py:188} INFO - [2025-12-04T17:33:31.680+0000] {dag.py:3823} INFO - Setting next_dagrun for weather_prediction_pipeline to 2025-12-04 00:00:00+00:00, run_after=2025-12-05 00:00:00+00:00
[2025-12-04T17:33:31.695+0000] {processor.py:183} INFO - Processing /opt/airflow/dags/weather_prediction_dag.py took 0.078 seconds
[2025-12-04T17:34:02.432+0000] {processor.py:161} INFO - Started process (PID=2001) to work on /opt/airflow/dags/weather_prediction_dag.py
[2025-12-04T17:34:02.433+0000] {processor.py:830} INFO - Processing file /opt/airflow/dags/weather_prediction_dag.py for tasks to queue
[2025-12-04T17:34:02.434+0000] {logging_mixin.py:188} INFO - [2025-12-04T17:34:02.434+0000] {dagbag.py:538} INFO - Filling up the DagBag from /opt/airflow/dags/weather_prediction_dag.py
[2025-12-04T17:34:02.465+0000] {processor.py:840} INFO - DAG(s) 'weather_prediction_pipeline' retrieved from /opt/airflow/dags/weather_prediction_dag.py
[2025-12-04T17:34:02.488+0000] {logging_mixin.py:188} INFO - [2025-12-04T17:34:02.488+0000] {dag.py:3036} INFO - Sync 1 DAGs
[2025-12-04T17:34:02.507+0000] {logging_mixin.py:188} INFO - [2025-12-04T17:34:02.507+0000] {dag.py:3823} INFO - Setting next_dagrun for weather_prediction_pipeline to 2025-12-04 00:00:00+00:00, run_after=2025-12-05 00:00:00+00:00
[2025-12-04T17:34:02.523+0000] {processor.py:183} INFO - Processing /opt/airflow/dags/weather_prediction_dag.py took 0.095 seconds
[2025-12-04T17:34:33.348+0000] {processor.py:161} INFO - Started process (PID=2006) to work on /opt/airflow/dags/weather_prediction_dag.py
[2025-12-04T17:34:33.349+0000] {processor.py:830} INFO - Processing file /opt/airflow/dags/weather_prediction_dag.py for tasks to queue
[2025-12-04T17:34:33.350+0000] {logging_mixin.py:188} INFO - [2025-12-04T17:34:33.349+0000] {dagbag.py:538} INFO - Filling up the DagBag from /opt/airflow/dags/weather_prediction_dag.py
[2025-12-04T17:34:33.387+0000] {processor.py:840} INFO - DAG(s) 'weather_prediction_pipeline' retrieved from /opt/airflow/dags/weather_prediction_dag.py
[2025-12-04T17:34:33.408+0000] {logging_mixin.py:188} INFO - [2025-12-04T17:34:33.408+0000] {dag.py:3036} INFO - Sync 1 DAGs
[2025-12-04T17:34:33.427+0000] {logging_mixin.py:188} INFO - [2025-12-04T17:34:33.427+0000] {dag.py:3823} INFO - Setting next_dagrun for weather_prediction_pipeline to 2025-12-04 00:00:00+00:00, run_after=2025-12-05 00:00:00+00:00
[2025-12-04T17:34:33.444+0000] {processor.py:183} INFO - Processing /opt/airflow/dags/weather_prediction_dag.py took 0.098 seconds
[2025-12-04T17:35:04.202+0000] {processor.py:161} INFO - Started process (PID=2019) to work on /opt/airflow/dags/weather_prediction_dag.py
[2025-12-04T17:35:04.203+0000] {processor.py:830} INFO - Processing file /opt/airflow/dags/weather_prediction_dag.py for tasks to queue
[2025-12-04T17:35:04.204+0000] {logging_mixin.py:188} INFO - [2025-12-04T17:35:04.204+0000] {dagbag.py:538} INFO - Filling up the DagBag from /opt/airflow/dags/weather_prediction_dag.py
[2025-12-04T17:35:04.229+0000] {processor.py:840} INFO - DAG(s) 'weather_prediction_pipeline' retrieved from /opt/airflow/dags/weather_prediction_dag.py
[2025-12-04T17:35:04.248+0000] {logging_mixin.py:188} INFO - [2025-12-04T17:35:04.247+0000] {dag.py:3036} INFO - Sync 1 DAGs
[2025-12-04T17:35:04.263+0000] {logging_mixin.py:188} INFO - [2025-12-04T17:35:04.263+0000] {dag.py:3823} INFO - Setting next_dagrun for weather_prediction_pipeline to 2025-12-04 00:00:00+00:00, run_after=2025-12-05 00:00:00+00:00
[2025-12-04T17:35:04.279+0000] {processor.py:183} INFO - Processing /opt/airflow/dags/weather_prediction_dag.py took 0.079 seconds
[2025-12-04T17:35:34.529+0000] {processor.py:161} INFO - Started process (PID=2032) to work on /opt/airflow/dags/weather_prediction_dag.py
[2025-12-04T17:35:34.530+0000] {processor.py:830} INFO - Processing file /opt/airflow/dags/weather_prediction_dag.py for tasks to queue
[2025-12-04T17:35:34.531+0000] {logging_mixin.py:188} INFO - [2025-12-04T17:35:34.530+0000] {dagbag.py:538} INFO - Filling up the DagBag from /opt/airflow/dags/weather_prediction_dag.py
[2025-12-04T17:35:34.560+0000] {processor.py:840} INFO - DAG(s) 'weather_prediction_pipeline' retrieved from /opt/airflow/dags/weather_prediction_dag.py
[2025-12-04T17:35:34.577+0000] {logging_mixin.py:188} INFO - [2025-12-04T17:35:34.577+0000] {dag.py:3036} INFO - Sync 1 DAGs
[2025-12-04T17:35:34.593+0000] {logging_mixin.py:188} INFO - [2025-12-04T17:35:34.593+0000] {dag.py:3823} INFO - Setting next_dagrun for weather_prediction_pipeline to 2025-12-04 00:00:00+00:00, run_after=2025-12-05 00:00:00+00:00
[2025-12-04T17:35:34.614+0000] {processor.py:183} INFO - Processing /opt/airflow/dags/weather_prediction_dag.py took 0.087 seconds
[2025-12-04T17:36:05.244+0000] {processor.py:161} INFO - Started process (PID=2045) to work on /opt/airflow/dags/weather_prediction_dag.py
[2025-12-04T17:36:05.245+0000] {processor.py:830} INFO - Processing file /opt/airflow/dags/weather_prediction_dag.py for tasks to queue
[2025-12-04T17:36:05.246+0000] {logging_mixin.py:188} INFO - [2025-12-04T17:36:05.246+0000] {dagbag.py:538} INFO - Filling up the DagBag from /opt/airflow/dags/weather_prediction_dag.py
[2025-12-04T17:36:05.288+0000] {processor.py:840} INFO - DAG(s) 'weather_prediction_pipeline' retrieved from /opt/airflow/dags/weather_prediction_dag.py
[2025-12-04T17:36:05.306+0000] {logging_mixin.py:188} INFO - [2025-12-04T17:36:05.306+0000] {dag.py:3036} INFO - Sync 1 DAGs
[2025-12-04T17:36:05.321+0000] {logging_mixin.py:188} INFO - [2025-12-04T17:36:05.321+0000] {dag.py:3823} INFO - Setting next_dagrun for weather_prediction_pipeline to 2025-12-04 00:00:00+00:00, run_after=2025-12-05 00:00:00+00:00
[2025-12-04T17:36:05.333+0000] {processor.py:183} INFO - Processing /opt/airflow/dags/weather_prediction_dag.py took 0.092 seconds
[2025-12-04T17:36:36.159+0000] {processor.py:161} INFO - Started process (PID=2058) to work on /opt/airflow/dags/weather_prediction_dag.py
[2025-12-04T17:36:36.160+0000] {processor.py:830} INFO - Processing file /opt/airflow/dags/weather_prediction_dag.py for tasks to queue
[2025-12-04T17:36:36.160+0000] {logging_mixin.py:188} INFO - [2025-12-04T17:36:36.160+0000] {dagbag.py:538} INFO - Filling up the DagBag from /opt/airflow/dags/weather_prediction_dag.py
[2025-12-04T17:36:36.187+0000] {processor.py:840} INFO - DAG(s) 'weather_prediction_pipeline' retrieved from /opt/airflow/dags/weather_prediction_dag.py
[2025-12-04T17:36:36.204+0000] {logging_mixin.py:188} INFO - [2025-12-04T17:36:36.204+0000] {dag.py:3036} INFO - Sync 1 DAGs
[2025-12-04T17:36:36.218+0000] {logging_mixin.py:188} INFO - [2025-12-04T17:36:36.218+0000] {dag.py:3823} INFO - Setting next_dagrun for weather_prediction_pipeline to 2025-12-04 00:00:00+00:00, run_after=2025-12-05 00:00:00+00:00
[2025-12-04T17:36:36.235+0000] {processor.py:183} INFO - Processing /opt/airflow/dags/weather_prediction_dag.py took 0.079 seconds
[2025-12-04T17:37:07.101+0000] {processor.py:161} INFO - Started process (PID=2071) to work on /opt/airflow/dags/weather_prediction_dag.py
[2025-12-04T17:37:07.102+0000] {processor.py:830} INFO - Processing file /opt/airflow/dags/weather_prediction_dag.py for tasks to queue
[2025-12-04T17:37:07.103+0000] {logging_mixin.py:188} INFO - [2025-12-04T17:37:07.102+0000] {dagbag.py:538} INFO - Filling up the DagBag from /opt/airflow/dags/weather_prediction_dag.py
[2025-12-04T17:37:07.129+0000] {processor.py:840} INFO - DAG(s) 'weather_prediction_pipeline' retrieved from /opt/airflow/dags/weather_prediction_dag.py
[2025-12-04T17:37:07.147+0000] {logging_mixin.py:188} INFO - [2025-12-04T17:37:07.147+0000] {dag.py:3036} INFO - Sync 1 DAGs
[2025-12-04T17:37:07.163+0000] {logging_mixin.py:188} INFO - [2025-12-04T17:37:07.163+0000] {dag.py:3823} INFO - Setting next_dagrun for weather_prediction_pipeline to 2025-12-04 00:00:00+00:00, run_after=2025-12-05 00:00:00+00:00
[2025-12-04T17:37:07.178+0000] {processor.py:183} INFO - Processing /opt/airflow/dags/weather_prediction_dag.py took 0.079 seconds
[2025-12-04T17:37:37.906+0000] {processor.py:161} INFO - Started process (PID=2084) to work on /opt/airflow/dags/weather_prediction_dag.py
[2025-12-04T17:37:37.907+0000] {processor.py:830} INFO - Processing file /opt/airflow/dags/weather_prediction_dag.py for tasks to queue
[2025-12-04T17:37:37.908+0000] {logging_mixin.py:188} INFO - [2025-12-04T17:37:37.908+0000] {dagbag.py:538} INFO - Filling up the DagBag from /opt/airflow/dags/weather_prediction_dag.py
[2025-12-04T17:37:37.934+0000] {processor.py:840} INFO - DAG(s) 'weather_prediction_pipeline' retrieved from /opt/airflow/dags/weather_prediction_dag.py
[2025-12-04T17:37:37.950+0000] {logging_mixin.py:188} INFO - [2025-12-04T17:37:37.950+0000] {dag.py:3036} INFO - Sync 1 DAGs
[2025-12-04T17:37:37.965+0000] {logging_mixin.py:188} INFO - [2025-12-04T17:37:37.965+0000] {dag.py:3823} INFO - Setting next_dagrun for weather_prediction_pipeline to 2025-12-04 00:00:00+00:00, run_after=2025-12-05 00:00:00+00:00
[2025-12-04T17:37:37.985+0000] {processor.py:183} INFO - Processing /opt/airflow/dags/weather_prediction_dag.py took 0.080 seconds
[2025-12-04T17:38:08.701+0000] {processor.py:161} INFO - Started process (PID=2097) to work on /opt/airflow/dags/weather_prediction_dag.py
[2025-12-04T17:38:08.702+0000] {processor.py:830} INFO - Processing file /opt/airflow/dags/weather_prediction_dag.py for tasks to queue
[2025-12-04T17:38:08.703+0000] {logging_mixin.py:188} INFO - [2025-12-04T17:38:08.703+0000] {dagbag.py:538} INFO - Filling up the DagBag from /opt/airflow/dags/weather_prediction_dag.py
[2025-12-04T17:38:08.731+0000] {processor.py:840} INFO - DAG(s) 'weather_prediction_pipeline' retrieved from /opt/airflow/dags/weather_prediction_dag.py
[2025-12-04T17:38:08.750+0000] {logging_mixin.py:188} INFO - [2025-12-04T17:38:08.750+0000] {dag.py:3036} INFO - Sync 1 DAGs
[2025-12-04T17:38:08.765+0000] {logging_mixin.py:188} INFO - [2025-12-04T17:38:08.765+0000] {dag.py:3823} INFO - Setting next_dagrun for weather_prediction_pipeline to 2025-12-04 00:00:00+00:00, run_after=2025-12-05 00:00:00+00:00
[2025-12-04T17:38:08.780+0000] {processor.py:183} INFO - Processing /opt/airflow/dags/weather_prediction_dag.py took 0.082 seconds
[2025-12-04T17:38:39.575+0000] {processor.py:161} INFO - Started process (PID=2109) to work on /opt/airflow/dags/weather_prediction_dag.py
[2025-12-04T17:38:39.576+0000] {processor.py:830} INFO - Processing file /opt/airflow/dags/weather_prediction_dag.py for tasks to queue
[2025-12-04T17:38:39.577+0000] {logging_mixin.py:188} INFO - [2025-12-04T17:38:39.577+0000] {dagbag.py:538} INFO - Filling up the DagBag from /opt/airflow/dags/weather_prediction_dag.py
[2025-12-04T17:38:39.602+0000] {processor.py:840} INFO - DAG(s) 'weather_prediction_pipeline' retrieved from /opt/airflow/dags/weather_prediction_dag.py
[2025-12-04T17:38:39.618+0000] {logging_mixin.py:188} INFO - [2025-12-04T17:38:39.618+0000] {dag.py:3036} INFO - Sync 1 DAGs
[2025-12-04T17:38:39.632+0000] {logging_mixin.py:188} INFO - [2025-12-04T17:38:39.632+0000] {dag.py:3823} INFO - Setting next_dagrun for weather_prediction_pipeline to 2025-12-04 00:00:00+00:00, run_after=2025-12-05 00:00:00+00:00
[2025-12-04T17:38:39.645+0000] {processor.py:183} INFO - Processing /opt/airflow/dags/weather_prediction_dag.py took 0.072 seconds
[2025-12-04T17:39:10.439+0000] {processor.py:161} INFO - Started process (PID=2122) to work on /opt/airflow/dags/weather_prediction_dag.py
[2025-12-04T17:39:10.440+0000] {processor.py:830} INFO - Processing file /opt/airflow/dags/weather_prediction_dag.py for tasks to queue
[2025-12-04T17:39:10.441+0000] {logging_mixin.py:188} INFO - [2025-12-04T17:39:10.441+0000] {dagbag.py:538} INFO - Filling up the DagBag from /opt/airflow/dags/weather_prediction_dag.py
[2025-12-04T17:39:10.467+0000] {processor.py:840} INFO - DAG(s) 'weather_prediction_pipeline' retrieved from /opt/airflow/dags/weather_prediction_dag.py
[2025-12-04T17:39:10.485+0000] {logging_mixin.py:188} INFO - [2025-12-04T17:39:10.485+0000] {dag.py:3036} INFO - Sync 1 DAGs
[2025-12-04T17:39:10.501+0000] {logging_mixin.py:188} INFO - [2025-12-04T17:39:10.501+0000] {dag.py:3823} INFO - Setting next_dagrun for weather_prediction_pipeline to 2025-12-04 00:00:00+00:00, run_after=2025-12-05 00:00:00+00:00
[2025-12-04T17:39:10.515+0000] {processor.py:183} INFO - Processing /opt/airflow/dags/weather_prediction_dag.py took 0.078 seconds
[2025-12-04T17:39:40.782+0000] {processor.py:161} INFO - Started process (PID=2135) to work on /opt/airflow/dags/weather_prediction_dag.py
[2025-12-04T17:39:40.783+0000] {processor.py:830} INFO - Processing file /opt/airflow/dags/weather_prediction_dag.py for tasks to queue
[2025-12-04T17:39:40.784+0000] {logging_mixin.py:188} INFO - [2025-12-04T17:39:40.784+0000] {dagbag.py:538} INFO - Filling up the DagBag from /opt/airflow/dags/weather_prediction_dag.py
[2025-12-04T17:39:40.812+0000] {processor.py:840} INFO - DAG(s) 'weather_prediction_pipeline' retrieved from /opt/airflow/dags/weather_prediction_dag.py
[2025-12-04T17:39:40.830+0000] {logging_mixin.py:188} INFO - [2025-12-04T17:39:40.829+0000] {dag.py:3036} INFO - Sync 1 DAGs
[2025-12-04T17:39:40.845+0000] {logging_mixin.py:188} INFO - [2025-12-04T17:39:40.845+0000] {dag.py:3823} INFO - Setting next_dagrun for weather_prediction_pipeline to 2025-12-04 00:00:00+00:00, run_after=2025-12-05 00:00:00+00:00
[2025-12-04T17:39:40.862+0000] {processor.py:183} INFO - Processing /opt/airflow/dags/weather_prediction_dag.py took 0.082 seconds
[2025-12-04T17:40:11.815+0000] {processor.py:161} INFO - Started process (PID=2148) to work on /opt/airflow/dags/weather_prediction_dag.py
[2025-12-04T17:40:11.816+0000] {processor.py:830} INFO - Processing file /opt/airflow/dags/weather_prediction_dag.py for tasks to queue
[2025-12-04T17:40:11.817+0000] {logging_mixin.py:188} INFO - [2025-12-04T17:40:11.817+0000] {dagbag.py:538} INFO - Filling up the DagBag from /opt/airflow/dags/weather_prediction_dag.py
[2025-12-04T17:40:11.846+0000] {processor.py:840} INFO - DAG(s) 'weather_prediction_pipeline' retrieved from /opt/airflow/dags/weather_prediction_dag.py
[2025-12-04T17:40:11.863+0000] {logging_mixin.py:188} INFO - [2025-12-04T17:40:11.863+0000] {dag.py:3036} INFO - Sync 1 DAGs
[2025-12-04T17:40:11.879+0000] {logging_mixin.py:188} INFO - [2025-12-04T17:40:11.879+0000] {dag.py:3823} INFO - Setting next_dagrun for weather_prediction_pipeline to 2025-12-04 00:00:00+00:00, run_after=2025-12-05 00:00:00+00:00
[2025-12-04T17:40:11.895+0000] {processor.py:183} INFO - Processing /opt/airflow/dags/weather_prediction_dag.py took 0.082 seconds
[2025-12-04T17:40:42.303+0000] {processor.py:161} INFO - Started process (PID=2161) to work on /opt/airflow/dags/weather_prediction_dag.py
[2025-12-04T17:40:42.304+0000] {processor.py:830} INFO - Processing file /opt/airflow/dags/weather_prediction_dag.py for tasks to queue
[2025-12-04T17:40:42.305+0000] {logging_mixin.py:188} INFO - [2025-12-04T17:40:42.305+0000] {dagbag.py:538} INFO - Filling up the DagBag from /opt/airflow/dags/weather_prediction_dag.py
[2025-12-04T17:40:42.334+0000] {processor.py:840} INFO - DAG(s) 'weather_prediction_pipeline' retrieved from /opt/airflow/dags/weather_prediction_dag.py
[2025-12-04T17:40:42.352+0000] {logging_mixin.py:188} INFO - [2025-12-04T17:40:42.351+0000] {dag.py:3036} INFO - Sync 1 DAGs
[2025-12-04T17:40:42.368+0000] {logging_mixin.py:188} INFO - [2025-12-04T17:40:42.367+0000] {dag.py:3823} INFO - Setting next_dagrun for weather_prediction_pipeline to 2025-12-04 00:00:00+00:00, run_after=2025-12-05 00:00:00+00:00
[2025-12-04T17:40:42.384+0000] {processor.py:183} INFO - Processing /opt/airflow/dags/weather_prediction_dag.py took 0.084 seconds
[2025-12-04T17:41:13.047+0000] {processor.py:161} INFO - Started process (PID=2174) to work on /opt/airflow/dags/weather_prediction_dag.py
[2025-12-04T17:41:13.048+0000] {processor.py:830} INFO - Processing file /opt/airflow/dags/weather_prediction_dag.py for tasks to queue
[2025-12-04T17:41:13.049+0000] {logging_mixin.py:188} INFO - [2025-12-04T17:41:13.048+0000] {dagbag.py:538} INFO - Filling up the DagBag from /opt/airflow/dags/weather_prediction_dag.py
[2025-12-04T17:41:13.077+0000] {processor.py:840} INFO - DAG(s) 'weather_prediction_pipeline' retrieved from /opt/airflow/dags/weather_prediction_dag.py
[2025-12-04T17:41:13.096+0000] {logging_mixin.py:188} INFO - [2025-12-04T17:41:13.096+0000] {dag.py:3036} INFO - Sync 1 DAGs
[2025-12-04T17:41:13.111+0000] {logging_mixin.py:188} INFO - [2025-12-04T17:41:13.111+0000] {dag.py:3823} INFO - Setting next_dagrun for weather_prediction_pipeline to 2025-12-04 00:00:00+00:00, run_after=2025-12-05 00:00:00+00:00
[2025-12-04T17:41:13.126+0000] {processor.py:183} INFO - Processing /opt/airflow/dags/weather_prediction_dag.py took 0.083 seconds
[2025-12-04T17:41:43.858+0000] {processor.py:161} INFO - Started process (PID=2187) to work on /opt/airflow/dags/weather_prediction_dag.py
[2025-12-04T17:41:43.859+0000] {processor.py:830} INFO - Processing file /opt/airflow/dags/weather_prediction_dag.py for tasks to queue
[2025-12-04T17:41:43.860+0000] {logging_mixin.py:188} INFO - [2025-12-04T17:41:43.859+0000] {dagbag.py:538} INFO - Filling up the DagBag from /opt/airflow/dags/weather_prediction_dag.py
[2025-12-04T17:41:43.890+0000] {processor.py:840} INFO - DAG(s) 'weather_prediction_pipeline' retrieved from /opt/airflow/dags/weather_prediction_dag.py
[2025-12-04T17:41:43.911+0000] {logging_mixin.py:188} INFO - [2025-12-04T17:41:43.911+0000] {dag.py:3036} INFO - Sync 1 DAGs
[2025-12-04T17:41:43.931+0000] {logging_mixin.py:188} INFO - [2025-12-04T17:41:43.930+0000] {dag.py:3823} INFO - Setting next_dagrun for weather_prediction_pipeline to 2025-12-04 00:00:00+00:00, run_after=2025-12-05 00:00:00+00:00
[2025-12-04T17:41:43.953+0000] {processor.py:183} INFO - Processing /opt/airflow/dags/weather_prediction_dag.py took 0.097 seconds
[2025-12-04T17:42:14.777+0000] {processor.py:161} INFO - Started process (PID=2200) to work on /opt/airflow/dags/weather_prediction_dag.py
[2025-12-04T17:42:14.778+0000] {processor.py:830} INFO - Processing file /opt/airflow/dags/weather_prediction_dag.py for tasks to queue
[2025-12-04T17:42:14.779+0000] {logging_mixin.py:188} INFO - [2025-12-04T17:42:14.779+0000] {dagbag.py:538} INFO - Filling up the DagBag from /opt/airflow/dags/weather_prediction_dag.py
[2025-12-04T17:42:14.806+0000] {processor.py:840} INFO - DAG(s) 'weather_prediction_pipeline' retrieved from /opt/airflow/dags/weather_prediction_dag.py
[2025-12-04T17:42:14.824+0000] {logging_mixin.py:188} INFO - [2025-12-04T17:42:14.824+0000] {dag.py:3036} INFO - Sync 1 DAGs
[2025-12-04T17:42:14.840+0000] {logging_mixin.py:188} INFO - [2025-12-04T17:42:14.840+0000] {dag.py:3823} INFO - Setting next_dagrun for weather_prediction_pipeline to 2025-12-04 00:00:00+00:00, run_after=2025-12-05 00:00:00+00:00
[2025-12-04T17:42:14.854+0000] {processor.py:183} INFO - Processing /opt/airflow/dags/weather_prediction_dag.py took 0.079 seconds
[2025-12-04T17:42:45.656+0000] {processor.py:161} INFO - Started process (PID=2212) to work on /opt/airflow/dags/weather_prediction_dag.py
[2025-12-04T17:42:45.657+0000] {processor.py:830} INFO - Processing file /opt/airflow/dags/weather_prediction_dag.py for tasks to queue
[2025-12-04T17:42:45.658+0000] {logging_mixin.py:188} INFO - [2025-12-04T17:42:45.657+0000] {dagbag.py:538} INFO - Filling up the DagBag from /opt/airflow/dags/weather_prediction_dag.py
[2025-12-04T17:42:45.684+0000] {processor.py:840} INFO - DAG(s) 'weather_prediction_pipeline' retrieved from /opt/airflow/dags/weather_prediction_dag.py
[2025-12-04T17:42:45.701+0000] {logging_mixin.py:188} INFO - [2025-12-04T17:42:45.701+0000] {dag.py:3036} INFO - Sync 1 DAGs
[2025-12-04T17:42:45.718+0000] {logging_mixin.py:188} INFO - [2025-12-04T17:42:45.717+0000] {dag.py:3823} INFO - Setting next_dagrun for weather_prediction_pipeline to 2025-12-04 00:00:00+00:00, run_after=2025-12-05 00:00:00+00:00
[2025-12-04T17:42:45.734+0000] {processor.py:183} INFO - Processing /opt/airflow/dags/weather_prediction_dag.py took 0.080 seconds
[2025-12-04T17:43:16.033+0000] {processor.py:161} INFO - Started process (PID=2225) to work on /opt/airflow/dags/weather_prediction_dag.py
[2025-12-04T17:43:16.034+0000] {processor.py:830} INFO - Processing file /opt/airflow/dags/weather_prediction_dag.py for tasks to queue
[2025-12-04T17:43:16.035+0000] {logging_mixin.py:188} INFO - [2025-12-04T17:43:16.035+0000] {dagbag.py:538} INFO - Filling up the DagBag from /opt/airflow/dags/weather_prediction_dag.py
[2025-12-04T17:43:16.066+0000] {processor.py:840} INFO - DAG(s) 'weather_prediction_pipeline' retrieved from /opt/airflow/dags/weather_prediction_dag.py
[2025-12-04T17:43:16.085+0000] {logging_mixin.py:188} INFO - [2025-12-04T17:43:16.085+0000] {dag.py:3036} INFO - Sync 1 DAGs
[2025-12-04T17:43:16.101+0000] {logging_mixin.py:188} INFO - [2025-12-04T17:43:16.100+0000] {dag.py:3823} INFO - Setting next_dagrun for weather_prediction_pipeline to 2025-12-04 00:00:00+00:00, run_after=2025-12-05 00:00:00+00:00
[2025-12-04T17:43:16.114+0000] {processor.py:183} INFO - Processing /opt/airflow/dags/weather_prediction_dag.py took 0.084 seconds
[2025-12-04T17:43:46.219+0000] {processor.py:161} INFO - Started process (PID=2238) to work on /opt/airflow/dags/weather_prediction_dag.py
[2025-12-04T17:43:46.220+0000] {processor.py:830} INFO - Processing file /opt/airflow/dags/weather_prediction_dag.py for tasks to queue
[2025-12-04T17:43:46.220+0000] {logging_mixin.py:188} INFO - [2025-12-04T17:43:46.220+0000] {dagbag.py:538} INFO - Filling up the DagBag from /opt/airflow/dags/weather_prediction_dag.py
[2025-12-04T17:43:46.246+0000] {processor.py:840} INFO - DAG(s) 'weather_prediction_pipeline' retrieved from /opt/airflow/dags/weather_prediction_dag.py
[2025-12-04T17:43:46.264+0000] {logging_mixin.py:188} INFO - [2025-12-04T17:43:46.263+0000] {dag.py:3036} INFO - Sync 1 DAGs
[2025-12-04T17:43:46.278+0000] {logging_mixin.py:188} INFO - [2025-12-04T17:43:46.278+0000] {dag.py:3823} INFO - Setting next_dagrun for weather_prediction_pipeline to 2025-12-04 00:00:00+00:00, run_after=2025-12-05 00:00:00+00:00
[2025-12-04T17:43:46.292+0000] {processor.py:183} INFO - Processing /opt/airflow/dags/weather_prediction_dag.py took 0.075 seconds
[2025-12-04T17:44:17.044+0000] {processor.py:161} INFO - Started process (PID=2251) to work on /opt/airflow/dags/weather_prediction_dag.py
[2025-12-04T17:44:17.045+0000] {processor.py:830} INFO - Processing file /opt/airflow/dags/weather_prediction_dag.py for tasks to queue
[2025-12-04T17:44:17.046+0000] {logging_mixin.py:188} INFO - [2025-12-04T17:44:17.046+0000] {dagbag.py:538} INFO - Filling up the DagBag from /opt/airflow/dags/weather_prediction_dag.py
[2025-12-04T17:44:17.073+0000] {processor.py:840} INFO - DAG(s) 'weather_prediction_pipeline' retrieved from /opt/airflow/dags/weather_prediction_dag.py
[2025-12-04T17:44:17.090+0000] {logging_mixin.py:188} INFO - [2025-12-04T17:44:17.090+0000] {dag.py:3036} INFO - Sync 1 DAGs
[2025-12-04T17:44:17.105+0000] {logging_mixin.py:188} INFO - [2025-12-04T17:44:17.105+0000] {dag.py:3823} INFO - Setting next_dagrun for weather_prediction_pipeline to 2025-12-04 00:00:00+00:00, run_after=2025-12-05 00:00:00+00:00
[2025-12-04T17:44:17.120+0000] {processor.py:183} INFO - Processing /opt/airflow/dags/weather_prediction_dag.py took 0.077 seconds
[2025-12-04T17:44:47.223+0000] {processor.py:161} INFO - Started process (PID=2263) to work on /opt/airflow/dags/weather_prediction_dag.py
[2025-12-04T17:44:47.224+0000] {processor.py:830} INFO - Processing file /opt/airflow/dags/weather_prediction_dag.py for tasks to queue
[2025-12-04T17:44:47.225+0000] {logging_mixin.py:188} INFO - [2025-12-04T17:44:47.225+0000] {dagbag.py:538} INFO - Filling up the DagBag from /opt/airflow/dags/weather_prediction_dag.py
[2025-12-04T17:44:47.254+0000] {processor.py:840} INFO - DAG(s) 'weather_prediction_pipeline' retrieved from /opt/airflow/dags/weather_prediction_dag.py
[2025-12-04T17:44:47.273+0000] {logging_mixin.py:188} INFO - [2025-12-04T17:44:47.273+0000] {dag.py:3036} INFO - Sync 1 DAGs
[2025-12-04T17:44:47.289+0000] {logging_mixin.py:188} INFO - [2025-12-04T17:44:47.289+0000] {dag.py:3823} INFO - Setting next_dagrun for weather_prediction_pipeline to 2025-12-04 00:00:00+00:00, run_after=2025-12-05 00:00:00+00:00
[2025-12-04T17:44:47.305+0000] {processor.py:183} INFO - Processing /opt/airflow/dags/weather_prediction_dag.py took 0.085 seconds
[2025-12-04T17:45:17.945+0000] {processor.py:161} INFO - Started process (PID=2276) to work on /opt/airflow/dags/weather_prediction_dag.py
[2025-12-04T17:45:17.946+0000] {processor.py:830} INFO - Processing file /opt/airflow/dags/weather_prediction_dag.py for tasks to queue
[2025-12-04T17:45:17.947+0000] {logging_mixin.py:188} INFO - [2025-12-04T17:45:17.946+0000] {dagbag.py:538} INFO - Filling up the DagBag from /opt/airflow/dags/weather_prediction_dag.py
[2025-12-04T17:45:17.983+0000] {processor.py:840} INFO - DAG(s) 'weather_prediction_pipeline' retrieved from /opt/airflow/dags/weather_prediction_dag.py
[2025-12-04T17:45:18.002+0000] {logging_mixin.py:188} INFO - [2025-12-04T17:45:18.001+0000] {dag.py:3036} INFO - Sync 1 DAGs
[2025-12-04T17:45:18.019+0000] {logging_mixin.py:188} INFO - [2025-12-04T17:45:18.019+0000] {dag.py:3823} INFO - Setting next_dagrun for weather_prediction_pipeline to 2025-12-04 00:00:00+00:00, run_after=2025-12-05 00:00:00+00:00
[2025-12-04T17:45:18.037+0000] {processor.py:183} INFO - Processing /opt/airflow/dags/weather_prediction_dag.py took 0.094 seconds
[2025-12-04T17:45:48.107+0000] {processor.py:161} INFO - Started process (PID=2289) to work on /opt/airflow/dags/weather_prediction_dag.py
[2025-12-04T17:45:48.108+0000] {processor.py:830} INFO - Processing file /opt/airflow/dags/weather_prediction_dag.py for tasks to queue
[2025-12-04T17:45:48.109+0000] {logging_mixin.py:188} INFO - [2025-12-04T17:45:48.109+0000] {dagbag.py:538} INFO - Filling up the DagBag from /opt/airflow/dags/weather_prediction_dag.py
[2025-12-04T17:45:48.142+0000] {processor.py:840} INFO - DAG(s) 'weather_prediction_pipeline' retrieved from /opt/airflow/dags/weather_prediction_dag.py
[2025-12-04T17:45:48.165+0000] {logging_mixin.py:188} INFO - [2025-12-04T17:45:48.165+0000] {dag.py:3036} INFO - Sync 1 DAGs
[2025-12-04T17:45:48.185+0000] {logging_mixin.py:188} INFO - [2025-12-04T17:45:48.185+0000] {dag.py:3823} INFO - Setting next_dagrun for weather_prediction_pipeline to 2025-12-04 00:00:00+00:00, run_after=2025-12-05 00:00:00+00:00
[2025-12-04T17:45:48.202+0000] {processor.py:183} INFO - Processing /opt/airflow/dags/weather_prediction_dag.py took 0.098 seconds
[2025-12-04T17:46:18.918+0000] {processor.py:161} INFO - Started process (PID=2302) to work on /opt/airflow/dags/weather_prediction_dag.py
[2025-12-04T17:46:18.919+0000] {processor.py:830} INFO - Processing file /opt/airflow/dags/weather_prediction_dag.py for tasks to queue
[2025-12-04T17:46:18.920+0000] {logging_mixin.py:188} INFO - [2025-12-04T17:46:18.920+0000] {dagbag.py:538} INFO - Filling up the DagBag from /opt/airflow/dags/weather_prediction_dag.py
[2025-12-04T17:46:18.960+0000] {processor.py:840} INFO - DAG(s) 'weather_prediction_pipeline' retrieved from /opt/airflow/dags/weather_prediction_dag.py
[2025-12-04T17:46:18.981+0000] {logging_mixin.py:188} INFO - [2025-12-04T17:46:18.981+0000] {dag.py:3036} INFO - Sync 1 DAGs
[2025-12-04T17:46:18.999+0000] {logging_mixin.py:188} INFO - [2025-12-04T17:46:18.998+0000] {dag.py:3823} INFO - Setting next_dagrun for weather_prediction_pipeline to 2025-12-04 00:00:00+00:00, run_after=2025-12-05 00:00:00+00:00
[2025-12-04T17:46:19.013+0000] {processor.py:183} INFO - Processing /opt/airflow/dags/weather_prediction_dag.py took 0.099 seconds
[2025-12-04T17:46:49.593+0000] {processor.py:161} INFO - Started process (PID=2307) to work on /opt/airflow/dags/weather_prediction_dag.py
[2025-12-04T17:46:49.594+0000] {processor.py:830} INFO - Processing file /opt/airflow/dags/weather_prediction_dag.py for tasks to queue
[2025-12-04T17:46:49.595+0000] {logging_mixin.py:188} INFO - [2025-12-04T17:46:49.595+0000] {dagbag.py:538} INFO - Filling up the DagBag from /opt/airflow/dags/weather_prediction_dag.py
[2025-12-04T17:46:49.621+0000] {processor.py:840} INFO - DAG(s) 'weather_prediction_pipeline' retrieved from /opt/airflow/dags/weather_prediction_dag.py
[2025-12-04T17:46:49.639+0000] {logging_mixin.py:188} INFO - [2025-12-04T17:46:49.639+0000] {dag.py:3036} INFO - Sync 1 DAGs
[2025-12-04T17:46:49.653+0000] {logging_mixin.py:188} INFO - [2025-12-04T17:46:49.653+0000] {dag.py:3823} INFO - Setting next_dagrun for weather_prediction_pipeline to 2025-12-04 00:00:00+00:00, run_after=2025-12-05 00:00:00+00:00
[2025-12-04T17:46:49.667+0000] {processor.py:183} INFO - Processing /opt/airflow/dags/weather_prediction_dag.py took 0.077 seconds
[2025-12-04T17:47:20.629+0000] {processor.py:161} INFO - Started process (PID=2320) to work on /opt/airflow/dags/weather_prediction_dag.py
[2025-12-04T17:47:20.632+0000] {processor.py:830} INFO - Processing file /opt/airflow/dags/weather_prediction_dag.py for tasks to queue
[2025-12-04T17:47:20.633+0000] {logging_mixin.py:188} INFO - [2025-12-04T17:47:20.633+0000] {dagbag.py:538} INFO - Filling up the DagBag from /opt/airflow/dags/weather_prediction_dag.py
[2025-12-04T17:47:20.667+0000] {processor.py:840} INFO - DAG(s) 'weather_prediction_pipeline' retrieved from /opt/airflow/dags/weather_prediction_dag.py
[2025-12-04T17:47:20.686+0000] {logging_mixin.py:188} INFO - [2025-12-04T17:47:20.686+0000] {dag.py:3036} INFO - Sync 1 DAGs
[2025-12-04T17:47:20.703+0000] {logging_mixin.py:188} INFO - [2025-12-04T17:47:20.703+0000] {dag.py:3823} INFO - Setting next_dagrun for weather_prediction_pipeline to 2025-12-04 00:00:00+00:00, run_after=2025-12-05 00:00:00+00:00
[2025-12-04T17:47:20.720+0000] {processor.py:183} INFO - Processing /opt/airflow/dags/weather_prediction_dag.py took 0.093 seconds
[2025-12-04T17:47:51.523+0000] {processor.py:161} INFO - Started process (PID=2333) to work on /opt/airflow/dags/weather_prediction_dag.py
[2025-12-04T17:47:51.524+0000] {processor.py:830} INFO - Processing file /opt/airflow/dags/weather_prediction_dag.py for tasks to queue
[2025-12-04T17:47:51.526+0000] {logging_mixin.py:188} INFO - [2025-12-04T17:47:51.525+0000] {dagbag.py:538} INFO - Filling up the DagBag from /opt/airflow/dags/weather_prediction_dag.py
[2025-12-04T17:47:51.568+0000] {processor.py:840} INFO - DAG(s) 'weather_prediction_pipeline' retrieved from /opt/airflow/dags/weather_prediction_dag.py
[2025-12-04T17:47:51.592+0000] {logging_mixin.py:188} INFO - [2025-12-04T17:47:51.591+0000] {dag.py:3036} INFO - Sync 1 DAGs
[2025-12-04T17:47:51.610+0000] {logging_mixin.py:188} INFO - [2025-12-04T17:47:51.610+0000] {dag.py:3823} INFO - Setting next_dagrun for weather_prediction_pipeline to 2025-12-04 00:00:00+00:00, run_after=2025-12-05 00:00:00+00:00
[2025-12-04T17:47:51.624+0000] {processor.py:183} INFO - Processing /opt/airflow/dags/weather_prediction_dag.py took 0.106 seconds
[2025-12-04T17:48:21.899+0000] {processor.py:161} INFO - Started process (PID=2346) to work on /opt/airflow/dags/weather_prediction_dag.py
[2025-12-04T17:48:21.901+0000] {processor.py:830} INFO - Processing file /opt/airflow/dags/weather_prediction_dag.py for tasks to queue
[2025-12-04T17:48:21.901+0000] {logging_mixin.py:188} INFO - [2025-12-04T17:48:21.901+0000] {dagbag.py:538} INFO - Filling up the DagBag from /opt/airflow/dags/weather_prediction_dag.py
[2025-12-04T17:48:21.932+0000] {processor.py:840} INFO - DAG(s) 'weather_prediction_pipeline' retrieved from /opt/airflow/dags/weather_prediction_dag.py
[2025-12-04T17:48:21.951+0000] {logging_mixin.py:188} INFO - [2025-12-04T17:48:21.950+0000] {dag.py:3036} INFO - Sync 1 DAGs
[2025-12-04T17:48:21.967+0000] {logging_mixin.py:188} INFO - [2025-12-04T17:48:21.967+0000] {dag.py:3823} INFO - Setting next_dagrun for weather_prediction_pipeline to 2025-12-04 00:00:00+00:00, run_after=2025-12-05 00:00:00+00:00
[2025-12-04T17:48:21.983+0000] {processor.py:183} INFO - Processing /opt/airflow/dags/weather_prediction_dag.py took 0.087 seconds
[2025-12-04T17:48:52.756+0000] {processor.py:161} INFO - Started process (PID=2359) to work on /opt/airflow/dags/weather_prediction_dag.py
[2025-12-04T17:48:52.757+0000] {processor.py:830} INFO - Processing file /opt/airflow/dags/weather_prediction_dag.py for tasks to queue
[2025-12-04T17:48:52.758+0000] {logging_mixin.py:188} INFO - [2025-12-04T17:48:52.758+0000] {dagbag.py:538} INFO - Filling up the DagBag from /opt/airflow/dags/weather_prediction_dag.py
[2025-12-04T17:48:52.789+0000] {processor.py:840} INFO - DAG(s) 'weather_prediction_pipeline' retrieved from /opt/airflow/dags/weather_prediction_dag.py
[2025-12-04T17:48:52.809+0000] {logging_mixin.py:188} INFO - [2025-12-04T17:48:52.809+0000] {dag.py:3036} INFO - Sync 1 DAGs
[2025-12-04T17:48:52.826+0000] {logging_mixin.py:188} INFO - [2025-12-04T17:48:52.826+0000] {dag.py:3823} INFO - Setting next_dagrun for weather_prediction_pipeline to 2025-12-04 00:00:00+00:00, run_after=2025-12-05 00:00:00+00:00
[2025-12-04T17:48:52.845+0000] {processor.py:183} INFO - Processing /opt/airflow/dags/weather_prediction_dag.py took 0.091 seconds
[2025-12-04T17:49:22.904+0000] {processor.py:161} INFO - Started process (PID=2372) to work on /opt/airflow/dags/weather_prediction_dag.py
[2025-12-04T17:49:22.905+0000] {processor.py:830} INFO - Processing file /opt/airflow/dags/weather_prediction_dag.py for tasks to queue
[2025-12-04T17:49:22.906+0000] {logging_mixin.py:188} INFO - [2025-12-04T17:49:22.906+0000] {dagbag.py:538} INFO - Filling up the DagBag from /opt/airflow/dags/weather_prediction_dag.py
[2025-12-04T17:49:22.932+0000] {processor.py:840} INFO - DAG(s) 'weather_prediction_pipeline' retrieved from /opt/airflow/dags/weather_prediction_dag.py
[2025-12-04T17:49:22.950+0000] {logging_mixin.py:188} INFO - [2025-12-04T17:49:22.950+0000] {dag.py:3036} INFO - Sync 1 DAGs
[2025-12-04T17:49:22.968+0000] {logging_mixin.py:188} INFO - [2025-12-04T17:49:22.968+0000] {dag.py:3823} INFO - Setting next_dagrun for weather_prediction_pipeline to 2025-12-04 00:00:00+00:00, run_after=2025-12-05 00:00:00+00:00
[2025-12-04T17:49:22.985+0000] {processor.py:183} INFO - Processing /opt/airflow/dags/weather_prediction_dag.py took 0.084 seconds
[2025-12-04T17:49:53.702+0000] {processor.py:161} INFO - Started process (PID=2385) to work on /opt/airflow/dags/weather_prediction_dag.py
[2025-12-04T17:49:53.703+0000] {processor.py:830} INFO - Processing file /opt/airflow/dags/weather_prediction_dag.py for tasks to queue
[2025-12-04T17:49:53.704+0000] {logging_mixin.py:188} INFO - [2025-12-04T17:49:53.704+0000] {dagbag.py:538} INFO - Filling up the DagBag from /opt/airflow/dags/weather_prediction_dag.py
[2025-12-04T17:49:53.732+0000] {processor.py:840} INFO - DAG(s) 'weather_prediction_pipeline' retrieved from /opt/airflow/dags/weather_prediction_dag.py
[2025-12-04T17:49:53.751+0000] {logging_mixin.py:188} INFO - [2025-12-04T17:49:53.751+0000] {dag.py:3036} INFO - Sync 1 DAGs
[2025-12-04T17:49:53.767+0000] {logging_mixin.py:188} INFO - [2025-12-04T17:49:53.767+0000] {dag.py:3823} INFO - Setting next_dagrun for weather_prediction_pipeline to 2025-12-04 00:00:00+00:00, run_after=2025-12-05 00:00:00+00:00
[2025-12-04T17:49:53.783+0000] {processor.py:183} INFO - Processing /opt/airflow/dags/weather_prediction_dag.py took 0.083 seconds
[2025-12-04T17:50:24.387+0000] {processor.py:161} INFO - Started process (PID=2398) to work on /opt/airflow/dags/weather_prediction_dag.py
[2025-12-04T17:50:24.388+0000] {processor.py:830} INFO - Processing file /opt/airflow/dags/weather_prediction_dag.py for tasks to queue
[2025-12-04T17:50:24.389+0000] {logging_mixin.py:188} INFO - [2025-12-04T17:50:24.389+0000] {dagbag.py:538} INFO - Filling up the DagBag from /opt/airflow/dags/weather_prediction_dag.py
[2025-12-04T17:50:24.418+0000] {processor.py:840} INFO - DAG(s) 'weather_prediction_pipeline' retrieved from /opt/airflow/dags/weather_prediction_dag.py
[2025-12-04T17:50:24.438+0000] {logging_mixin.py:188} INFO - [2025-12-04T17:50:24.438+0000] {dag.py:3036} INFO - Sync 1 DAGs
[2025-12-04T17:50:24.457+0000] {logging_mixin.py:188} INFO - [2025-12-04T17:50:24.457+0000] {dag.py:3823} INFO - Setting next_dagrun for weather_prediction_pipeline to 2025-12-04 00:00:00+00:00, run_after=2025-12-05 00:00:00+00:00
[2025-12-04T17:50:24.473+0000] {processor.py:183} INFO - Processing /opt/airflow/dags/weather_prediction_dag.py took 0.088 seconds
[2025-12-04T17:50:54.546+0000] {processor.py:161} INFO - Started process (PID=2411) to work on /opt/airflow/dags/weather_prediction_dag.py
[2025-12-04T17:50:54.547+0000] {processor.py:830} INFO - Processing file /opt/airflow/dags/weather_prediction_dag.py for tasks to queue
[2025-12-04T17:50:54.548+0000] {logging_mixin.py:188} INFO - [2025-12-04T17:50:54.547+0000] {dagbag.py:538} INFO - Filling up the DagBag from /opt/airflow/dags/weather_prediction_dag.py
[2025-12-04T17:50:54.577+0000] {processor.py:840} INFO - DAG(s) 'weather_prediction_pipeline' retrieved from /opt/airflow/dags/weather_prediction_dag.py
[2025-12-04T17:50:54.594+0000] {logging_mixin.py:188} INFO - [2025-12-04T17:50:54.594+0000] {dag.py:3036} INFO - Sync 1 DAGs
[2025-12-04T17:50:54.609+0000] {logging_mixin.py:188} INFO - [2025-12-04T17:50:54.609+0000] {dag.py:3823} INFO - Setting next_dagrun for weather_prediction_pipeline to 2025-12-04 00:00:00+00:00, run_after=2025-12-05 00:00:00+00:00
[2025-12-04T17:50:54.625+0000] {processor.py:183} INFO - Processing /opt/airflow/dags/weather_prediction_dag.py took 0.081 seconds
[2025-12-04T17:51:24.678+0000] {processor.py:161} INFO - Started process (PID=2425) to work on /opt/airflow/dags/weather_prediction_dag.py
[2025-12-04T17:51:24.679+0000] {processor.py:830} INFO - Processing file /opt/airflow/dags/weather_prediction_dag.py for tasks to queue
[2025-12-04T17:51:24.680+0000] {logging_mixin.py:188} INFO - [2025-12-04T17:51:24.679+0000] {dagbag.py:538} INFO - Filling up the DagBag from /opt/airflow/dags/weather_prediction_dag.py
[2025-12-04T17:51:24.722+0000] {processor.py:840} INFO - DAG(s) 'weather_prediction_pipeline' retrieved from /opt/airflow/dags/weather_prediction_dag.py
[2025-12-04T17:51:24.739+0000] {logging_mixin.py:188} INFO - [2025-12-04T17:51:24.739+0000] {dag.py:3036} INFO - Sync 1 DAGs
[2025-12-04T17:51:24.754+0000] {logging_mixin.py:188} INFO - [2025-12-04T17:51:24.754+0000] {dag.py:3823} INFO - Setting next_dagrun for weather_prediction_pipeline to 2025-12-04 00:00:00+00:00, run_after=2025-12-05 00:00:00+00:00
[2025-12-04T17:51:24.768+0000] {processor.py:183} INFO - Processing /opt/airflow/dags/weather_prediction_dag.py took 0.093 seconds
[2025-12-04T17:51:55.398+0000] {processor.py:161} INFO - Started process (PID=2438) to work on /opt/airflow/dags/weather_prediction_dag.py
[2025-12-04T17:51:55.400+0000] {processor.py:830} INFO - Processing file /opt/airflow/dags/weather_prediction_dag.py for tasks to queue
[2025-12-04T17:51:55.401+0000] {logging_mixin.py:188} INFO - [2025-12-04T17:51:55.400+0000] {dagbag.py:538} INFO - Filling up the DagBag from /opt/airflow/dags/weather_prediction_dag.py
[2025-12-04T17:51:55.431+0000] {processor.py:840} INFO - DAG(s) 'weather_prediction_pipeline' retrieved from /opt/airflow/dags/weather_prediction_dag.py
[2025-12-04T17:51:55.450+0000] {logging_mixin.py:188} INFO - [2025-12-04T17:51:55.450+0000] {dag.py:3036} INFO - Sync 1 DAGs
[2025-12-04T17:51:55.467+0000] {logging_mixin.py:188} INFO - [2025-12-04T17:51:55.467+0000] {dag.py:3823} INFO - Setting next_dagrun for weather_prediction_pipeline to 2025-12-04 00:00:00+00:00, run_after=2025-12-05 00:00:00+00:00
[2025-12-04T17:51:55.482+0000] {processor.py:183} INFO - Processing /opt/airflow/dags/weather_prediction_dag.py took 0.087 seconds
[2025-12-04T17:52:26.256+0000] {processor.py:161} INFO - Started process (PID=2451) to work on /opt/airflow/dags/weather_prediction_dag.py
[2025-12-04T17:52:26.257+0000] {processor.py:830} INFO - Processing file /opt/airflow/dags/weather_prediction_dag.py for tasks to queue
[2025-12-04T17:52:26.258+0000] {logging_mixin.py:188} INFO - [2025-12-04T17:52:26.257+0000] {dagbag.py:538} INFO - Filling up the DagBag from /opt/airflow/dags/weather_prediction_dag.py
[2025-12-04T17:52:26.284+0000] {processor.py:840} INFO - DAG(s) 'weather_prediction_pipeline' retrieved from /opt/airflow/dags/weather_prediction_dag.py
[2025-12-04T17:52:26.301+0000] {logging_mixin.py:188} INFO - [2025-12-04T17:52:26.301+0000] {dag.py:3036} INFO - Sync 1 DAGs
[2025-12-04T17:52:26.317+0000] {logging_mixin.py:188} INFO - [2025-12-04T17:52:26.316+0000] {dag.py:3823} INFO - Setting next_dagrun for weather_prediction_pipeline to 2025-12-04 00:00:00+00:00, run_after=2025-12-05 00:00:00+00:00
[2025-12-04T17:52:26.332+0000] {processor.py:183} INFO - Processing /opt/airflow/dags/weather_prediction_dag.py took 0.079 seconds
[2025-12-04T17:52:57.075+0000] {processor.py:161} INFO - Started process (PID=2464) to work on /opt/airflow/dags/weather_prediction_dag.py
[2025-12-04T17:52:57.077+0000] {processor.py:830} INFO - Processing file /opt/airflow/dags/weather_prediction_dag.py for tasks to queue
[2025-12-04T17:52:57.078+0000] {logging_mixin.py:188} INFO - [2025-12-04T17:52:57.077+0000] {dagbag.py:538} INFO - Filling up the DagBag from /opt/airflow/dags/weather_prediction_dag.py
[2025-12-04T17:52:57.110+0000] {processor.py:840} INFO - DAG(s) 'weather_prediction_pipeline' retrieved from /opt/airflow/dags/weather_prediction_dag.py
[2025-12-04T17:52:57.131+0000] {logging_mixin.py:188} INFO - [2025-12-04T17:52:57.130+0000] {dag.py:3036} INFO - Sync 1 DAGs
[2025-12-04T17:52:57.147+0000] {logging_mixin.py:188} INFO - [2025-12-04T17:52:57.147+0000] {dag.py:3823} INFO - Setting next_dagrun for weather_prediction_pipeline to 2025-12-04 00:00:00+00:00, run_after=2025-12-05 00:00:00+00:00
[2025-12-04T17:52:57.165+0000] {processor.py:183} INFO - Processing /opt/airflow/dags/weather_prediction_dag.py took 0.093 seconds
[2025-12-04T17:53:27.883+0000] {processor.py:161} INFO - Started process (PID=2477) to work on /opt/airflow/dags/weather_prediction_dag.py
[2025-12-04T17:53:27.884+0000] {processor.py:830} INFO - Processing file /opt/airflow/dags/weather_prediction_dag.py for tasks to queue
[2025-12-04T17:53:27.885+0000] {logging_mixin.py:188} INFO - [2025-12-04T17:53:27.885+0000] {dagbag.py:538} INFO - Filling up the DagBag from /opt/airflow/dags/weather_prediction_dag.py
[2025-12-04T17:53:27.923+0000] {processor.py:840} INFO - DAG(s) 'weather_prediction_pipeline' retrieved from /opt/airflow/dags/weather_prediction_dag.py
[2025-12-04T17:53:27.945+0000] {logging_mixin.py:188} INFO - [2025-12-04T17:53:27.944+0000] {dag.py:3036} INFO - Sync 1 DAGs
[2025-12-04T17:53:27.963+0000] {logging_mixin.py:188} INFO - [2025-12-04T17:53:27.962+0000] {dag.py:3823} INFO - Setting next_dagrun for weather_prediction_pipeline to 2025-12-04 00:00:00+00:00, run_after=2025-12-05 00:00:00+00:00
[2025-12-04T17:53:27.979+0000] {processor.py:183} INFO - Processing /opt/airflow/dags/weather_prediction_dag.py took 0.099 seconds
[2025-12-04T17:53:58.194+0000] {processor.py:161} INFO - Started process (PID=2490) to work on /opt/airflow/dags/weather_prediction_dag.py
[2025-12-04T17:53:58.195+0000] {processor.py:830} INFO - Processing file /opt/airflow/dags/weather_prediction_dag.py for tasks to queue
[2025-12-04T17:53:58.195+0000] {logging_mixin.py:188} INFO - [2025-12-04T17:53:58.195+0000] {dagbag.py:538} INFO - Filling up the DagBag from /opt/airflow/dags/weather_prediction_dag.py
[2025-12-04T17:53:58.221+0000] {processor.py:840} INFO - DAG(s) 'weather_prediction_pipeline' retrieved from /opt/airflow/dags/weather_prediction_dag.py
[2025-12-04T17:53:58.239+0000] {logging_mixin.py:188} INFO - [2025-12-04T17:53:58.239+0000] {dag.py:3036} INFO - Sync 1 DAGs
[2025-12-04T17:53:58.256+0000] {logging_mixin.py:188} INFO - [2025-12-04T17:53:58.256+0000] {dag.py:3823} INFO - Setting next_dagrun for weather_prediction_pipeline to 2025-12-04 00:00:00+00:00, run_after=2025-12-05 00:00:00+00:00
[2025-12-04T17:53:58.272+0000] {processor.py:183} INFO - Processing /opt/airflow/dags/weather_prediction_dag.py took 0.080 seconds
[2025-12-04T17:54:28.888+0000] {processor.py:161} INFO - Started process (PID=2503) to work on /opt/airflow/dags/weather_prediction_dag.py
[2025-12-04T17:54:28.889+0000] {processor.py:830} INFO - Processing file /opt/airflow/dags/weather_prediction_dag.py for tasks to queue
[2025-12-04T17:54:28.890+0000] {logging_mixin.py:188} INFO - [2025-12-04T17:54:28.890+0000] {dagbag.py:538} INFO - Filling up the DagBag from /opt/airflow/dags/weather_prediction_dag.py
[2025-12-04T17:54:28.923+0000] {processor.py:840} INFO - DAG(s) 'weather_prediction_pipeline' retrieved from /opt/airflow/dags/weather_prediction_dag.py
[2025-12-04T17:54:28.942+0000] {logging_mixin.py:188} INFO - [2025-12-04T17:54:28.942+0000] {dag.py:3036} INFO - Sync 1 DAGs
[2025-12-04T17:54:28.960+0000] {logging_mixin.py:188} INFO - [2025-12-04T17:54:28.960+0000] {dag.py:3823} INFO - Setting next_dagrun for weather_prediction_pipeline to 2025-12-04 00:00:00+00:00, run_after=2025-12-05 00:00:00+00:00
[2025-12-04T17:54:28.977+0000] {processor.py:183} INFO - Processing /opt/airflow/dags/weather_prediction_dag.py took 0.092 seconds
[2025-12-04T17:54:59.213+0000] {processor.py:161} INFO - Started process (PID=2516) to work on /opt/airflow/dags/weather_prediction_dag.py
[2025-12-04T17:54:59.214+0000] {processor.py:830} INFO - Processing file /opt/airflow/dags/weather_prediction_dag.py for tasks to queue
[2025-12-04T17:54:59.215+0000] {logging_mixin.py:188} INFO - [2025-12-04T17:54:59.215+0000] {dagbag.py:538} INFO - Filling up the DagBag from /opt/airflow/dags/weather_prediction_dag.py
[2025-12-04T17:54:59.247+0000] {processor.py:840} INFO - DAG(s) 'weather_prediction_pipeline' retrieved from /opt/airflow/dags/weather_prediction_dag.py
[2025-12-04T17:54:59.270+0000] {logging_mixin.py:188} INFO - [2025-12-04T17:54:59.270+0000] {dag.py:3036} INFO - Sync 1 DAGs
[2025-12-04T17:54:59.292+0000] {logging_mixin.py:188} INFO - [2025-12-04T17:54:59.292+0000] {dag.py:3823} INFO - Setting next_dagrun for weather_prediction_pipeline to 2025-12-04 00:00:00+00:00, run_after=2025-12-05 00:00:00+00:00
[2025-12-04T17:54:59.312+0000] {processor.py:183} INFO - Processing /opt/airflow/dags/weather_prediction_dag.py took 0.102 seconds
[2025-12-04T17:55:30.130+0000] {processor.py:161} INFO - Started process (PID=2529) to work on /opt/airflow/dags/weather_prediction_dag.py
[2025-12-04T17:55:30.131+0000] {processor.py:830} INFO - Processing file /opt/airflow/dags/weather_prediction_dag.py for tasks to queue
[2025-12-04T17:55:30.131+0000] {logging_mixin.py:188} INFO - [2025-12-04T17:55:30.131+0000] {dagbag.py:538} INFO - Filling up the DagBag from /opt/airflow/dags/weather_prediction_dag.py
[2025-12-04T17:55:30.159+0000] {processor.py:840} INFO - DAG(s) 'weather_prediction_pipeline' retrieved from /opt/airflow/dags/weather_prediction_dag.py
[2025-12-04T17:55:30.178+0000] {logging_mixin.py:188} INFO - [2025-12-04T17:55:30.178+0000] {dag.py:3036} INFO - Sync 1 DAGs
[2025-12-04T17:55:30.193+0000] {logging_mixin.py:188} INFO - [2025-12-04T17:55:30.193+0000] {dag.py:3823} INFO - Setting next_dagrun for weather_prediction_pipeline to 2025-12-04 00:00:00+00:00, run_after=2025-12-05 00:00:00+00:00
[2025-12-04T17:55:30.206+0000] {processor.py:183} INFO - Processing /opt/airflow/dags/weather_prediction_dag.py took 0.079 seconds
[2025-12-04T17:56:00.379+0000] {processor.py:161} INFO - Started process (PID=2542) to work on /opt/airflow/dags/weather_prediction_dag.py
[2025-12-04T17:56:00.380+0000] {processor.py:830} INFO - Processing file /opt/airflow/dags/weather_prediction_dag.py for tasks to queue
[2025-12-04T17:56:00.381+0000] {logging_mixin.py:188} INFO - [2025-12-04T17:56:00.381+0000] {dagbag.py:538} INFO - Filling up the DagBag from /opt/airflow/dags/weather_prediction_dag.py
[2025-12-04T17:56:00.431+0000] {processor.py:840} INFO - DAG(s) 'weather_prediction_pipeline' retrieved from /opt/airflow/dags/weather_prediction_dag.py
[2025-12-04T17:56:00.454+0000] {logging_mixin.py:188} INFO - [2025-12-04T17:56:00.454+0000] {dag.py:3036} INFO - Sync 1 DAGs
[2025-12-04T17:56:00.471+0000] {logging_mixin.py:188} INFO - [2025-12-04T17:56:00.471+0000] {dag.py:3823} INFO - Setting next_dagrun for weather_prediction_pipeline to 2025-12-04 00:00:00+00:00, run_after=2025-12-05 00:00:00+00:00
[2025-12-04T17:56:00.487+0000] {processor.py:183} INFO - Processing /opt/airflow/dags/weather_prediction_dag.py took 0.111 seconds
[2025-12-04T17:56:30.562+0000] {processor.py:161} INFO - Started process (PID=2555) to work on /opt/airflow/dags/weather_prediction_dag.py
[2025-12-04T17:56:30.562+0000] {processor.py:830} INFO - Processing file /opt/airflow/dags/weather_prediction_dag.py for tasks to queue
[2025-12-04T17:56:30.563+0000] {logging_mixin.py:188} INFO - [2025-12-04T17:56:30.563+0000] {dagbag.py:538} INFO - Filling up the DagBag from /opt/airflow/dags/weather_prediction_dag.py
[2025-12-04T17:56:30.593+0000] {processor.py:840} INFO - DAG(s) 'weather_prediction_pipeline' retrieved from /opt/airflow/dags/weather_prediction_dag.py
[2025-12-04T17:56:30.612+0000] {logging_mixin.py:188} INFO - [2025-12-04T17:56:30.612+0000] {dag.py:3036} INFO - Sync 1 DAGs
[2025-12-04T17:56:30.629+0000] {logging_mixin.py:188} INFO - [2025-12-04T17:56:30.629+0000] {dag.py:3823} INFO - Setting next_dagrun for weather_prediction_pipeline to 2025-12-04 00:00:00+00:00, run_after=2025-12-05 00:00:00+00:00
[2025-12-04T17:56:30.647+0000] {processor.py:183} INFO - Processing /opt/airflow/dags/weather_prediction_dag.py took 0.089 seconds
[2025-12-04T17:57:00.840+0000] {processor.py:161} INFO - Started process (PID=2568) to work on /opt/airflow/dags/weather_prediction_dag.py
[2025-12-04T17:57:00.840+0000] {processor.py:830} INFO - Processing file /opt/airflow/dags/weather_prediction_dag.py for tasks to queue
[2025-12-04T17:57:00.841+0000] {logging_mixin.py:188} INFO - [2025-12-04T17:57:00.841+0000] {dagbag.py:538} INFO - Filling up the DagBag from /opt/airflow/dags/weather_prediction_dag.py
[2025-12-04T17:57:00.870+0000] {processor.py:840} INFO - DAG(s) 'weather_prediction_pipeline' retrieved from /opt/airflow/dags/weather_prediction_dag.py
[2025-12-04T17:57:00.890+0000] {logging_mixin.py:188} INFO - [2025-12-04T17:57:00.889+0000] {dag.py:3036} INFO - Sync 1 DAGs
[2025-12-04T17:57:00.906+0000] {logging_mixin.py:188} INFO - [2025-12-04T17:57:00.906+0000] {dag.py:3823} INFO - Setting next_dagrun for weather_prediction_pipeline to 2025-12-04 00:00:00+00:00, run_after=2025-12-05 00:00:00+00:00
[2025-12-04T17:57:00.925+0000] {processor.py:183} INFO - Processing /opt/airflow/dags/weather_prediction_dag.py took 0.088 seconds
[2025-12-04T17:57:31.018+0000] {processor.py:161} INFO - Started process (PID=2581) to work on /opt/airflow/dags/weather_prediction_dag.py
[2025-12-04T17:57:31.019+0000] {processor.py:830} INFO - Processing file /opt/airflow/dags/weather_prediction_dag.py for tasks to queue
[2025-12-04T17:57:31.020+0000] {logging_mixin.py:188} INFO - [2025-12-04T17:57:31.020+0000] {dagbag.py:538} INFO - Filling up the DagBag from /opt/airflow/dags/weather_prediction_dag.py
[2025-12-04T17:57:31.052+0000] {processor.py:840} INFO - DAG(s) 'weather_prediction_pipeline' retrieved from /opt/airflow/dags/weather_prediction_dag.py
[2025-12-04T17:57:31.073+0000] {logging_mixin.py:188} INFO - [2025-12-04T17:57:31.073+0000] {dag.py:3036} INFO - Sync 1 DAGs
[2025-12-04T17:57:31.091+0000] {logging_mixin.py:188} INFO - [2025-12-04T17:57:31.091+0000] {dag.py:3823} INFO - Setting next_dagrun for weather_prediction_pipeline to 2025-12-04 00:00:00+00:00, run_after=2025-12-05 00:00:00+00:00
[2025-12-04T17:57:31.107+0000] {processor.py:183} INFO - Processing /opt/airflow/dags/weather_prediction_dag.py took 0.092 seconds
[2025-12-04T17:58:01.272+0000] {processor.py:161} INFO - Started process (PID=2594) to work on /opt/airflow/dags/weather_prediction_dag.py
[2025-12-04T17:58:01.273+0000] {processor.py:830} INFO - Processing file /opt/airflow/dags/weather_prediction_dag.py for tasks to queue
[2025-12-04T17:58:01.274+0000] {logging_mixin.py:188} INFO - [2025-12-04T17:58:01.274+0000] {dagbag.py:538} INFO - Filling up the DagBag from /opt/airflow/dags/weather_prediction_dag.py
[2025-12-04T17:58:01.319+0000] {processor.py:840} INFO - DAG(s) 'weather_prediction_pipeline' retrieved from /opt/airflow/dags/weather_prediction_dag.py
[2025-12-04T17:58:01.340+0000] {logging_mixin.py:188} INFO - [2025-12-04T17:58:01.340+0000] {dag.py:3036} INFO - Sync 1 DAGs
[2025-12-04T17:58:01.357+0000] {logging_mixin.py:188} INFO - [2025-12-04T17:58:01.356+0000] {dag.py:3823} INFO - Setting next_dagrun for weather_prediction_pipeline to 2025-12-04 00:00:00+00:00, run_after=2025-12-05 00:00:00+00:00
[2025-12-04T17:58:01.370+0000] {processor.py:183} INFO - Processing /opt/airflow/dags/weather_prediction_dag.py took 0.101 seconds
[2025-12-04T17:58:31.429+0000] {processor.py:161} INFO - Started process (PID=2606) to work on /opt/airflow/dags/weather_prediction_dag.py
[2025-12-04T17:58:31.430+0000] {processor.py:830} INFO - Processing file /opt/airflow/dags/weather_prediction_dag.py for tasks to queue
[2025-12-04T17:58:31.431+0000] {logging_mixin.py:188} INFO - [2025-12-04T17:58:31.430+0000] {dagbag.py:538} INFO - Filling up the DagBag from /opt/airflow/dags/weather_prediction_dag.py
[2025-12-04T17:58:31.470+0000] {processor.py:840} INFO - DAG(s) 'weather_prediction_pipeline' retrieved from /opt/airflow/dags/weather_prediction_dag.py
[2025-12-04T17:58:31.489+0000] {logging_mixin.py:188} INFO - [2025-12-04T17:58:31.489+0000] {dag.py:3036} INFO - Sync 1 DAGs
[2025-12-04T17:58:31.506+0000] {logging_mixin.py:188} INFO - [2025-12-04T17:58:31.506+0000] {dag.py:3823} INFO - Setting next_dagrun for weather_prediction_pipeline to 2025-12-04 00:00:00+00:00, run_after=2025-12-05 00:00:00+00:00
[2025-12-04T17:58:31.524+0000] {processor.py:183} INFO - Processing /opt/airflow/dags/weather_prediction_dag.py took 0.101 seconds
[2025-12-04T17:59:01.681+0000] {processor.py:161} INFO - Started process (PID=2612) to work on /opt/airflow/dags/weather_prediction_dag.py
[2025-12-04T17:59:01.682+0000] {processor.py:830} INFO - Processing file /opt/airflow/dags/weather_prediction_dag.py for tasks to queue
[2025-12-04T17:59:01.683+0000] {logging_mixin.py:188} INFO - [2025-12-04T17:59:01.683+0000] {dagbag.py:538} INFO - Filling up the DagBag from /opt/airflow/dags/weather_prediction_dag.py
[2025-12-04T17:59:01.720+0000] {processor.py:840} INFO - DAG(s) 'weather_prediction_pipeline' retrieved from /opt/airflow/dags/weather_prediction_dag.py
[2025-12-04T17:59:01.743+0000] {logging_mixin.py:188} INFO - [2025-12-04T17:59:01.743+0000] {dag.py:3036} INFO - Sync 1 DAGs
[2025-12-04T17:59:01.760+0000] {logging_mixin.py:188} INFO - [2025-12-04T17:59:01.759+0000] {dag.py:3823} INFO - Setting next_dagrun for weather_prediction_pipeline to 2025-12-04 00:00:00+00:00, run_after=2025-12-05 00:00:00+00:00
[2025-12-04T17:59:01.777+0000] {processor.py:183} INFO - Processing /opt/airflow/dags/weather_prediction_dag.py took 0.099 seconds
[2025-12-04T17:59:31.881+0000] {processor.py:161} INFO - Started process (PID=2625) to work on /opt/airflow/dags/weather_prediction_dag.py
[2025-12-04T17:59:31.882+0000] {processor.py:830} INFO - Processing file /opt/airflow/dags/weather_prediction_dag.py for tasks to queue
[2025-12-04T17:59:31.883+0000] {logging_mixin.py:188} INFO - [2025-12-04T17:59:31.883+0000] {dagbag.py:538} INFO - Filling up the DagBag from /opt/airflow/dags/weather_prediction_dag.py
[2025-12-04T17:59:31.923+0000] {processor.py:840} INFO - DAG(s) 'weather_prediction_pipeline' retrieved from /opt/airflow/dags/weather_prediction_dag.py
[2025-12-04T17:59:31.946+0000] {logging_mixin.py:188} INFO - [2025-12-04T17:59:31.946+0000] {dag.py:3036} INFO - Sync 1 DAGs
[2025-12-04T17:59:31.963+0000] {logging_mixin.py:188} INFO - [2025-12-04T17:59:31.963+0000] {dag.py:3823} INFO - Setting next_dagrun for weather_prediction_pipeline to 2025-12-04 00:00:00+00:00, run_after=2025-12-05 00:00:00+00:00
[2025-12-04T17:59:31.983+0000] {processor.py:183} INFO - Processing /opt/airflow/dags/weather_prediction_dag.py took 0.105 seconds
[2025-12-04T18:00:02.736+0000] {processor.py:161} INFO - Started process (PID=2638) to work on /opt/airflow/dags/weather_prediction_dag.py
[2025-12-04T18:00:02.737+0000] {processor.py:830} INFO - Processing file /opt/airflow/dags/weather_prediction_dag.py for tasks to queue
[2025-12-04T18:00:02.738+0000] {logging_mixin.py:188} INFO - [2025-12-04T18:00:02.738+0000] {dagbag.py:538} INFO - Filling up the DagBag from /opt/airflow/dags/weather_prediction_dag.py
[2025-12-04T18:00:02.778+0000] {processor.py:840} INFO - DAG(s) 'weather_prediction_pipeline' retrieved from /opt/airflow/dags/weather_prediction_dag.py
[2025-12-04T18:00:02.797+0000] {logging_mixin.py:188} INFO - [2025-12-04T18:00:02.797+0000] {dag.py:3036} INFO - Sync 1 DAGs
[2025-12-04T18:00:02.813+0000] {logging_mixin.py:188} INFO - [2025-12-04T18:00:02.813+0000] {dag.py:3823} INFO - Setting next_dagrun for weather_prediction_pipeline to 2025-12-04 00:00:00+00:00, run_after=2025-12-05 00:00:00+00:00
[2025-12-04T18:00:02.833+0000] {processor.py:183} INFO - Processing /opt/airflow/dags/weather_prediction_dag.py took 0.101 seconds
[2025-12-04T18:00:33.203+0000] {processor.py:161} INFO - Started process (PID=2652) to work on /opt/airflow/dags/weather_prediction_dag.py
[2025-12-04T18:00:33.204+0000] {processor.py:830} INFO - Processing file /opt/airflow/dags/weather_prediction_dag.py for tasks to queue
[2025-12-04T18:00:33.205+0000] {logging_mixin.py:188} INFO - [2025-12-04T18:00:33.205+0000] {dagbag.py:538} INFO - Filling up the DagBag from /opt/airflow/dags/weather_prediction_dag.py
[2025-12-04T18:00:33.241+0000] {processor.py:840} INFO - DAG(s) 'weather_prediction_pipeline' retrieved from /opt/airflow/dags/weather_prediction_dag.py
[2025-12-04T18:00:33.262+0000] {logging_mixin.py:188} INFO - [2025-12-04T18:00:33.262+0000] {dag.py:3036} INFO - Sync 1 DAGs
[2025-12-04T18:00:33.279+0000] {logging_mixin.py:188} INFO - [2025-12-04T18:00:33.279+0000] {dag.py:3823} INFO - Setting next_dagrun for weather_prediction_pipeline to 2025-12-04 00:00:00+00:00, run_after=2025-12-05 00:00:00+00:00
[2025-12-04T18:00:33.295+0000] {processor.py:183} INFO - Processing /opt/airflow/dags/weather_prediction_dag.py took 0.095 seconds
[2025-12-04T18:01:03.990+0000] {processor.py:161} INFO - Started process (PID=2665) to work on /opt/airflow/dags/weather_prediction_dag.py
[2025-12-04T18:01:03.991+0000] {processor.py:830} INFO - Processing file /opt/airflow/dags/weather_prediction_dag.py for tasks to queue
[2025-12-04T18:01:03.992+0000] {logging_mixin.py:188} INFO - [2025-12-04T18:01:03.992+0000] {dagbag.py:538} INFO - Filling up the DagBag from /opt/airflow/dags/weather_prediction_dag.py
[2025-12-04T18:01:04.024+0000] {processor.py:840} INFO - DAG(s) 'weather_prediction_pipeline' retrieved from /opt/airflow/dags/weather_prediction_dag.py
[2025-12-04T18:01:04.044+0000] {logging_mixin.py:188} INFO - [2025-12-04T18:01:04.044+0000] {dag.py:3036} INFO - Sync 1 DAGs
[2025-12-04T18:01:04.064+0000] {logging_mixin.py:188} INFO - [2025-12-04T18:01:04.064+0000] {dag.py:3823} INFO - Setting next_dagrun for weather_prediction_pipeline to 2025-12-04 00:00:00+00:00, run_after=2025-12-05 00:00:00+00:00
[2025-12-04T18:01:04.083+0000] {processor.py:183} INFO - Processing /opt/airflow/dags/weather_prediction_dag.py took 0.095 seconds
[2025-12-04T18:01:34.854+0000] {processor.py:161} INFO - Started process (PID=2678) to work on /opt/airflow/dags/weather_prediction_dag.py
[2025-12-04T18:01:34.855+0000] {processor.py:830} INFO - Processing file /opt/airflow/dags/weather_prediction_dag.py for tasks to queue
[2025-12-04T18:01:34.856+0000] {logging_mixin.py:188} INFO - [2025-12-04T18:01:34.856+0000] {dagbag.py:538} INFO - Filling up the DagBag from /opt/airflow/dags/weather_prediction_dag.py
[2025-12-04T18:01:34.884+0000] {processor.py:840} INFO - DAG(s) 'weather_prediction_pipeline' retrieved from /opt/airflow/dags/weather_prediction_dag.py
[2025-12-04T18:01:34.903+0000] {logging_mixin.py:188} INFO - [2025-12-04T18:01:34.903+0000] {dag.py:3036} INFO - Sync 1 DAGs
[2025-12-04T18:01:34.919+0000] {logging_mixin.py:188} INFO - [2025-12-04T18:01:34.919+0000] {dag.py:3823} INFO - Setting next_dagrun for weather_prediction_pipeline to 2025-12-04 00:00:00+00:00, run_after=2025-12-05 00:00:00+00:00
[2025-12-04T18:01:34.934+0000] {processor.py:183} INFO - Processing /opt/airflow/dags/weather_prediction_dag.py took 0.082 seconds
[2025-12-04T18:02:05.111+0000] {processor.py:161} INFO - Started process (PID=2691) to work on /opt/airflow/dags/weather_prediction_dag.py
[2025-12-04T18:02:05.112+0000] {processor.py:830} INFO - Processing file /opt/airflow/dags/weather_prediction_dag.py for tasks to queue
[2025-12-04T18:02:05.113+0000] {logging_mixin.py:188} INFO - [2025-12-04T18:02:05.113+0000] {dagbag.py:538} INFO - Filling up the DagBag from /opt/airflow/dags/weather_prediction_dag.py
[2025-12-04T18:02:05.144+0000] {processor.py:840} INFO - DAG(s) 'weather_prediction_pipeline' retrieved from /opt/airflow/dags/weather_prediction_dag.py
[2025-12-04T18:02:05.165+0000] {logging_mixin.py:188} INFO - [2025-12-04T18:02:05.165+0000] {dag.py:3036} INFO - Sync 1 DAGs
[2025-12-04T18:02:05.183+0000] {logging_mixin.py:188} INFO - [2025-12-04T18:02:05.182+0000] {dag.py:3823} INFO - Setting next_dagrun for weather_prediction_pipeline to 2025-12-04 00:00:00+00:00, run_after=2025-12-05 00:00:00+00:00
[2025-12-04T18:02:05.206+0000] {processor.py:183} INFO - Processing /opt/airflow/dags/weather_prediction_dag.py took 0.098 seconds
[2025-12-04T18:02:35.856+0000] {processor.py:161} INFO - Started process (PID=2704) to work on /opt/airflow/dags/weather_prediction_dag.py
[2025-12-04T18:02:35.858+0000] {processor.py:830} INFO - Processing file /opt/airflow/dags/weather_prediction_dag.py for tasks to queue
[2025-12-04T18:02:35.859+0000] {logging_mixin.py:188} INFO - [2025-12-04T18:02:35.858+0000] {dagbag.py:538} INFO - Filling up the DagBag from /opt/airflow/dags/weather_prediction_dag.py
[2025-12-04T18:02:35.902+0000] {processor.py:840} INFO - DAG(s) 'weather_prediction_pipeline' retrieved from /opt/airflow/dags/weather_prediction_dag.py
[2025-12-04T18:02:35.929+0000] {logging_mixin.py:188} INFO - [2025-12-04T18:02:35.929+0000] {dag.py:3036} INFO - Sync 1 DAGs
[2025-12-04T18:02:35.954+0000] {logging_mixin.py:188} INFO - [2025-12-04T18:02:35.954+0000] {dag.py:3823} INFO - Setting next_dagrun for weather_prediction_pipeline to 2025-12-04 00:00:00+00:00, run_after=2025-12-05 00:00:00+00:00
[2025-12-04T18:02:35.972+0000] {processor.py:183} INFO - Processing /opt/airflow/dags/weather_prediction_dag.py took 0.119 seconds
[2025-12-04T18:03:06.766+0000] {processor.py:161} INFO - Started process (PID=2717) to work on /opt/airflow/dags/weather_prediction_dag.py
[2025-12-04T18:03:06.767+0000] {processor.py:830} INFO - Processing file /opt/airflow/dags/weather_prediction_dag.py for tasks to queue
[2025-12-04T18:03:06.768+0000] {logging_mixin.py:188} INFO - [2025-12-04T18:03:06.768+0000] {dagbag.py:538} INFO - Filling up the DagBag from /opt/airflow/dags/weather_prediction_dag.py
[2025-12-04T18:03:06.799+0000] {processor.py:840} INFO - DAG(s) 'weather_prediction_pipeline' retrieved from /opt/airflow/dags/weather_prediction_dag.py
[2025-12-04T18:03:06.818+0000] {logging_mixin.py:188} INFO - [2025-12-04T18:03:06.818+0000] {dag.py:3036} INFO - Sync 1 DAGs
[2025-12-04T18:03:06.834+0000] {logging_mixin.py:188} INFO - [2025-12-04T18:03:06.834+0000] {dag.py:3823} INFO - Setting next_dagrun for weather_prediction_pipeline to 2025-12-04 00:00:00+00:00, run_after=2025-12-05 00:00:00+00:00
[2025-12-04T18:03:06.852+0000] {processor.py:183} INFO - Processing /opt/airflow/dags/weather_prediction_dag.py took 0.089 seconds
[2025-12-04T18:03:37.661+0000] {processor.py:161} INFO - Started process (PID=2730) to work on /opt/airflow/dags/weather_prediction_dag.py
[2025-12-04T18:03:37.663+0000] {processor.py:830} INFO - Processing file /opt/airflow/dags/weather_prediction_dag.py for tasks to queue
[2025-12-04T18:03:37.664+0000] {logging_mixin.py:188} INFO - [2025-12-04T18:03:37.664+0000] {dagbag.py:538} INFO - Filling up the DagBag from /opt/airflow/dags/weather_prediction_dag.py
[2025-12-04T18:03:37.698+0000] {processor.py:840} INFO - DAG(s) 'weather_prediction_pipeline' retrieved from /opt/airflow/dags/weather_prediction_dag.py
[2025-12-04T18:03:37.718+0000] {logging_mixin.py:188} INFO - [2025-12-04T18:03:37.717+0000] {dag.py:3036} INFO - Sync 1 DAGs
[2025-12-04T18:03:37.737+0000] {logging_mixin.py:188} INFO - [2025-12-04T18:03:37.737+0000] {dag.py:3823} INFO - Setting next_dagrun for weather_prediction_pipeline to 2025-12-04 00:00:00+00:00, run_after=2025-12-05 00:00:00+00:00
[2025-12-04T18:03:37.753+0000] {processor.py:183} INFO - Processing /opt/airflow/dags/weather_prediction_dag.py took 0.095 seconds
[2025-12-04T18:04:07.874+0000] {processor.py:161} INFO - Started process (PID=2743) to work on /opt/airflow/dags/weather_prediction_dag.py
[2025-12-04T18:04:07.875+0000] {processor.py:830} INFO - Processing file /opt/airflow/dags/weather_prediction_dag.py for tasks to queue
[2025-12-04T18:04:07.876+0000] {logging_mixin.py:188} INFO - [2025-12-04T18:04:07.876+0000] {dagbag.py:538} INFO - Filling up the DagBag from /opt/airflow/dags/weather_prediction_dag.py
[2025-12-04T18:04:07.922+0000] {processor.py:840} INFO - DAG(s) 'weather_prediction_pipeline' retrieved from /opt/airflow/dags/weather_prediction_dag.py
[2025-12-04T18:04:07.947+0000] {logging_mixin.py:188} INFO - [2025-12-04T18:04:07.946+0000] {dag.py:3036} INFO - Sync 1 DAGs
[2025-12-04T18:04:07.963+0000] {logging_mixin.py:188} INFO - [2025-12-04T18:04:07.963+0000] {dag.py:3823} INFO - Setting next_dagrun for weather_prediction_pipeline to 2025-12-04 00:00:00+00:00, run_after=2025-12-05 00:00:00+00:00
[2025-12-04T18:04:07.981+0000] {processor.py:183} INFO - Processing /opt/airflow/dags/weather_prediction_dag.py took 0.109 seconds
[2025-12-04T18:04:38.284+0000] {processor.py:161} INFO - Started process (PID=2756) to work on /opt/airflow/dags/weather_prediction_dag.py
[2025-12-04T18:04:38.285+0000] {processor.py:830} INFO - Processing file /opt/airflow/dags/weather_prediction_dag.py for tasks to queue
[2025-12-04T18:04:38.286+0000] {logging_mixin.py:188} INFO - [2025-12-04T18:04:38.286+0000] {dagbag.py:538} INFO - Filling up the DagBag from /opt/airflow/dags/weather_prediction_dag.py
[2025-12-04T18:04:38.322+0000] {processor.py:840} INFO - DAG(s) 'weather_prediction_pipeline' retrieved from /opt/airflow/dags/weather_prediction_dag.py
[2025-12-04T18:04:38.341+0000] {logging_mixin.py:188} INFO - [2025-12-04T18:04:38.341+0000] {dag.py:3036} INFO - Sync 1 DAGs
[2025-12-04T18:04:38.358+0000] {logging_mixin.py:188} INFO - [2025-12-04T18:04:38.358+0000] {dag.py:3823} INFO - Setting next_dagrun for weather_prediction_pipeline to 2025-12-04 00:00:00+00:00, run_after=2025-12-05 00:00:00+00:00
[2025-12-04T18:04:38.376+0000] {processor.py:183} INFO - Processing /opt/airflow/dags/weather_prediction_dag.py took 0.095 seconds
[2025-12-04T18:05:08.649+0000] {processor.py:161} INFO - Started process (PID=2769) to work on /opt/airflow/dags/weather_prediction_dag.py
[2025-12-04T18:05:08.651+0000] {processor.py:830} INFO - Processing file /opt/airflow/dags/weather_prediction_dag.py for tasks to queue
[2025-12-04T18:05:08.652+0000] {logging_mixin.py:188} INFO - [2025-12-04T18:05:08.652+0000] {dagbag.py:538} INFO - Filling up the DagBag from /opt/airflow/dags/weather_prediction_dag.py
[2025-12-04T18:05:08.698+0000] {processor.py:840} INFO - DAG(s) 'weather_prediction_pipeline' retrieved from /opt/airflow/dags/weather_prediction_dag.py
[2025-12-04T18:05:08.718+0000] {logging_mixin.py:188} INFO - [2025-12-04T18:05:08.718+0000] {dag.py:3036} INFO - Sync 1 DAGs
[2025-12-04T18:05:08.735+0000] {logging_mixin.py:188} INFO - [2025-12-04T18:05:08.735+0000] {dag.py:3823} INFO - Setting next_dagrun for weather_prediction_pipeline to 2025-12-04 00:00:00+00:00, run_after=2025-12-05 00:00:00+00:00
[2025-12-04T18:05:08.750+0000] {processor.py:183} INFO - Processing /opt/airflow/dags/weather_prediction_dag.py took 0.104 seconds
[2025-12-04T18:05:39.382+0000] {processor.py:161} INFO - Started process (PID=2782) to work on /opt/airflow/dags/weather_prediction_dag.py
[2025-12-04T18:05:39.383+0000] {processor.py:830} INFO - Processing file /opt/airflow/dags/weather_prediction_dag.py for tasks to queue
[2025-12-04T18:05:39.384+0000] {logging_mixin.py:188} INFO - [2025-12-04T18:05:39.384+0000] {dagbag.py:538} INFO - Filling up the DagBag from /opt/airflow/dags/weather_prediction_dag.py
[2025-12-04T18:05:39.431+0000] {processor.py:840} INFO - DAG(s) 'weather_prediction_pipeline' retrieved from /opt/airflow/dags/weather_prediction_dag.py
[2025-12-04T18:05:39.455+0000] {logging_mixin.py:188} INFO - [2025-12-04T18:05:39.454+0000] {dag.py:3036} INFO - Sync 1 DAGs
[2025-12-04T18:05:39.473+0000] {logging_mixin.py:188} INFO - [2025-12-04T18:05:39.473+0000] {dag.py:3823} INFO - Setting next_dagrun for weather_prediction_pipeline to 2025-12-04 00:00:00+00:00, run_after=2025-12-05 00:00:00+00:00
[2025-12-04T18:05:39.511+0000] {processor.py:183} INFO - Processing /opt/airflow/dags/weather_prediction_dag.py took 0.132 seconds
[2025-12-04T18:06:09.653+0000] {processor.py:161} INFO - Started process (PID=2795) to work on /opt/airflow/dags/weather_prediction_dag.py
[2025-12-04T18:06:09.654+0000] {processor.py:830} INFO - Processing file /opt/airflow/dags/weather_prediction_dag.py for tasks to queue
[2025-12-04T18:06:09.656+0000] {logging_mixin.py:188} INFO - [2025-12-04T18:06:09.655+0000] {dagbag.py:538} INFO - Filling up the DagBag from /opt/airflow/dags/weather_prediction_dag.py
[2025-12-04T18:06:09.701+0000] {processor.py:840} INFO - DAG(s) 'weather_prediction_pipeline' retrieved from /opt/airflow/dags/weather_prediction_dag.py
[2025-12-04T18:06:09.724+0000] {logging_mixin.py:188} INFO - [2025-12-04T18:06:09.723+0000] {dag.py:3036} INFO - Sync 1 DAGs
[2025-12-04T18:06:09.745+0000] {logging_mixin.py:188} INFO - [2025-12-04T18:06:09.745+0000] {dag.py:3823} INFO - Setting next_dagrun for weather_prediction_pipeline to 2025-12-04 00:00:00+00:00, run_after=2025-12-05 00:00:00+00:00
[2025-12-04T18:06:09.765+0000] {processor.py:183} INFO - Processing /opt/airflow/dags/weather_prediction_dag.py took 0.116 seconds
[2025-12-04T18:06:39.836+0000] {processor.py:161} INFO - Started process (PID=2808) to work on /opt/airflow/dags/weather_prediction_dag.py
[2025-12-04T18:06:39.837+0000] {processor.py:830} INFO - Processing file /opt/airflow/dags/weather_prediction_dag.py for tasks to queue
[2025-12-04T18:06:39.837+0000] {logging_mixin.py:188} INFO - [2025-12-04T18:06:39.837+0000] {dagbag.py:538} INFO - Filling up the DagBag from /opt/airflow/dags/weather_prediction_dag.py
[2025-12-04T18:06:39.868+0000] {processor.py:840} INFO - DAG(s) 'weather_prediction_pipeline' retrieved from /opt/airflow/dags/weather_prediction_dag.py
[2025-12-04T18:06:39.888+0000] {logging_mixin.py:188} INFO - [2025-12-04T18:06:39.888+0000] {dag.py:3036} INFO - Sync 1 DAGs
[2025-12-04T18:06:39.906+0000] {logging_mixin.py:188} INFO - [2025-12-04T18:06:39.906+0000] {dag.py:3823} INFO - Setting next_dagrun for weather_prediction_pipeline to 2025-12-04 00:00:00+00:00, run_after=2025-12-05 00:00:00+00:00
[2025-12-04T18:06:39.923+0000] {processor.py:183} INFO - Processing /opt/airflow/dags/weather_prediction_dag.py took 0.090 seconds
[2025-12-04T18:07:10.931+0000] {processor.py:161} INFO - Started process (PID=2821) to work on /opt/airflow/dags/weather_prediction_dag.py
[2025-12-04T18:07:10.932+0000] {processor.py:830} INFO - Processing file /opt/airflow/dags/weather_prediction_dag.py for tasks to queue
[2025-12-04T18:07:10.932+0000] {logging_mixin.py:188} INFO - [2025-12-04T18:07:10.932+0000] {dagbag.py:538} INFO - Filling up the DagBag from /opt/airflow/dags/weather_prediction_dag.py
[2025-12-04T18:07:10.963+0000] {processor.py:840} INFO - DAG(s) 'weather_prediction_pipeline' retrieved from /opt/airflow/dags/weather_prediction_dag.py
[2025-12-04T18:07:10.987+0000] {logging_mixin.py:188} INFO - [2025-12-04T18:07:10.986+0000] {dag.py:3036} INFO - Sync 1 DAGs
[2025-12-04T18:07:11.009+0000] {logging_mixin.py:188} INFO - [2025-12-04T18:07:11.009+0000] {dag.py:3823} INFO - Setting next_dagrun for weather_prediction_pipeline to 2025-12-04 00:00:00+00:00, run_after=2025-12-05 00:00:00+00:00
[2025-12-04T18:07:11.041+0000] {processor.py:183} INFO - Processing /opt/airflow/dags/weather_prediction_dag.py took 0.112 seconds
[2025-12-04T18:07:41.850+0000] {processor.py:161} INFO - Started process (PID=2834) to work on /opt/airflow/dags/weather_prediction_dag.py
[2025-12-04T18:07:41.851+0000] {processor.py:830} INFO - Processing file /opt/airflow/dags/weather_prediction_dag.py for tasks to queue
[2025-12-04T18:07:41.852+0000] {logging_mixin.py:188} INFO - [2025-12-04T18:07:41.851+0000] {dagbag.py:538} INFO - Filling up the DagBag from /opt/airflow/dags/weather_prediction_dag.py
[2025-12-04T18:07:41.887+0000] {processor.py:840} INFO - DAG(s) 'weather_prediction_pipeline' retrieved from /opt/airflow/dags/weather_prediction_dag.py
[2025-12-04T18:07:41.909+0000] {logging_mixin.py:188} INFO - [2025-12-04T18:07:41.908+0000] {dag.py:3036} INFO - Sync 1 DAGs
[2025-12-04T18:07:41.926+0000] {logging_mixin.py:188} INFO - [2025-12-04T18:07:41.926+0000] {dag.py:3823} INFO - Setting next_dagrun for weather_prediction_pipeline to 2025-12-04 00:00:00+00:00, run_after=2025-12-05 00:00:00+00:00
[2025-12-04T18:07:41.942+0000] {processor.py:183} INFO - Processing /opt/airflow/dags/weather_prediction_dag.py took 0.095 seconds
[2025-12-04T18:08:12.778+0000] {processor.py:161} INFO - Started process (PID=2847) to work on /opt/airflow/dags/weather_prediction_dag.py
[2025-12-04T18:08:12.780+0000] {processor.py:830} INFO - Processing file /opt/airflow/dags/weather_prediction_dag.py for tasks to queue
[2025-12-04T18:08:12.781+0000] {logging_mixin.py:188} INFO - [2025-12-04T18:08:12.780+0000] {dagbag.py:538} INFO - Filling up the DagBag from /opt/airflow/dags/weather_prediction_dag.py
[2025-12-04T18:08:12.878+0000] {processor.py:840} INFO - DAG(s) 'weather_prediction_pipeline' retrieved from /opt/airflow/dags/weather_prediction_dag.py
[2025-12-04T18:08:12.920+0000] {logging_mixin.py:188} INFO - [2025-12-04T18:08:12.919+0000] {dag.py:3036} INFO - Sync 1 DAGs
[2025-12-04T18:08:12.963+0000] {logging_mixin.py:188} INFO - [2025-12-04T18:08:12.963+0000] {dag.py:3823} INFO - Setting next_dagrun for weather_prediction_pipeline to 2025-12-04 00:00:00+00:00, run_after=2025-12-05 00:00:00+00:00
[2025-12-04T18:08:13.001+0000] {processor.py:183} INFO - Processing /opt/airflow/dags/weather_prediction_dag.py took 0.225 seconds
[2025-12-04T18:08:43.123+0000] {processor.py:161} INFO - Started process (PID=2860) to work on /opt/airflow/dags/weather_prediction_dag.py
[2025-12-04T18:08:43.124+0000] {processor.py:830} INFO - Processing file /opt/airflow/dags/weather_prediction_dag.py for tasks to queue
[2025-12-04T18:08:43.125+0000] {logging_mixin.py:188} INFO - [2025-12-04T18:08:43.125+0000] {dagbag.py:538} INFO - Filling up the DagBag from /opt/airflow/dags/weather_prediction_dag.py
[2025-12-04T18:08:43.155+0000] {processor.py:840} INFO - DAG(s) 'weather_prediction_pipeline' retrieved from /opt/airflow/dags/weather_prediction_dag.py
[2025-12-04T18:08:43.174+0000] {logging_mixin.py:188} INFO - [2025-12-04T18:08:43.174+0000] {dag.py:3036} INFO - Sync 1 DAGs
[2025-12-04T18:08:43.190+0000] {logging_mixin.py:188} INFO - [2025-12-04T18:08:43.190+0000] {dag.py:3823} INFO - Setting next_dagrun for weather_prediction_pipeline to 2025-12-04 00:00:00+00:00, run_after=2025-12-05 00:00:00+00:00
[2025-12-04T18:08:43.208+0000] {processor.py:183} INFO - Processing /opt/airflow/dags/weather_prediction_dag.py took 0.088 seconds
[2025-12-04T18:09:13.299+0000] {processor.py:161} INFO - Started process (PID=2873) to work on /opt/airflow/dags/weather_prediction_dag.py
[2025-12-04T18:09:13.300+0000] {processor.py:830} INFO - Processing file /opt/airflow/dags/weather_prediction_dag.py for tasks to queue
[2025-12-04T18:09:13.301+0000] {logging_mixin.py:188} INFO - [2025-12-04T18:09:13.301+0000] {dagbag.py:538} INFO - Filling up the DagBag from /opt/airflow/dags/weather_prediction_dag.py
[2025-12-04T18:09:13.342+0000] {processor.py:840} INFO - DAG(s) 'weather_prediction_pipeline' retrieved from /opt/airflow/dags/weather_prediction_dag.py
[2025-12-04T18:09:13.365+0000] {logging_mixin.py:188} INFO - [2025-12-04T18:09:13.365+0000] {dag.py:3036} INFO - Sync 1 DAGs
[2025-12-04T18:09:13.385+0000] {logging_mixin.py:188} INFO - [2025-12-04T18:09:13.384+0000] {dag.py:3823} INFO - Setting next_dagrun for weather_prediction_pipeline to 2025-12-04 00:00:00+00:00, run_after=2025-12-05 00:00:00+00:00
[2025-12-04T18:09:13.402+0000] {processor.py:183} INFO - Processing /opt/airflow/dags/weather_prediction_dag.py took 0.105 seconds
[2025-12-04T18:09:43.752+0000] {processor.py:161} INFO - Started process (PID=2878) to work on /opt/airflow/dags/weather_prediction_dag.py
[2025-12-04T18:09:43.753+0000] {processor.py:830} INFO - Processing file /opt/airflow/dags/weather_prediction_dag.py for tasks to queue
[2025-12-04T18:09:43.754+0000] {logging_mixin.py:188} INFO - [2025-12-04T18:09:43.753+0000] {dagbag.py:538} INFO - Filling up the DagBag from /opt/airflow/dags/weather_prediction_dag.py
[2025-12-04T18:09:43.796+0000] {processor.py:840} INFO - DAG(s) 'weather_prediction_pipeline' retrieved from /opt/airflow/dags/weather_prediction_dag.py
[2025-12-04T18:09:43.817+0000] {logging_mixin.py:188} INFO - [2025-12-04T18:09:43.817+0000] {dag.py:3036} INFO - Sync 1 DAGs
[2025-12-04T18:09:43.836+0000] {logging_mixin.py:188} INFO - [2025-12-04T18:09:43.836+0000] {dag.py:3823} INFO - Setting next_dagrun for weather_prediction_pipeline to 2025-12-04 00:00:00+00:00, run_after=2025-12-05 00:00:00+00:00
[2025-12-04T18:09:43.855+0000] {processor.py:183} INFO - Processing /opt/airflow/dags/weather_prediction_dag.py took 0.106 seconds
[2025-12-04T18:10:14.753+0000] {processor.py:161} INFO - Started process (PID=2891) to work on /opt/airflow/dags/weather_prediction_dag.py
[2025-12-04T18:10:14.754+0000] {processor.py:830} INFO - Processing file /opt/airflow/dags/weather_prediction_dag.py for tasks to queue
[2025-12-04T18:10:14.754+0000] {logging_mixin.py:188} INFO - [2025-12-04T18:10:14.754+0000] {dagbag.py:538} INFO - Filling up the DagBag from /opt/airflow/dags/weather_prediction_dag.py
[2025-12-04T18:10:14.785+0000] {processor.py:840} INFO - DAG(s) 'weather_prediction_pipeline' retrieved from /opt/airflow/dags/weather_prediction_dag.py
[2025-12-04T18:10:14.807+0000] {logging_mixin.py:188} INFO - [2025-12-04T18:10:14.807+0000] {dag.py:3036} INFO - Sync 1 DAGs
[2025-12-04T18:10:14.826+0000] {logging_mixin.py:188} INFO - [2025-12-04T18:10:14.826+0000] {dag.py:3823} INFO - Setting next_dagrun for weather_prediction_pipeline to 2025-12-04 00:00:00+00:00, run_after=2025-12-05 00:00:00+00:00
[2025-12-04T18:10:14.845+0000] {processor.py:183} INFO - Processing /opt/airflow/dags/weather_prediction_dag.py took 0.096 seconds
[2025-12-04T18:10:45.808+0000] {processor.py:161} INFO - Started process (PID=2904) to work on /opt/airflow/dags/weather_prediction_dag.py
[2025-12-04T18:10:45.809+0000] {processor.py:830} INFO - Processing file /opt/airflow/dags/weather_prediction_dag.py for tasks to queue
[2025-12-04T18:10:45.810+0000] {logging_mixin.py:188} INFO - [2025-12-04T18:10:45.810+0000] {dagbag.py:538} INFO - Filling up the DagBag from /opt/airflow/dags/weather_prediction_dag.py
[2025-12-04T18:10:45.845+0000] {processor.py:840} INFO - DAG(s) 'weather_prediction_pipeline' retrieved from /opt/airflow/dags/weather_prediction_dag.py
[2025-12-04T18:10:45.865+0000] {logging_mixin.py:188} INFO - [2025-12-04T18:10:45.865+0000] {dag.py:3036} INFO - Sync 1 DAGs
[2025-12-04T18:10:45.882+0000] {logging_mixin.py:188} INFO - [2025-12-04T18:10:45.882+0000] {dag.py:3823} INFO - Setting next_dagrun for weather_prediction_pipeline to 2025-12-04 00:00:00+00:00, run_after=2025-12-05 00:00:00+00:00
[2025-12-04T18:10:45.901+0000] {processor.py:183} INFO - Processing /opt/airflow/dags/weather_prediction_dag.py took 0.095 seconds
[2025-12-04T18:11:16.702+0000] {processor.py:161} INFO - Started process (PID=2917) to work on /opt/airflow/dags/weather_prediction_dag.py
[2025-12-04T18:11:16.703+0000] {processor.py:830} INFO - Processing file /opt/airflow/dags/weather_prediction_dag.py for tasks to queue
[2025-12-04T18:11:16.704+0000] {logging_mixin.py:188} INFO - [2025-12-04T18:11:16.703+0000] {dagbag.py:538} INFO - Filling up the DagBag from /opt/airflow/dags/weather_prediction_dag.py
[2025-12-04T18:11:16.728+0000] {processor.py:840} INFO - DAG(s) 'weather_prediction_pipeline' retrieved from /opt/airflow/dags/weather_prediction_dag.py
[2025-12-04T18:11:16.747+0000] {logging_mixin.py:188} INFO - [2025-12-04T18:11:16.747+0000] {dag.py:3036} INFO - Sync 1 DAGs
[2025-12-04T18:11:16.761+0000] {logging_mixin.py:188} INFO - [2025-12-04T18:11:16.761+0000] {dag.py:3823} INFO - Setting next_dagrun for weather_prediction_pipeline to 2025-12-04 00:00:00+00:00, run_after=2025-12-05 00:00:00+00:00
[2025-12-04T18:11:16.775+0000] {processor.py:183} INFO - Processing /opt/airflow/dags/weather_prediction_dag.py took 0.076 seconds
[2025-12-04T18:11:47.796+0000] {processor.py:161} INFO - Started process (PID=2930) to work on /opt/airflow/dags/weather_prediction_dag.py
[2025-12-04T18:11:47.796+0000] {processor.py:830} INFO - Processing file /opt/airflow/dags/weather_prediction_dag.py for tasks to queue
[2025-12-04T18:11:47.797+0000] {logging_mixin.py:188} INFO - [2025-12-04T18:11:47.797+0000] {dagbag.py:538} INFO - Filling up the DagBag from /opt/airflow/dags/weather_prediction_dag.py
[2025-12-04T18:11:47.828+0000] {processor.py:840} INFO - DAG(s) 'weather_prediction_pipeline' retrieved from /opt/airflow/dags/weather_prediction_dag.py
[2025-12-04T18:11:47.847+0000] {logging_mixin.py:188} INFO - [2025-12-04T18:11:47.846+0000] {dag.py:3036} INFO - Sync 1 DAGs
[2025-12-04T18:11:47.862+0000] {logging_mixin.py:188} INFO - [2025-12-04T18:11:47.862+0000] {dag.py:3823} INFO - Setting next_dagrun for weather_prediction_pipeline to 2025-12-04 00:00:00+00:00, run_after=2025-12-05 00:00:00+00:00
[2025-12-04T18:11:47.879+0000] {processor.py:183} INFO - Processing /opt/airflow/dags/weather_prediction_dag.py took 0.086 seconds
[2025-12-04T18:12:18.712+0000] {processor.py:161} INFO - Started process (PID=2943) to work on /opt/airflow/dags/weather_prediction_dag.py
[2025-12-04T18:12:18.712+0000] {processor.py:830} INFO - Processing file /opt/airflow/dags/weather_prediction_dag.py for tasks to queue
[2025-12-04T18:12:18.713+0000] {logging_mixin.py:188} INFO - [2025-12-04T18:12:18.713+0000] {dagbag.py:538} INFO - Filling up the DagBag from /opt/airflow/dags/weather_prediction_dag.py
[2025-12-04T18:12:18.747+0000] {processor.py:840} INFO - DAG(s) 'weather_prediction_pipeline' retrieved from /opt/airflow/dags/weather_prediction_dag.py
[2025-12-04T18:12:18.768+0000] {logging_mixin.py:188} INFO - [2025-12-04T18:12:18.768+0000] {dag.py:3036} INFO - Sync 1 DAGs
[2025-12-04T18:12:18.785+0000] {logging_mixin.py:188} INFO - [2025-12-04T18:12:18.785+0000] {dag.py:3823} INFO - Setting next_dagrun for weather_prediction_pipeline to 2025-12-04 00:00:00+00:00, run_after=2025-12-05 00:00:00+00:00
[2025-12-04T18:12:18.800+0000] {processor.py:183} INFO - Processing /opt/airflow/dags/weather_prediction_dag.py took 0.092 seconds
[2025-12-04T18:12:49.108+0000] {processor.py:161} INFO - Started process (PID=2956) to work on /opt/airflow/dags/weather_prediction_dag.py
[2025-12-04T18:12:49.108+0000] {processor.py:830} INFO - Processing file /opt/airflow/dags/weather_prediction_dag.py for tasks to queue
[2025-12-04T18:12:49.109+0000] {logging_mixin.py:188} INFO - [2025-12-04T18:12:49.109+0000] {dagbag.py:538} INFO - Filling up the DagBag from /opt/airflow/dags/weather_prediction_dag.py
[2025-12-04T18:12:49.140+0000] {processor.py:840} INFO - DAG(s) 'weather_prediction_pipeline' retrieved from /opt/airflow/dags/weather_prediction_dag.py
[2025-12-04T18:12:49.161+0000] {logging_mixin.py:188} INFO - [2025-12-04T18:12:49.161+0000] {dag.py:3036} INFO - Sync 1 DAGs
[2025-12-04T18:12:49.180+0000] {logging_mixin.py:188} INFO - [2025-12-04T18:12:49.180+0000] {dag.py:3823} INFO - Setting next_dagrun for weather_prediction_pipeline to 2025-12-04 00:00:00+00:00, run_after=2025-12-05 00:00:00+00:00
[2025-12-04T18:12:49.197+0000] {processor.py:183} INFO - Processing /opt/airflow/dags/weather_prediction_dag.py took 0.091 seconds
[2025-12-04T18:13:19.373+0000] {processor.py:161} INFO - Started process (PID=2969) to work on /opt/airflow/dags/weather_prediction_dag.py
[2025-12-04T18:13:19.374+0000] {processor.py:830} INFO - Processing file /opt/airflow/dags/weather_prediction_dag.py for tasks to queue
[2025-12-04T18:13:19.375+0000] {logging_mixin.py:188} INFO - [2025-12-04T18:13:19.375+0000] {dagbag.py:538} INFO - Filling up the DagBag from /opt/airflow/dags/weather_prediction_dag.py
[2025-12-04T18:13:19.404+0000] {processor.py:840} INFO - DAG(s) 'weather_prediction_pipeline' retrieved from /opt/airflow/dags/weather_prediction_dag.py
[2025-12-04T18:13:19.423+0000] {logging_mixin.py:188} INFO - [2025-12-04T18:13:19.423+0000] {dag.py:3036} INFO - Sync 1 DAGs
[2025-12-04T18:13:19.440+0000] {logging_mixin.py:188} INFO - [2025-12-04T18:13:19.439+0000] {dag.py:3823} INFO - Setting next_dagrun for weather_prediction_pipeline to 2025-12-04 00:00:00+00:00, run_after=2025-12-05 00:00:00+00:00
[2025-12-04T18:13:19.456+0000] {processor.py:183} INFO - Processing /opt/airflow/dags/weather_prediction_dag.py took 0.086 seconds
[2025-12-04T18:13:49.589+0000] {processor.py:161} INFO - Started process (PID=2982) to work on /opt/airflow/dags/weather_prediction_dag.py
[2025-12-04T18:13:49.590+0000] {processor.py:830} INFO - Processing file /opt/airflow/dags/weather_prediction_dag.py for tasks to queue
[2025-12-04T18:13:49.590+0000] {logging_mixin.py:188} INFO - [2025-12-04T18:13:49.590+0000] {dagbag.py:538} INFO - Filling up the DagBag from /opt/airflow/dags/weather_prediction_dag.py
[2025-12-04T18:13:49.620+0000] {processor.py:840} INFO - DAG(s) 'weather_prediction_pipeline' retrieved from /opt/airflow/dags/weather_prediction_dag.py
[2025-12-04T18:13:49.640+0000] {logging_mixin.py:188} INFO - [2025-12-04T18:13:49.640+0000] {dag.py:3036} INFO - Sync 1 DAGs
[2025-12-04T18:13:49.656+0000] {logging_mixin.py:188} INFO - [2025-12-04T18:13:49.655+0000] {dag.py:3823} INFO - Setting next_dagrun for weather_prediction_pipeline to 2025-12-04 00:00:00+00:00, run_after=2025-12-05 00:00:00+00:00
[2025-12-04T18:13:49.671+0000] {processor.py:183} INFO - Processing /opt/airflow/dags/weather_prediction_dag.py took 0.085 seconds
[2025-12-04T18:14:19.775+0000] {processor.py:161} INFO - Started process (PID=2995) to work on /opt/airflow/dags/weather_prediction_dag.py
[2025-12-04T18:14:19.776+0000] {processor.py:830} INFO - Processing file /opt/airflow/dags/weather_prediction_dag.py for tasks to queue
[2025-12-04T18:14:19.777+0000] {logging_mixin.py:188} INFO - [2025-12-04T18:14:19.776+0000] {dagbag.py:538} INFO - Filling up the DagBag from /opt/airflow/dags/weather_prediction_dag.py
[2025-12-04T18:14:19.809+0000] {processor.py:840} INFO - DAG(s) 'weather_prediction_pipeline' retrieved from /opt/airflow/dags/weather_prediction_dag.py
[2025-12-04T18:14:19.831+0000] {logging_mixin.py:188} INFO - [2025-12-04T18:14:19.831+0000] {dag.py:3036} INFO - Sync 1 DAGs
[2025-12-04T18:14:19.849+0000] {logging_mixin.py:188} INFO - [2025-12-04T18:14:19.849+0000] {dag.py:3823} INFO - Setting next_dagrun for weather_prediction_pipeline to 2025-12-04 00:00:00+00:00, run_after=2025-12-05 00:00:00+00:00
[2025-12-04T18:14:19.866+0000] {processor.py:183} INFO - Processing /opt/airflow/dags/weather_prediction_dag.py took 0.094 seconds
[2025-12-04T18:14:50.625+0000] {processor.py:161} INFO - Started process (PID=3008) to work on /opt/airflow/dags/weather_prediction_dag.py
[2025-12-04T18:14:50.626+0000] {processor.py:830} INFO - Processing file /opt/airflow/dags/weather_prediction_dag.py for tasks to queue
[2025-12-04T18:14:50.627+0000] {logging_mixin.py:188} INFO - [2025-12-04T18:14:50.627+0000] {dagbag.py:538} INFO - Filling up the DagBag from /opt/airflow/dags/weather_prediction_dag.py
[2025-12-04T18:14:50.660+0000] {processor.py:840} INFO - DAG(s) 'weather_prediction_pipeline' retrieved from /opt/airflow/dags/weather_prediction_dag.py
[2025-12-04T18:14:50.681+0000] {logging_mixin.py:188} INFO - [2025-12-04T18:14:50.681+0000] {dag.py:3036} INFO - Sync 1 DAGs
[2025-12-04T18:14:50.698+0000] {logging_mixin.py:188} INFO - [2025-12-04T18:14:50.698+0000] {dag.py:3823} INFO - Setting next_dagrun for weather_prediction_pipeline to 2025-12-04 00:00:00+00:00, run_after=2025-12-05 00:00:00+00:00
[2025-12-04T18:14:50.716+0000] {processor.py:183} INFO - Processing /opt/airflow/dags/weather_prediction_dag.py took 0.093 seconds
[2025-12-04T18:15:21.512+0000] {processor.py:161} INFO - Started process (PID=3022) to work on /opt/airflow/dags/weather_prediction_dag.py
[2025-12-04T18:15:21.513+0000] {processor.py:830} INFO - Processing file /opt/airflow/dags/weather_prediction_dag.py for tasks to queue
[2025-12-04T18:15:21.515+0000] {logging_mixin.py:188} INFO - [2025-12-04T18:15:21.514+0000] {dagbag.py:538} INFO - Filling up the DagBag from /opt/airflow/dags/weather_prediction_dag.py
[2025-12-04T18:15:21.543+0000] {processor.py:840} INFO - DAG(s) 'weather_prediction_pipeline' retrieved from /opt/airflow/dags/weather_prediction_dag.py
[2025-12-04T18:15:21.561+0000] {logging_mixin.py:188} INFO - [2025-12-04T18:15:21.561+0000] {dag.py:3036} INFO - Sync 1 DAGs
[2025-12-04T18:15:21.577+0000] {logging_mixin.py:188} INFO - [2025-12-04T18:15:21.576+0000] {dag.py:3823} INFO - Setting next_dagrun for weather_prediction_pipeline to 2025-12-04 00:00:00+00:00, run_after=2025-12-05 00:00:00+00:00
[2025-12-04T18:15:21.591+0000] {processor.py:183} INFO - Processing /opt/airflow/dags/weather_prediction_dag.py took 0.082 seconds
[2025-12-04T18:15:52.347+0000] {processor.py:161} INFO - Started process (PID=3035) to work on /opt/airflow/dags/weather_prediction_dag.py
[2025-12-04T18:15:52.348+0000] {processor.py:830} INFO - Processing file /opt/airflow/dags/weather_prediction_dag.py for tasks to queue
[2025-12-04T18:15:52.349+0000] {logging_mixin.py:188} INFO - [2025-12-04T18:15:52.348+0000] {dagbag.py:538} INFO - Filling up the DagBag from /opt/airflow/dags/weather_prediction_dag.py
[2025-12-04T18:15:52.374+0000] {processor.py:840} INFO - DAG(s) 'weather_prediction_pipeline' retrieved from /opt/airflow/dags/weather_prediction_dag.py
[2025-12-04T18:15:52.391+0000] {logging_mixin.py:188} INFO - [2025-12-04T18:15:52.391+0000] {dag.py:3036} INFO - Sync 1 DAGs
[2025-12-04T18:15:52.406+0000] {logging_mixin.py:188} INFO - [2025-12-04T18:15:52.406+0000] {dag.py:3823} INFO - Setting next_dagrun for weather_prediction_pipeline to 2025-12-04 00:00:00+00:00, run_after=2025-12-05 00:00:00+00:00
[2025-12-04T18:15:52.419+0000] {processor.py:183} INFO - Processing /opt/airflow/dags/weather_prediction_dag.py took 0.075 seconds
[2025-12-04T18:16:23.056+0000] {processor.py:161} INFO - Started process (PID=3048) to work on /opt/airflow/dags/weather_prediction_dag.py
[2025-12-04T18:16:23.057+0000] {processor.py:830} INFO - Processing file /opt/airflow/dags/weather_prediction_dag.py for tasks to queue
[2025-12-04T18:16:23.058+0000] {logging_mixin.py:188} INFO - [2025-12-04T18:16:23.057+0000] {dagbag.py:538} INFO - Filling up the DagBag from /opt/airflow/dags/weather_prediction_dag.py
[2025-12-04T18:16:23.085+0000] {processor.py:840} INFO - DAG(s) 'weather_prediction_pipeline' retrieved from /opt/airflow/dags/weather_prediction_dag.py
[2025-12-04T18:16:23.102+0000] {logging_mixin.py:188} INFO - [2025-12-04T18:16:23.102+0000] {dag.py:3036} INFO - Sync 1 DAGs
[2025-12-04T18:16:23.117+0000] {logging_mixin.py:188} INFO - [2025-12-04T18:16:23.117+0000] {dag.py:3823} INFO - Setting next_dagrun for weather_prediction_pipeline to 2025-12-04 00:00:00+00:00, run_after=2025-12-05 00:00:00+00:00
[2025-12-04T18:16:23.132+0000] {processor.py:183} INFO - Processing /opt/airflow/dags/weather_prediction_dag.py took 0.077 seconds
[2025-12-04T18:16:53.998+0000] {processor.py:161} INFO - Started process (PID=3061) to work on /opt/airflow/dags/weather_prediction_dag.py
[2025-12-04T18:16:53.999+0000] {processor.py:830} INFO - Processing file /opt/airflow/dags/weather_prediction_dag.py for tasks to queue
[2025-12-04T18:16:54.000+0000] {logging_mixin.py:188} INFO - [2025-12-04T18:16:54.000+0000] {dagbag.py:538} INFO - Filling up the DagBag from /opt/airflow/dags/weather_prediction_dag.py
[2025-12-04T18:16:54.031+0000] {processor.py:840} INFO - DAG(s) 'weather_prediction_pipeline' retrieved from /opt/airflow/dags/weather_prediction_dag.py
[2025-12-04T18:16:54.052+0000] {logging_mixin.py:188} INFO - [2025-12-04T18:16:54.051+0000] {dag.py:3036} INFO - Sync 1 DAGs
[2025-12-04T18:16:54.068+0000] {logging_mixin.py:188} INFO - [2025-12-04T18:16:54.067+0000] {dag.py:3823} INFO - Setting next_dagrun for weather_prediction_pipeline to 2025-12-04 00:00:00+00:00, run_after=2025-12-05 00:00:00+00:00
[2025-12-04T18:16:54.083+0000] {processor.py:183} INFO - Processing /opt/airflow/dags/weather_prediction_dag.py took 0.087 seconds
[2025-12-04T18:17:24.922+0000] {processor.py:161} INFO - Started process (PID=3074) to work on /opt/airflow/dags/weather_prediction_dag.py
[2025-12-04T18:17:24.923+0000] {processor.py:830} INFO - Processing file /opt/airflow/dags/weather_prediction_dag.py for tasks to queue
[2025-12-04T18:17:24.924+0000] {logging_mixin.py:188} INFO - [2025-12-04T18:17:24.924+0000] {dagbag.py:538} INFO - Filling up the DagBag from /opt/airflow/dags/weather_prediction_dag.py
[2025-12-04T18:17:24.959+0000] {processor.py:840} INFO - DAG(s) 'weather_prediction_pipeline' retrieved from /opt/airflow/dags/weather_prediction_dag.py
[2025-12-04T18:17:24.981+0000] {logging_mixin.py:188} INFO - [2025-12-04T18:17:24.981+0000] {dag.py:3036} INFO - Sync 1 DAGs
[2025-12-04T18:17:25.000+0000] {logging_mixin.py:188} INFO - [2025-12-04T18:17:24.999+0000] {dag.py:3823} INFO - Setting next_dagrun for weather_prediction_pipeline to 2025-12-04 00:00:00+00:00, run_after=2025-12-05 00:00:00+00:00
[2025-12-04T18:17:25.017+0000] {processor.py:183} INFO - Processing /opt/airflow/dags/weather_prediction_dag.py took 0.097 seconds
[2025-12-04T18:17:55.164+0000] {processor.py:161} INFO - Started process (PID=3087) to work on /opt/airflow/dags/weather_prediction_dag.py
[2025-12-04T18:17:55.166+0000] {processor.py:830} INFO - Processing file /opt/airflow/dags/weather_prediction_dag.py for tasks to queue
[2025-12-04T18:17:55.168+0000] {logging_mixin.py:188} INFO - [2025-12-04T18:17:55.168+0000] {dagbag.py:538} INFO - Filling up the DagBag from /opt/airflow/dags/weather_prediction_dag.py
[2025-12-04T18:17:55.233+0000] {processor.py:840} INFO - DAG(s) 'weather_prediction_pipeline' retrieved from /opt/airflow/dags/weather_prediction_dag.py
[2025-12-04T18:17:55.253+0000] {logging_mixin.py:188} INFO - [2025-12-04T18:17:55.253+0000] {dag.py:3036} INFO - Sync 1 DAGs
[2025-12-04T18:17:55.270+0000] {logging_mixin.py:188} INFO - [2025-12-04T18:17:55.270+0000] {dag.py:3823} INFO - Setting next_dagrun for weather_prediction_pipeline to 2025-12-04 00:00:00+00:00, run_after=2025-12-05 00:00:00+00:00
[2025-12-04T18:17:55.285+0000] {processor.py:183} INFO - Processing /opt/airflow/dags/weather_prediction_dag.py took 0.128 seconds
[2025-12-04T18:18:25.560+0000] {processor.py:161} INFO - Started process (PID=3100) to work on /opt/airflow/dags/weather_prediction_dag.py
[2025-12-04T18:18:25.561+0000] {processor.py:830} INFO - Processing file /opt/airflow/dags/weather_prediction_dag.py for tasks to queue
[2025-12-04T18:18:25.561+0000] {logging_mixin.py:188} INFO - [2025-12-04T18:18:25.561+0000] {dagbag.py:538} INFO - Filling up the DagBag from /opt/airflow/dags/weather_prediction_dag.py
[2025-12-04T18:18:25.590+0000] {processor.py:840} INFO - DAG(s) 'weather_prediction_pipeline' retrieved from /opt/airflow/dags/weather_prediction_dag.py
[2025-12-04T18:18:25.608+0000] {logging_mixin.py:188} INFO - [2025-12-04T18:18:25.608+0000] {dag.py:3036} INFO - Sync 1 DAGs
[2025-12-04T18:18:25.623+0000] {logging_mixin.py:188} INFO - [2025-12-04T18:18:25.623+0000] {dag.py:3823} INFO - Setting next_dagrun for weather_prediction_pipeline to 2025-12-04 00:00:00+00:00, run_after=2025-12-05 00:00:00+00:00
[2025-12-04T18:18:25.638+0000] {processor.py:183} INFO - Processing /opt/airflow/dags/weather_prediction_dag.py took 0.081 seconds
[2025-12-04T18:18:56.507+0000] {processor.py:161} INFO - Started process (PID=3113) to work on /opt/airflow/dags/weather_prediction_dag.py
[2025-12-04T18:18:56.508+0000] {processor.py:830} INFO - Processing file /opt/airflow/dags/weather_prediction_dag.py for tasks to queue
[2025-12-04T18:18:56.509+0000] {logging_mixin.py:188} INFO - [2025-12-04T18:18:56.509+0000] {dagbag.py:538} INFO - Filling up the DagBag from /opt/airflow/dags/weather_prediction_dag.py
[2025-12-04T18:18:56.546+0000] {processor.py:840} INFO - DAG(s) 'weather_prediction_pipeline' retrieved from /opt/airflow/dags/weather_prediction_dag.py
[2025-12-04T18:18:56.566+0000] {logging_mixin.py:188} INFO - [2025-12-04T18:18:56.566+0000] {dag.py:3036} INFO - Sync 1 DAGs
[2025-12-04T18:18:56.585+0000] {logging_mixin.py:188} INFO - [2025-12-04T18:18:56.584+0000] {dag.py:3823} INFO - Setting next_dagrun for weather_prediction_pipeline to 2025-12-04 00:00:00+00:00, run_after=2025-12-05 00:00:00+00:00
[2025-12-04T18:18:56.604+0000] {processor.py:183} INFO - Processing /opt/airflow/dags/weather_prediction_dag.py took 0.100 seconds
[2025-12-04T18:19:26.788+0000] {processor.py:161} INFO - Started process (PID=3126) to work on /opt/airflow/dags/weather_prediction_dag.py
[2025-12-04T18:19:26.789+0000] {processor.py:830} INFO - Processing file /opt/airflow/dags/weather_prediction_dag.py for tasks to queue
[2025-12-04T18:19:26.790+0000] {logging_mixin.py:188} INFO - [2025-12-04T18:19:26.789+0000] {dagbag.py:538} INFO - Filling up the DagBag from /opt/airflow/dags/weather_prediction_dag.py
[2025-12-04T18:19:26.817+0000] {processor.py:840} INFO - DAG(s) 'weather_prediction_pipeline' retrieved from /opt/airflow/dags/weather_prediction_dag.py
[2025-12-04T18:19:26.836+0000] {logging_mixin.py:188} INFO - [2025-12-04T18:19:26.836+0000] {dag.py:3036} INFO - Sync 1 DAGs
[2025-12-04T18:19:26.852+0000] {logging_mixin.py:188} INFO - [2025-12-04T18:19:26.851+0000] {dag.py:3823} INFO - Setting next_dagrun for weather_prediction_pipeline to 2025-12-04 00:00:00+00:00, run_after=2025-12-05 00:00:00+00:00
[2025-12-04T18:19:26.867+0000] {processor.py:183} INFO - Processing /opt/airflow/dags/weather_prediction_dag.py took 0.082 seconds
[2025-12-04T18:19:57.254+0000] {processor.py:161} INFO - Started process (PID=3139) to work on /opt/airflow/dags/weather_prediction_dag.py
[2025-12-04T18:19:57.255+0000] {processor.py:830} INFO - Processing file /opt/airflow/dags/weather_prediction_dag.py for tasks to queue
[2025-12-04T18:19:57.256+0000] {logging_mixin.py:188} INFO - [2025-12-04T18:19:57.256+0000] {dagbag.py:538} INFO - Filling up the DagBag from /opt/airflow/dags/weather_prediction_dag.py
[2025-12-04T18:19:57.293+0000] {processor.py:840} INFO - DAG(s) 'weather_prediction_pipeline' retrieved from /opt/airflow/dags/weather_prediction_dag.py
[2025-12-04T18:19:57.315+0000] {logging_mixin.py:188} INFO - [2025-12-04T18:19:57.315+0000] {dag.py:3036} INFO - Sync 1 DAGs
[2025-12-04T18:19:57.333+0000] {logging_mixin.py:188} INFO - [2025-12-04T18:19:57.333+0000] {dag.py:3823} INFO - Setting next_dagrun for weather_prediction_pipeline to 2025-12-04 00:00:00+00:00, run_after=2025-12-05 00:00:00+00:00
[2025-12-04T18:19:57.350+0000] {processor.py:183} INFO - Processing /opt/airflow/dags/weather_prediction_dag.py took 0.099 seconds
[2025-12-04T18:20:27.514+0000] {processor.py:161} INFO - Started process (PID=3152) to work on /opt/airflow/dags/weather_prediction_dag.py
[2025-12-04T18:20:27.515+0000] {processor.py:830} INFO - Processing file /opt/airflow/dags/weather_prediction_dag.py for tasks to queue
[2025-12-04T18:20:27.516+0000] {logging_mixin.py:188} INFO - [2025-12-04T18:20:27.516+0000] {dagbag.py:538} INFO - Filling up the DagBag from /opt/airflow/dags/weather_prediction_dag.py
[2025-12-04T18:20:27.549+0000] {processor.py:840} INFO - DAG(s) 'weather_prediction_pipeline' retrieved from /opt/airflow/dags/weather_prediction_dag.py
[2025-12-04T18:20:27.568+0000] {logging_mixin.py:188} INFO - [2025-12-04T18:20:27.567+0000] {dag.py:3036} INFO - Sync 1 DAGs
[2025-12-04T18:20:27.584+0000] {logging_mixin.py:188} INFO - [2025-12-04T18:20:27.583+0000] {dag.py:3823} INFO - Setting next_dagrun for weather_prediction_pipeline to 2025-12-04 00:00:00+00:00, run_after=2025-12-05 00:00:00+00:00
[2025-12-04T18:20:27.599+0000] {processor.py:183} INFO - Processing /opt/airflow/dags/weather_prediction_dag.py took 0.088 seconds
[2025-12-04T18:20:58.434+0000] {processor.py:161} INFO - Started process (PID=3157) to work on /opt/airflow/dags/weather_prediction_dag.py
[2025-12-04T18:20:58.435+0000] {processor.py:830} INFO - Processing file /opt/airflow/dags/weather_prediction_dag.py for tasks to queue
[2025-12-04T18:20:58.435+0000] {logging_mixin.py:188} INFO - [2025-12-04T18:20:58.435+0000] {dagbag.py:538} INFO - Filling up the DagBag from /opt/airflow/dags/weather_prediction_dag.py
[2025-12-04T18:20:58.462+0000] {processor.py:840} INFO - DAG(s) 'weather_prediction_pipeline' retrieved from /opt/airflow/dags/weather_prediction_dag.py
[2025-12-04T18:20:58.479+0000] {logging_mixin.py:188} INFO - [2025-12-04T18:20:58.479+0000] {dag.py:3036} INFO - Sync 1 DAGs
[2025-12-04T18:20:58.494+0000] {logging_mixin.py:188} INFO - [2025-12-04T18:20:58.494+0000] {dag.py:3823} INFO - Setting next_dagrun for weather_prediction_pipeline to 2025-12-04 00:00:00+00:00, run_after=2025-12-05 00:00:00+00:00
[2025-12-04T18:20:58.508+0000] {processor.py:183} INFO - Processing /opt/airflow/dags/weather_prediction_dag.py took 0.077 seconds
[2025-12-04T18:21:29.337+0000] {processor.py:161} INFO - Started process (PID=3170) to work on /opt/airflow/dags/weather_prediction_dag.py
[2025-12-04T18:21:29.338+0000] {processor.py:830} INFO - Processing file /opt/airflow/dags/weather_prediction_dag.py for tasks to queue
[2025-12-04T18:21:29.339+0000] {logging_mixin.py:188} INFO - [2025-12-04T18:21:29.339+0000] {dagbag.py:538} INFO - Filling up the DagBag from /opt/airflow/dags/weather_prediction_dag.py
[2025-12-04T18:21:29.368+0000] {processor.py:840} INFO - DAG(s) 'weather_prediction_pipeline' retrieved from /opt/airflow/dags/weather_prediction_dag.py
[2025-12-04T18:21:29.386+0000] {logging_mixin.py:188} INFO - [2025-12-04T18:21:29.386+0000] {dag.py:3036} INFO - Sync 1 DAGs
[2025-12-04T18:21:29.402+0000] {logging_mixin.py:188} INFO - [2025-12-04T18:21:29.401+0000] {dag.py:3823} INFO - Setting next_dagrun for weather_prediction_pipeline to 2025-12-04 00:00:00+00:00, run_after=2025-12-05 00:00:00+00:00
[2025-12-04T18:21:29.417+0000] {processor.py:183} INFO - Processing /opt/airflow/dags/weather_prediction_dag.py took 0.082 seconds
[2025-12-04T18:22:00.196+0000] {processor.py:161} INFO - Started process (PID=3183) to work on /opt/airflow/dags/weather_prediction_dag.py
[2025-12-04T18:22:00.197+0000] {processor.py:830} INFO - Processing file /opt/airflow/dags/weather_prediction_dag.py for tasks to queue
[2025-12-04T18:22:00.198+0000] {logging_mixin.py:188} INFO - [2025-12-04T18:22:00.197+0000] {dagbag.py:538} INFO - Filling up the DagBag from /opt/airflow/dags/weather_prediction_dag.py
[2025-12-04T18:22:00.226+0000] {processor.py:840} INFO - DAG(s) 'weather_prediction_pipeline' retrieved from /opt/airflow/dags/weather_prediction_dag.py
[2025-12-04T18:22:00.245+0000] {logging_mixin.py:188} INFO - [2025-12-04T18:22:00.245+0000] {dag.py:3036} INFO - Sync 1 DAGs
[2025-12-04T18:22:00.260+0000] {logging_mixin.py:188} INFO - [2025-12-04T18:22:00.260+0000] {dag.py:3823} INFO - Setting next_dagrun for weather_prediction_pipeline to 2025-12-04 00:00:00+00:00, run_after=2025-12-05 00:00:00+00:00
[2025-12-04T18:22:00.273+0000] {processor.py:183} INFO - Processing /opt/airflow/dags/weather_prediction_dag.py took 0.080 seconds
[2025-12-04T18:22:30.477+0000] {processor.py:161} INFO - Started process (PID=3197) to work on /opt/airflow/dags/weather_prediction_dag.py
[2025-12-04T18:22:30.478+0000] {processor.py:830} INFO - Processing file /opt/airflow/dags/weather_prediction_dag.py for tasks to queue
[2025-12-04T18:22:30.479+0000] {logging_mixin.py:188} INFO - [2025-12-04T18:22:30.479+0000] {dagbag.py:538} INFO - Filling up the DagBag from /opt/airflow/dags/weather_prediction_dag.py
[2025-12-04T18:22:30.506+0000] {processor.py:840} INFO - DAG(s) 'weather_prediction_pipeline' retrieved from /opt/airflow/dags/weather_prediction_dag.py
[2025-12-04T18:22:30.525+0000] {logging_mixin.py:188} INFO - [2025-12-04T18:22:30.525+0000] {dag.py:3036} INFO - Sync 1 DAGs
[2025-12-04T18:22:30.540+0000] {logging_mixin.py:188} INFO - [2025-12-04T18:22:30.540+0000] {dag.py:3823} INFO - Setting next_dagrun for weather_prediction_pipeline to 2025-12-04 00:00:00+00:00, run_after=2025-12-05 00:00:00+00:00
[2025-12-04T18:22:30.554+0000] {processor.py:183} INFO - Processing /opt/airflow/dags/weather_prediction_dag.py took 0.080 seconds
[2025-12-04T18:23:00.742+0000] {processor.py:161} INFO - Started process (PID=3210) to work on /opt/airflow/dags/weather_prediction_dag.py
[2025-12-04T18:23:00.743+0000] {processor.py:830} INFO - Processing file /opt/airflow/dags/weather_prediction_dag.py for tasks to queue
[2025-12-04T18:23:00.744+0000] {logging_mixin.py:188} INFO - [2025-12-04T18:23:00.743+0000] {dagbag.py:538} INFO - Filling up the DagBag from /opt/airflow/dags/weather_prediction_dag.py
[2025-12-04T18:23:00.772+0000] {processor.py:840} INFO - DAG(s) 'weather_prediction_pipeline' retrieved from /opt/airflow/dags/weather_prediction_dag.py
[2025-12-04T18:23:00.790+0000] {logging_mixin.py:188} INFO - [2025-12-04T18:23:00.789+0000] {dag.py:3036} INFO - Sync 1 DAGs
[2025-12-04T18:23:00.805+0000] {logging_mixin.py:188} INFO - [2025-12-04T18:23:00.805+0000] {dag.py:3823} INFO - Setting next_dagrun for weather_prediction_pipeline to 2025-12-04 00:00:00+00:00, run_after=2025-12-05 00:00:00+00:00
[2025-12-04T18:23:00.821+0000] {processor.py:183} INFO - Processing /opt/airflow/dags/weather_prediction_dag.py took 0.081 seconds
[2025-12-04T18:23:31.470+0000] {processor.py:161} INFO - Started process (PID=3223) to work on /opt/airflow/dags/weather_prediction_dag.py
[2025-12-04T18:23:31.471+0000] {processor.py:830} INFO - Processing file /opt/airflow/dags/weather_prediction_dag.py for tasks to queue
[2025-12-04T18:23:31.472+0000] {logging_mixin.py:188} INFO - [2025-12-04T18:23:31.472+0000] {dagbag.py:538} INFO - Filling up the DagBag from /opt/airflow/dags/weather_prediction_dag.py
[2025-12-04T18:23:31.504+0000] {processor.py:840} INFO - DAG(s) 'weather_prediction_pipeline' retrieved from /opt/airflow/dags/weather_prediction_dag.py
[2025-12-04T18:23:31.523+0000] {logging_mixin.py:188} INFO - [2025-12-04T18:23:31.523+0000] {dag.py:3036} INFO - Sync 1 DAGs
[2025-12-04T18:23:31.540+0000] {logging_mixin.py:188} INFO - [2025-12-04T18:23:31.540+0000] {dag.py:3823} INFO - Setting next_dagrun for weather_prediction_pipeline to 2025-12-04 00:00:00+00:00, run_after=2025-12-05 00:00:00+00:00
[2025-12-04T18:23:31.553+0000] {processor.py:183} INFO - Processing /opt/airflow/dags/weather_prediction_dag.py took 0.086 seconds
[2025-12-04T18:24:01.749+0000] {processor.py:161} INFO - Started process (PID=3236) to work on /opt/airflow/dags/weather_prediction_dag.py
[2025-12-04T18:24:01.750+0000] {processor.py:830} INFO - Processing file /opt/airflow/dags/weather_prediction_dag.py for tasks to queue
[2025-12-04T18:24:01.751+0000] {logging_mixin.py:188} INFO - [2025-12-04T18:24:01.750+0000] {dagbag.py:538} INFO - Filling up the DagBag from /opt/airflow/dags/weather_prediction_dag.py
[2025-12-04T18:24:01.777+0000] {processor.py:840} INFO - DAG(s) 'weather_prediction_pipeline' retrieved from /opt/airflow/dags/weather_prediction_dag.py
[2025-12-04T18:24:01.794+0000] {logging_mixin.py:188} INFO - [2025-12-04T18:24:01.794+0000] {dag.py:3036} INFO - Sync 1 DAGs
[2025-12-04T18:24:01.809+0000] {logging_mixin.py:188} INFO - [2025-12-04T18:24:01.809+0000] {dag.py:3823} INFO - Setting next_dagrun for weather_prediction_pipeline to 2025-12-04 00:00:00+00:00, run_after=2025-12-05 00:00:00+00:00
[2025-12-04T18:24:01.823+0000] {processor.py:183} INFO - Processing /opt/airflow/dags/weather_prediction_dag.py took 0.077 seconds
[2025-12-04T18:24:32.026+0000] {processor.py:161} INFO - Started process (PID=3249) to work on /opt/airflow/dags/weather_prediction_dag.py
[2025-12-04T18:24:32.027+0000] {processor.py:830} INFO - Processing file /opt/airflow/dags/weather_prediction_dag.py for tasks to queue
[2025-12-04T18:24:32.028+0000] {logging_mixin.py:188} INFO - [2025-12-04T18:24:32.028+0000] {dagbag.py:538} INFO - Filling up the DagBag from /opt/airflow/dags/weather_prediction_dag.py
[2025-12-04T18:24:32.061+0000] {processor.py:840} INFO - DAG(s) 'weather_prediction_pipeline' retrieved from /opt/airflow/dags/weather_prediction_dag.py
[2025-12-04T18:24:32.079+0000] {logging_mixin.py:188} INFO - [2025-12-04T18:24:32.078+0000] {dag.py:3036} INFO - Sync 1 DAGs
[2025-12-04T18:24:32.094+0000] {logging_mixin.py:188} INFO - [2025-12-04T18:24:32.094+0000] {dag.py:3823} INFO - Setting next_dagrun for weather_prediction_pipeline to 2025-12-04 00:00:00+00:00, run_after=2025-12-05 00:00:00+00:00
[2025-12-04T18:24:32.108+0000] {processor.py:183} INFO - Processing /opt/airflow/dags/weather_prediction_dag.py took 0.085 seconds
[2025-12-04T18:25:02.922+0000] {processor.py:161} INFO - Started process (PID=3262) to work on /opt/airflow/dags/weather_prediction_dag.py
[2025-12-04T18:25:02.923+0000] {processor.py:830} INFO - Processing file /opt/airflow/dags/weather_prediction_dag.py for tasks to queue
[2025-12-04T18:25:02.923+0000] {logging_mixin.py:188} INFO - [2025-12-04T18:25:02.923+0000] {dagbag.py:538} INFO - Filling up the DagBag from /opt/airflow/dags/weather_prediction_dag.py
[2025-12-04T18:25:02.950+0000] {processor.py:840} INFO - DAG(s) 'weather_prediction_pipeline' retrieved from /opt/airflow/dags/weather_prediction_dag.py
[2025-12-04T18:25:02.967+0000] {logging_mixin.py:188} INFO - [2025-12-04T18:25:02.967+0000] {dag.py:3036} INFO - Sync 1 DAGs
[2025-12-04T18:25:02.981+0000] {logging_mixin.py:188} INFO - [2025-12-04T18:25:02.981+0000] {dag.py:3823} INFO - Setting next_dagrun for weather_prediction_pipeline to 2025-12-04 00:00:00+00:00, run_after=2025-12-05 00:00:00+00:00
[2025-12-04T18:25:02.995+0000] {processor.py:183} INFO - Processing /opt/airflow/dags/weather_prediction_dag.py took 0.076 seconds
[2025-12-04T18:25:33.775+0000] {processor.py:161} INFO - Started process (PID=3275) to work on /opt/airflow/dags/weather_prediction_dag.py
[2025-12-04T18:25:33.776+0000] {processor.py:830} INFO - Processing file /opt/airflow/dags/weather_prediction_dag.py for tasks to queue
[2025-12-04T18:25:33.777+0000] {logging_mixin.py:188} INFO - [2025-12-04T18:25:33.777+0000] {dagbag.py:538} INFO - Filling up the DagBag from /opt/airflow/dags/weather_prediction_dag.py
[2025-12-04T18:25:33.806+0000] {processor.py:840} INFO - DAG(s) 'weather_prediction_pipeline' retrieved from /opt/airflow/dags/weather_prediction_dag.py
[2025-12-04T18:25:33.827+0000] {logging_mixin.py:188} INFO - [2025-12-04T18:25:33.827+0000] {dag.py:3036} INFO - Sync 1 DAGs
[2025-12-04T18:25:33.844+0000] {logging_mixin.py:188} INFO - [2025-12-04T18:25:33.843+0000] {dag.py:3823} INFO - Setting next_dagrun for weather_prediction_pipeline to 2025-12-04 00:00:00+00:00, run_after=2025-12-05 00:00:00+00:00
[2025-12-04T18:25:33.861+0000] {processor.py:183} INFO - Processing /opt/airflow/dags/weather_prediction_dag.py took 0.088 seconds
[2025-12-04T18:26:04.617+0000] {processor.py:161} INFO - Started process (PID=3288) to work on /opt/airflow/dags/weather_prediction_dag.py
[2025-12-04T18:26:04.618+0000] {processor.py:830} INFO - Processing file /opt/airflow/dags/weather_prediction_dag.py for tasks to queue
[2025-12-04T18:26:04.618+0000] {logging_mixin.py:188} INFO - [2025-12-04T18:26:04.618+0000] {dagbag.py:538} INFO - Filling up the DagBag from /opt/airflow/dags/weather_prediction_dag.py
[2025-12-04T18:26:04.649+0000] {processor.py:840} INFO - DAG(s) 'weather_prediction_pipeline' retrieved from /opt/airflow/dags/weather_prediction_dag.py
[2025-12-04T18:26:04.667+0000] {logging_mixin.py:188} INFO - [2025-12-04T18:26:04.667+0000] {dag.py:3036} INFO - Sync 1 DAGs
[2025-12-04T18:26:04.683+0000] {logging_mixin.py:188} INFO - [2025-12-04T18:26:04.683+0000] {dag.py:3823} INFO - Setting next_dagrun for weather_prediction_pipeline to 2025-12-04 00:00:00+00:00, run_after=2025-12-05 00:00:00+00:00
[2025-12-04T18:26:04.698+0000] {processor.py:183} INFO - Processing /opt/airflow/dags/weather_prediction_dag.py took 0.084 seconds
[2025-12-04T18:26:35.498+0000] {processor.py:161} INFO - Started process (PID=3301) to work on /opt/airflow/dags/weather_prediction_dag.py
[2025-12-04T18:26:35.499+0000] {processor.py:830} INFO - Processing file /opt/airflow/dags/weather_prediction_dag.py for tasks to queue
[2025-12-04T18:26:35.501+0000] {logging_mixin.py:188} INFO - [2025-12-04T18:26:35.500+0000] {dagbag.py:538} INFO - Filling up the DagBag from /opt/airflow/dags/weather_prediction_dag.py
[2025-12-04T18:26:35.532+0000] {processor.py:840} INFO - DAG(s) 'weather_prediction_pipeline' retrieved from /opt/airflow/dags/weather_prediction_dag.py
[2025-12-04T18:26:35.551+0000] {logging_mixin.py:188} INFO - [2025-12-04T18:26:35.551+0000] {dag.py:3036} INFO - Sync 1 DAGs
[2025-12-04T18:26:35.565+0000] {logging_mixin.py:188} INFO - [2025-12-04T18:26:35.565+0000] {dag.py:3823} INFO - Setting next_dagrun for weather_prediction_pipeline to 2025-12-04 00:00:00+00:00, run_after=2025-12-05 00:00:00+00:00
[2025-12-04T18:26:35.581+0000] {processor.py:183} INFO - Processing /opt/airflow/dags/weather_prediction_dag.py took 0.085 seconds
[2025-12-04T18:27:06.449+0000] {processor.py:161} INFO - Started process (PID=3313) to work on /opt/airflow/dags/weather_prediction_dag.py
[2025-12-04T18:27:06.450+0000] {processor.py:830} INFO - Processing file /opt/airflow/dags/weather_prediction_dag.py for tasks to queue
[2025-12-04T18:27:06.451+0000] {logging_mixin.py:188} INFO - [2025-12-04T18:27:06.451+0000] {dagbag.py:538} INFO - Filling up the DagBag from /opt/airflow/dags/weather_prediction_dag.py
[2025-12-04T18:27:06.482+0000] {processor.py:840} INFO - DAG(s) 'weather_prediction_pipeline' retrieved from /opt/airflow/dags/weather_prediction_dag.py
[2025-12-04T18:27:06.503+0000] {logging_mixin.py:188} INFO - [2025-12-04T18:27:06.502+0000] {dag.py:3036} INFO - Sync 1 DAGs
[2025-12-04T18:27:06.520+0000] {logging_mixin.py:188} INFO - [2025-12-04T18:27:06.520+0000] {dag.py:3823} INFO - Setting next_dagrun for weather_prediction_pipeline to 2025-12-04 00:00:00+00:00, run_after=2025-12-05 00:00:00+00:00
[2025-12-04T18:27:06.535+0000] {processor.py:183} INFO - Processing /opt/airflow/dags/weather_prediction_dag.py took 0.089 seconds
[2025-12-04T18:27:37.280+0000] {processor.py:161} INFO - Started process (PID=3326) to work on /opt/airflow/dags/weather_prediction_dag.py
[2025-12-04T18:27:37.281+0000] {processor.py:830} INFO - Processing file /opt/airflow/dags/weather_prediction_dag.py for tasks to queue
[2025-12-04T18:27:37.282+0000] {logging_mixin.py:188} INFO - [2025-12-04T18:27:37.282+0000] {dagbag.py:538} INFO - Filling up the DagBag from /opt/airflow/dags/weather_prediction_dag.py
[2025-12-04T18:27:37.324+0000] {processor.py:840} INFO - DAG(s) 'weather_prediction_pipeline' retrieved from /opt/airflow/dags/weather_prediction_dag.py
[2025-12-04T18:27:37.341+0000] {logging_mixin.py:188} INFO - [2025-12-04T18:27:37.341+0000] {dag.py:3036} INFO - Sync 1 DAGs
[2025-12-04T18:27:37.357+0000] {logging_mixin.py:188} INFO - [2025-12-04T18:27:37.356+0000] {dag.py:3823} INFO - Setting next_dagrun for weather_prediction_pipeline to 2025-12-04 00:00:00+00:00, run_after=2025-12-05 00:00:00+00:00
[2025-12-04T18:27:37.373+0000] {processor.py:183} INFO - Processing /opt/airflow/dags/weather_prediction_dag.py took 0.095 seconds
[2025-12-04T18:28:08.181+0000] {processor.py:161} INFO - Started process (PID=3339) to work on /opt/airflow/dags/weather_prediction_dag.py
[2025-12-04T18:28:08.182+0000] {processor.py:830} INFO - Processing file /opt/airflow/dags/weather_prediction_dag.py for tasks to queue
[2025-12-04T18:28:08.183+0000] {logging_mixin.py:188} INFO - [2025-12-04T18:28:08.183+0000] {dagbag.py:538} INFO - Filling up the DagBag from /opt/airflow/dags/weather_prediction_dag.py
[2025-12-04T18:28:08.218+0000] {processor.py:840} INFO - DAG(s) 'weather_prediction_pipeline' retrieved from /opt/airflow/dags/weather_prediction_dag.py
[2025-12-04T18:28:08.236+0000] {logging_mixin.py:188} INFO - [2025-12-04T18:28:08.235+0000] {dag.py:3036} INFO - Sync 1 DAGs
[2025-12-04T18:28:08.251+0000] {logging_mixin.py:188} INFO - [2025-12-04T18:28:08.251+0000] {dag.py:3823} INFO - Setting next_dagrun for weather_prediction_pipeline to 2025-12-04 00:00:00+00:00, run_after=2025-12-05 00:00:00+00:00
[2025-12-04T18:28:08.268+0000] {processor.py:183} INFO - Processing /opt/airflow/dags/weather_prediction_dag.py took 0.089 seconds
[2025-12-04T18:28:39.073+0000] {processor.py:161} INFO - Started process (PID=3352) to work on /opt/airflow/dags/weather_prediction_dag.py
[2025-12-04T18:28:39.074+0000] {processor.py:830} INFO - Processing file /opt/airflow/dags/weather_prediction_dag.py for tasks to queue
[2025-12-04T18:28:39.075+0000] {logging_mixin.py:188} INFO - [2025-12-04T18:28:39.075+0000] {dagbag.py:538} INFO - Filling up the DagBag from /opt/airflow/dags/weather_prediction_dag.py
[2025-12-04T18:28:39.104+0000] {processor.py:840} INFO - DAG(s) 'weather_prediction_pipeline' retrieved from /opt/airflow/dags/weather_prediction_dag.py
[2025-12-04T18:28:39.122+0000] {logging_mixin.py:188} INFO - [2025-12-04T18:28:39.122+0000] {dag.py:3036} INFO - Sync 1 DAGs
[2025-12-04T18:28:39.139+0000] {logging_mixin.py:188} INFO - [2025-12-04T18:28:39.138+0000] {dag.py:3823} INFO - Setting next_dagrun for weather_prediction_pipeline to 2025-12-04 00:00:00+00:00, run_after=2025-12-05 00:00:00+00:00
[2025-12-04T18:28:39.153+0000] {processor.py:183} INFO - Processing /opt/airflow/dags/weather_prediction_dag.py took 0.083 seconds
[2025-12-04T18:29:09.324+0000] {processor.py:161} INFO - Started process (PID=3365) to work on /opt/airflow/dags/weather_prediction_dag.py
[2025-12-04T18:29:09.325+0000] {processor.py:830} INFO - Processing file /opt/airflow/dags/weather_prediction_dag.py for tasks to queue
[2025-12-04T18:29:09.325+0000] {logging_mixin.py:188} INFO - [2025-12-04T18:29:09.325+0000] {dagbag.py:538} INFO - Filling up the DagBag from /opt/airflow/dags/weather_prediction_dag.py
[2025-12-04T18:29:09.352+0000] {processor.py:840} INFO - DAG(s) 'weather_prediction_pipeline' retrieved from /opt/airflow/dags/weather_prediction_dag.py
[2025-12-04T18:29:09.371+0000] {logging_mixin.py:188} INFO - [2025-12-04T18:29:09.371+0000] {dag.py:3036} INFO - Sync 1 DAGs
[2025-12-04T18:29:09.386+0000] {logging_mixin.py:188} INFO - [2025-12-04T18:29:09.386+0000] {dag.py:3823} INFO - Setting next_dagrun for weather_prediction_pipeline to 2025-12-04 00:00:00+00:00, run_after=2025-12-05 00:00:00+00:00
[2025-12-04T18:29:09.400+0000] {processor.py:183} INFO - Processing /opt/airflow/dags/weather_prediction_dag.py took 0.079 seconds
[2025-12-04T18:29:39.588+0000] {processor.py:161} INFO - Started process (PID=3378) to work on /opt/airflow/dags/weather_prediction_dag.py
[2025-12-04T18:29:39.589+0000] {processor.py:830} INFO - Processing file /opt/airflow/dags/weather_prediction_dag.py for tasks to queue
[2025-12-04T18:29:39.589+0000] {logging_mixin.py:188} INFO - [2025-12-04T18:29:39.589+0000] {dagbag.py:538} INFO - Filling up the DagBag from /opt/airflow/dags/weather_prediction_dag.py
[2025-12-04T18:29:39.621+0000] {processor.py:840} INFO - DAG(s) 'weather_prediction_pipeline' retrieved from /opt/airflow/dags/weather_prediction_dag.py
[2025-12-04T18:29:39.640+0000] {logging_mixin.py:188} INFO - [2025-12-04T18:29:39.640+0000] {dag.py:3036} INFO - Sync 1 DAGs
[2025-12-04T18:29:39.656+0000] {logging_mixin.py:188} INFO - [2025-12-04T18:29:39.656+0000] {dag.py:3823} INFO - Setting next_dagrun for weather_prediction_pipeline to 2025-12-04 00:00:00+00:00, run_after=2025-12-05 00:00:00+00:00
[2025-12-04T18:29:39.672+0000] {processor.py:183} INFO - Processing /opt/airflow/dags/weather_prediction_dag.py took 0.087 seconds
[2025-12-04T18:30:10.510+0000] {processor.py:161} INFO - Started process (PID=3391) to work on /opt/airflow/dags/weather_prediction_dag.py
[2025-12-04T18:30:10.511+0000] {processor.py:830} INFO - Processing file /opt/airflow/dags/weather_prediction_dag.py for tasks to queue
[2025-12-04T18:30:10.512+0000] {logging_mixin.py:188} INFO - [2025-12-04T18:30:10.512+0000] {dagbag.py:538} INFO - Filling up the DagBag from /opt/airflow/dags/weather_prediction_dag.py
[2025-12-04T18:30:10.540+0000] {processor.py:840} INFO - DAG(s) 'weather_prediction_pipeline' retrieved from /opt/airflow/dags/weather_prediction_dag.py
[2025-12-04T18:30:10.558+0000] {logging_mixin.py:188} INFO - [2025-12-04T18:30:10.558+0000] {dag.py:3036} INFO - Sync 1 DAGs
[2025-12-04T18:30:10.576+0000] {logging_mixin.py:188} INFO - [2025-12-04T18:30:10.576+0000] {dag.py:3823} INFO - Setting next_dagrun for weather_prediction_pipeline to 2025-12-04 00:00:00+00:00, run_after=2025-12-05 00:00:00+00:00
[2025-12-04T18:30:10.592+0000] {processor.py:183} INFO - Processing /opt/airflow/dags/weather_prediction_dag.py took 0.084 seconds
[2025-12-04T18:30:41.429+0000] {processor.py:161} INFO - Started process (PID=3404) to work on /opt/airflow/dags/weather_prediction_dag.py
[2025-12-04T18:30:41.430+0000] {processor.py:830} INFO - Processing file /opt/airflow/dags/weather_prediction_dag.py for tasks to queue
[2025-12-04T18:30:41.431+0000] {logging_mixin.py:188} INFO - [2025-12-04T18:30:41.431+0000] {dagbag.py:538} INFO - Filling up the DagBag from /opt/airflow/dags/weather_prediction_dag.py
[2025-12-04T18:30:41.458+0000] {processor.py:840} INFO - DAG(s) 'weather_prediction_pipeline' retrieved from /opt/airflow/dags/weather_prediction_dag.py
[2025-12-04T18:30:41.475+0000] {logging_mixin.py:188} INFO - [2025-12-04T18:30:41.474+0000] {dag.py:3036} INFO - Sync 1 DAGs
[2025-12-04T18:30:41.489+0000] {logging_mixin.py:188} INFO - [2025-12-04T18:30:41.489+0000] {dag.py:3823} INFO - Setting next_dagrun for weather_prediction_pipeline to 2025-12-04 00:00:00+00:00, run_after=2025-12-05 00:00:00+00:00
[2025-12-04T18:30:41.503+0000] {processor.py:183} INFO - Processing /opt/airflow/dags/weather_prediction_dag.py took 0.077 seconds
[2025-12-04T18:31:12.397+0000] {processor.py:161} INFO - Started process (PID=3417) to work on /opt/airflow/dags/weather_prediction_dag.py
[2025-12-04T18:31:12.398+0000] {processor.py:830} INFO - Processing file /opt/airflow/dags/weather_prediction_dag.py for tasks to queue
[2025-12-04T18:31:12.399+0000] {logging_mixin.py:188} INFO - [2025-12-04T18:31:12.399+0000] {dagbag.py:538} INFO - Filling up the DagBag from /opt/airflow/dags/weather_prediction_dag.py
[2025-12-04T18:31:12.432+0000] {processor.py:840} INFO - DAG(s) 'weather_prediction_pipeline' retrieved from /opt/airflow/dags/weather_prediction_dag.py
[2025-12-04T18:31:12.451+0000] {logging_mixin.py:188} INFO - [2025-12-04T18:31:12.451+0000] {dag.py:3036} INFO - Sync 1 DAGs
[2025-12-04T18:31:12.467+0000] {logging_mixin.py:188} INFO - [2025-12-04T18:31:12.467+0000] {dag.py:3823} INFO - Setting next_dagrun for weather_prediction_pipeline to 2025-12-04 00:00:00+00:00, run_after=2025-12-05 00:00:00+00:00
[2025-12-04T18:31:12.480+0000] {processor.py:183} INFO - Processing /opt/airflow/dags/weather_prediction_dag.py took 0.086 seconds
[2025-12-04T18:31:42.743+0000] {processor.py:161} INFO - Started process (PID=3430) to work on /opt/airflow/dags/weather_prediction_dag.py
[2025-12-04T18:31:42.744+0000] {processor.py:830} INFO - Processing file /opt/airflow/dags/weather_prediction_dag.py for tasks to queue
[2025-12-04T18:31:42.745+0000] {logging_mixin.py:188} INFO - [2025-12-04T18:31:42.745+0000] {dagbag.py:538} INFO - Filling up the DagBag from /opt/airflow/dags/weather_prediction_dag.py
[2025-12-04T18:31:42.774+0000] {processor.py:840} INFO - DAG(s) 'weather_prediction_pipeline' retrieved from /opt/airflow/dags/weather_prediction_dag.py
[2025-12-04T18:31:42.792+0000] {logging_mixin.py:188} INFO - [2025-12-04T18:31:42.792+0000] {dag.py:3036} INFO - Sync 1 DAGs
[2025-12-04T18:31:42.807+0000] {logging_mixin.py:188} INFO - [2025-12-04T18:31:42.807+0000] {dag.py:3823} INFO - Setting next_dagrun for weather_prediction_pipeline to 2025-12-04 00:00:00+00:00, run_after=2025-12-05 00:00:00+00:00
[2025-12-04T18:31:42.820+0000] {processor.py:183} INFO - Processing /opt/airflow/dags/weather_prediction_dag.py took 0.079 seconds
[2025-12-04T18:32:12.954+0000] {processor.py:161} INFO - Started process (PID=3443) to work on /opt/airflow/dags/weather_prediction_dag.py
[2025-12-04T18:32:12.955+0000] {processor.py:830} INFO - Processing file /opt/airflow/dags/weather_prediction_dag.py for tasks to queue
[2025-12-04T18:32:12.956+0000] {logging_mixin.py:188} INFO - [2025-12-04T18:32:12.956+0000] {dagbag.py:538} INFO - Filling up the DagBag from /opt/airflow/dags/weather_prediction_dag.py
[2025-12-04T18:32:12.994+0000] {processor.py:840} INFO - DAG(s) 'weather_prediction_pipeline' retrieved from /opt/airflow/dags/weather_prediction_dag.py
[2025-12-04T18:32:13.016+0000] {logging_mixin.py:188} INFO - [2025-12-04T18:32:13.016+0000] {dag.py:3036} INFO - Sync 1 DAGs
[2025-12-04T18:32:13.034+0000] {logging_mixin.py:188} INFO - [2025-12-04T18:32:13.034+0000] {dag.py:3823} INFO - Setting next_dagrun for weather_prediction_pipeline to 2025-12-04 00:00:00+00:00, run_after=2025-12-05 00:00:00+00:00
[2025-12-04T18:32:13.052+0000] {processor.py:183} INFO - Processing /opt/airflow/dags/weather_prediction_dag.py took 0.101 seconds
[2025-12-04T18:32:43.216+0000] {processor.py:161} INFO - Started process (PID=3448) to work on /opt/airflow/dags/weather_prediction_dag.py
[2025-12-04T18:32:43.218+0000] {processor.py:830} INFO - Processing file /opt/airflow/dags/weather_prediction_dag.py for tasks to queue
[2025-12-04T18:32:43.219+0000] {logging_mixin.py:188} INFO - [2025-12-04T18:32:43.218+0000] {dagbag.py:538} INFO - Filling up the DagBag from /opt/airflow/dags/weather_prediction_dag.py
[2025-12-04T18:32:43.260+0000] {processor.py:840} INFO - DAG(s) 'weather_prediction_pipeline' retrieved from /opt/airflow/dags/weather_prediction_dag.py
[2025-12-04T18:32:43.283+0000] {logging_mixin.py:188} INFO - [2025-12-04T18:32:43.283+0000] {dag.py:3036} INFO - Sync 1 DAGs
[2025-12-04T18:32:43.303+0000] {logging_mixin.py:188} INFO - [2025-12-04T18:32:43.302+0000] {dag.py:3823} INFO - Setting next_dagrun for weather_prediction_pipeline to 2025-12-04 00:00:00+00:00, run_after=2025-12-05 00:00:00+00:00
[2025-12-04T18:32:43.320+0000] {processor.py:183} INFO - Processing /opt/airflow/dags/weather_prediction_dag.py took 0.106 seconds
[2025-12-04T18:33:14.032+0000] {processor.py:161} INFO - Started process (PID=3461) to work on /opt/airflow/dags/weather_prediction_dag.py
[2025-12-04T18:33:14.033+0000] {processor.py:830} INFO - Processing file /opt/airflow/dags/weather_prediction_dag.py for tasks to queue
[2025-12-04T18:33:14.034+0000] {logging_mixin.py:188} INFO - [2025-12-04T18:33:14.034+0000] {dagbag.py:538} INFO - Filling up the DagBag from /opt/airflow/dags/weather_prediction_dag.py
[2025-12-04T18:33:14.065+0000] {processor.py:840} INFO - DAG(s) 'weather_prediction_pipeline' retrieved from /opt/airflow/dags/weather_prediction_dag.py
[2025-12-04T18:33:14.084+0000] {logging_mixin.py:188} INFO - [2025-12-04T18:33:14.084+0000] {dag.py:3036} INFO - Sync 1 DAGs
[2025-12-04T18:33:14.100+0000] {logging_mixin.py:188} INFO - [2025-12-04T18:33:14.100+0000] {dag.py:3823} INFO - Setting next_dagrun for weather_prediction_pipeline to 2025-12-04 00:00:00+00:00, run_after=2025-12-05 00:00:00+00:00
[2025-12-04T18:33:14.114+0000] {processor.py:183} INFO - Processing /opt/airflow/dags/weather_prediction_dag.py took 0.085 seconds
[2025-12-04T18:33:44.680+0000] {processor.py:161} INFO - Started process (PID=3474) to work on /opt/airflow/dags/weather_prediction_dag.py
[2025-12-04T18:33:44.681+0000] {processor.py:830} INFO - Processing file /opt/airflow/dags/weather_prediction_dag.py for tasks to queue
[2025-12-04T18:33:44.681+0000] {logging_mixin.py:188} INFO - [2025-12-04T18:33:44.681+0000] {dagbag.py:538} INFO - Filling up the DagBag from /opt/airflow/dags/weather_prediction_dag.py
[2025-12-04T18:33:44.710+0000] {processor.py:840} INFO - DAG(s) 'weather_prediction_pipeline' retrieved from /opt/airflow/dags/weather_prediction_dag.py
[2025-12-04T18:33:44.730+0000] {logging_mixin.py:188} INFO - [2025-12-04T18:33:44.730+0000] {dag.py:3036} INFO - Sync 1 DAGs
[2025-12-04T18:33:44.745+0000] {logging_mixin.py:188} INFO - [2025-12-04T18:33:44.745+0000] {dag.py:3823} INFO - Setting next_dagrun for weather_prediction_pipeline to 2025-12-04 00:00:00+00:00, run_after=2025-12-05 00:00:00+00:00
[2025-12-04T18:33:44.758+0000] {processor.py:183} INFO - Processing /opt/airflow/dags/weather_prediction_dag.py took 0.081 seconds
[2025-12-04T18:34:15.693+0000] {processor.py:161} INFO - Started process (PID=3487) to work on /opt/airflow/dags/weather_prediction_dag.py
[2025-12-04T18:34:15.695+0000] {processor.py:830} INFO - Processing file /opt/airflow/dags/weather_prediction_dag.py for tasks to queue
[2025-12-04T18:34:15.696+0000] {logging_mixin.py:188} INFO - [2025-12-04T18:34:15.695+0000] {dagbag.py:538} INFO - Filling up the DagBag from /opt/airflow/dags/weather_prediction_dag.py
[2025-12-04T18:34:15.738+0000] {processor.py:840} INFO - DAG(s) 'weather_prediction_pipeline' retrieved from /opt/airflow/dags/weather_prediction_dag.py
[2025-12-04T18:34:15.757+0000] {logging_mixin.py:188} INFO - [2025-12-04T18:34:15.757+0000] {dag.py:3036} INFO - Sync 1 DAGs
[2025-12-04T18:34:15.774+0000] {logging_mixin.py:188} INFO - [2025-12-04T18:34:15.773+0000] {dag.py:3823} INFO - Setting next_dagrun for weather_prediction_pipeline to 2025-12-04 00:00:00+00:00, run_after=2025-12-05 00:00:00+00:00
[2025-12-04T18:34:15.792+0000] {processor.py:183} INFO - Processing /opt/airflow/dags/weather_prediction_dag.py took 0.101 seconds
[2025-12-04T18:34:46.505+0000] {processor.py:161} INFO - Started process (PID=3500) to work on /opt/airflow/dags/weather_prediction_dag.py
[2025-12-04T18:34:46.506+0000] {processor.py:830} INFO - Processing file /opt/airflow/dags/weather_prediction_dag.py for tasks to queue
[2025-12-04T18:34:46.507+0000] {logging_mixin.py:188} INFO - [2025-12-04T18:34:46.506+0000] {dagbag.py:538} INFO - Filling up the DagBag from /opt/airflow/dags/weather_prediction_dag.py
[2025-12-04T18:34:46.535+0000] {processor.py:840} INFO - DAG(s) 'weather_prediction_pipeline' retrieved from /opt/airflow/dags/weather_prediction_dag.py
[2025-12-04T18:34:46.553+0000] {logging_mixin.py:188} INFO - [2025-12-04T18:34:46.553+0000] {dag.py:3036} INFO - Sync 1 DAGs
[2025-12-04T18:34:46.568+0000] {logging_mixin.py:188} INFO - [2025-12-04T18:34:46.568+0000] {dag.py:3823} INFO - Setting next_dagrun for weather_prediction_pipeline to 2025-12-04 00:00:00+00:00, run_after=2025-12-05 00:00:00+00:00
[2025-12-04T18:34:46.581+0000] {processor.py:183} INFO - Processing /opt/airflow/dags/weather_prediction_dag.py took 0.078 seconds
[2025-12-04T18:35:16.903+0000] {processor.py:161} INFO - Started process (PID=3513) to work on /opt/airflow/dags/weather_prediction_dag.py
[2025-12-04T18:35:16.904+0000] {processor.py:830} INFO - Processing file /opt/airflow/dags/weather_prediction_dag.py for tasks to queue
[2025-12-04T18:35:16.906+0000] {logging_mixin.py:188} INFO - [2025-12-04T18:35:16.905+0000] {dagbag.py:538} INFO - Filling up the DagBag from /opt/airflow/dags/weather_prediction_dag.py
[2025-12-04T18:35:16.935+0000] {processor.py:840} INFO - DAG(s) 'weather_prediction_pipeline' retrieved from /opt/airflow/dags/weather_prediction_dag.py
[2025-12-04T18:35:16.953+0000] {logging_mixin.py:188} INFO - [2025-12-04T18:35:16.953+0000] {dag.py:3036} INFO - Sync 1 DAGs
[2025-12-04T18:35:16.968+0000] {logging_mixin.py:188} INFO - [2025-12-04T18:35:16.968+0000] {dag.py:3823} INFO - Setting next_dagrun for weather_prediction_pipeline to 2025-12-04 00:00:00+00:00, run_after=2025-12-05 00:00:00+00:00
[2025-12-04T18:35:16.984+0000] {processor.py:183} INFO - Processing /opt/airflow/dags/weather_prediction_dag.py took 0.083 seconds
[2025-12-04T18:35:47.162+0000] {processor.py:161} INFO - Started process (PID=3526) to work on /opt/airflow/dags/weather_prediction_dag.py
[2025-12-04T18:35:47.163+0000] {processor.py:830} INFO - Processing file /opt/airflow/dags/weather_prediction_dag.py for tasks to queue
[2025-12-04T18:35:47.163+0000] {logging_mixin.py:188} INFO - [2025-12-04T18:35:47.163+0000] {dagbag.py:538} INFO - Filling up the DagBag from /opt/airflow/dags/weather_prediction_dag.py
[2025-12-04T18:35:47.194+0000] {processor.py:840} INFO - DAG(s) 'weather_prediction_pipeline' retrieved from /opt/airflow/dags/weather_prediction_dag.py
[2025-12-04T18:35:47.214+0000] {logging_mixin.py:188} INFO - [2025-12-04T18:35:47.213+0000] {dag.py:3036} INFO - Sync 1 DAGs
[2025-12-04T18:35:47.231+0000] {logging_mixin.py:188} INFO - [2025-12-04T18:35:47.230+0000] {dag.py:3823} INFO - Setting next_dagrun for weather_prediction_pipeline to 2025-12-04 00:00:00+00:00, run_after=2025-12-05 00:00:00+00:00
[2025-12-04T18:35:47.246+0000] {processor.py:183} INFO - Processing /opt/airflow/dags/weather_prediction_dag.py took 0.087 seconds
[2025-12-04T18:36:18.053+0000] {processor.py:161} INFO - Started process (PID=3539) to work on /opt/airflow/dags/weather_prediction_dag.py
[2025-12-04T18:36:18.054+0000] {processor.py:830} INFO - Processing file /opt/airflow/dags/weather_prediction_dag.py for tasks to queue
[2025-12-04T18:36:18.055+0000] {logging_mixin.py:188} INFO - [2025-12-04T18:36:18.054+0000] {dagbag.py:538} INFO - Filling up the DagBag from /opt/airflow/dags/weather_prediction_dag.py
[2025-12-04T18:36:18.088+0000] {processor.py:840} INFO - DAG(s) 'weather_prediction_pipeline' retrieved from /opt/airflow/dags/weather_prediction_dag.py
[2025-12-04T18:36:18.106+0000] {logging_mixin.py:188} INFO - [2025-12-04T18:36:18.106+0000] {dag.py:3036} INFO - Sync 1 DAGs
[2025-12-04T18:36:18.122+0000] {logging_mixin.py:188} INFO - [2025-12-04T18:36:18.122+0000] {dag.py:3823} INFO - Setting next_dagrun for weather_prediction_pipeline to 2025-12-04 00:00:00+00:00, run_after=2025-12-05 00:00:00+00:00
[2025-12-04T18:36:18.136+0000] {processor.py:183} INFO - Processing /opt/airflow/dags/weather_prediction_dag.py took 0.085 seconds
[2025-12-04T18:36:48.289+0000] {processor.py:161} INFO - Started process (PID=3552) to work on /opt/airflow/dags/weather_prediction_dag.py
[2025-12-04T18:36:48.290+0000] {processor.py:830} INFO - Processing file /opt/airflow/dags/weather_prediction_dag.py for tasks to queue
[2025-12-04T18:36:48.291+0000] {logging_mixin.py:188} INFO - [2025-12-04T18:36:48.291+0000] {dagbag.py:538} INFO - Filling up the DagBag from /opt/airflow/dags/weather_prediction_dag.py
[2025-12-04T18:36:48.338+0000] {processor.py:840} INFO - DAG(s) 'weather_prediction_pipeline' retrieved from /opt/airflow/dags/weather_prediction_dag.py
[2025-12-04T18:36:48.365+0000] {logging_mixin.py:188} INFO - [2025-12-04T18:36:48.365+0000] {dag.py:3036} INFO - Sync 1 DAGs
[2025-12-04T18:36:48.386+0000] {logging_mixin.py:188} INFO - [2025-12-04T18:36:48.385+0000] {dag.py:3823} INFO - Setting next_dagrun for weather_prediction_pipeline to 2025-12-04 00:00:00+00:00, run_after=2025-12-05 00:00:00+00:00
[2025-12-04T18:36:48.403+0000] {processor.py:183} INFO - Processing /opt/airflow/dags/weather_prediction_dag.py took 0.118 seconds
[2025-12-04T18:37:19.179+0000] {processor.py:161} INFO - Started process (PID=3565) to work on /opt/airflow/dags/weather_prediction_dag.py
[2025-12-04T18:37:19.181+0000] {processor.py:830} INFO - Processing file /opt/airflow/dags/weather_prediction_dag.py for tasks to queue
[2025-12-04T18:37:19.182+0000] {logging_mixin.py:188} INFO - [2025-12-04T18:37:19.182+0000] {dagbag.py:538} INFO - Filling up the DagBag from /opt/airflow/dags/weather_prediction_dag.py
[2025-12-04T18:37:19.212+0000] {processor.py:840} INFO - DAG(s) 'weather_prediction_pipeline' retrieved from /opt/airflow/dags/weather_prediction_dag.py
[2025-12-04T18:37:19.234+0000] {logging_mixin.py:188} INFO - [2025-12-04T18:37:19.234+0000] {dag.py:3036} INFO - Sync 1 DAGs
[2025-12-04T18:37:19.251+0000] {logging_mixin.py:188} INFO - [2025-12-04T18:37:19.251+0000] {dag.py:3823} INFO - Setting next_dagrun for weather_prediction_pipeline to 2025-12-04 00:00:00+00:00, run_after=2025-12-05 00:00:00+00:00
[2025-12-04T18:37:19.264+0000] {processor.py:183} INFO - Processing /opt/airflow/dags/weather_prediction_dag.py took 0.088 seconds
[2025-12-04T18:37:50.119+0000] {processor.py:161} INFO - Started process (PID=3578) to work on /opt/airflow/dags/weather_prediction_dag.py
[2025-12-04T18:37:50.120+0000] {processor.py:830} INFO - Processing file /opt/airflow/dags/weather_prediction_dag.py for tasks to queue
[2025-12-04T18:37:50.121+0000] {logging_mixin.py:188} INFO - [2025-12-04T18:37:50.120+0000] {dagbag.py:538} INFO - Filling up the DagBag from /opt/airflow/dags/weather_prediction_dag.py
[2025-12-04T18:37:50.153+0000] {processor.py:840} INFO - DAG(s) 'weather_prediction_pipeline' retrieved from /opt/airflow/dags/weather_prediction_dag.py
[2025-12-04T18:37:50.176+0000] {logging_mixin.py:188} INFO - [2025-12-04T18:37:50.175+0000] {dag.py:3036} INFO - Sync 1 DAGs
[2025-12-04T18:37:50.194+0000] {logging_mixin.py:188} INFO - [2025-12-04T18:37:50.194+0000] {dag.py:3823} INFO - Setting next_dagrun for weather_prediction_pipeline to 2025-12-04 00:00:00+00:00, run_after=2025-12-05 00:00:00+00:00
[2025-12-04T18:37:50.211+0000] {processor.py:183} INFO - Processing /opt/airflow/dags/weather_prediction_dag.py took 0.094 seconds
[2025-12-04T18:38:20.438+0000] {processor.py:161} INFO - Started process (PID=3591) to work on /opt/airflow/dags/weather_prediction_dag.py
[2025-12-04T18:38:20.440+0000] {processor.py:830} INFO - Processing file /opt/airflow/dags/weather_prediction_dag.py for tasks to queue
[2025-12-04T18:38:20.441+0000] {logging_mixin.py:188} INFO - [2025-12-04T18:38:20.441+0000] {dagbag.py:538} INFO - Filling up the DagBag from /opt/airflow/dags/weather_prediction_dag.py
[2025-12-04T18:38:20.483+0000] {processor.py:840} INFO - DAG(s) 'weather_prediction_pipeline' retrieved from /opt/airflow/dags/weather_prediction_dag.py
[2025-12-04T18:38:20.504+0000] {logging_mixin.py:188} INFO - [2025-12-04T18:38:20.504+0000] {dag.py:3036} INFO - Sync 1 DAGs
[2025-12-04T18:38:20.521+0000] {logging_mixin.py:188} INFO - [2025-12-04T18:38:20.521+0000] {dag.py:3823} INFO - Setting next_dagrun for weather_prediction_pipeline to 2025-12-04 00:00:00+00:00, run_after=2025-12-05 00:00:00+00:00
[2025-12-04T18:38:20.543+0000] {processor.py:183} INFO - Processing /opt/airflow/dags/weather_prediction_dag.py took 0.108 seconds
[2025-12-04T18:38:51.051+0000] {processor.py:161} INFO - Started process (PID=3604) to work on /opt/airflow/dags/weather_prediction_dag.py
[2025-12-04T18:38:51.052+0000] {processor.py:830} INFO - Processing file /opt/airflow/dags/weather_prediction_dag.py for tasks to queue
[2025-12-04T18:38:51.053+0000] {logging_mixin.py:188} INFO - [2025-12-04T18:38:51.052+0000] {dagbag.py:538} INFO - Filling up the DagBag from /opt/airflow/dags/weather_prediction_dag.py
[2025-12-04T18:38:51.088+0000] {processor.py:840} INFO - DAG(s) 'weather_prediction_pipeline' retrieved from /opt/airflow/dags/weather_prediction_dag.py
[2025-12-04T18:38:51.108+0000] {logging_mixin.py:188} INFO - [2025-12-04T18:38:51.108+0000] {dag.py:3036} INFO - Sync 1 DAGs
[2025-12-04T18:38:51.129+0000] {logging_mixin.py:188} INFO - [2025-12-04T18:38:51.129+0000] {dag.py:3823} INFO - Setting next_dagrun for weather_prediction_pipeline to 2025-12-04 00:00:00+00:00, run_after=2025-12-05 00:00:00+00:00
[2025-12-04T18:38:51.145+0000] {processor.py:183} INFO - Processing /opt/airflow/dags/weather_prediction_dag.py took 0.097 seconds
[2025-12-04T18:39:21.374+0000] {processor.py:161} INFO - Started process (PID=3617) to work on /opt/airflow/dags/weather_prediction_dag.py
[2025-12-04T18:39:21.375+0000] {processor.py:830} INFO - Processing file /opt/airflow/dags/weather_prediction_dag.py for tasks to queue
[2025-12-04T18:39:21.376+0000] {logging_mixin.py:188} INFO - [2025-12-04T18:39:21.376+0000] {dagbag.py:538} INFO - Filling up the DagBag from /opt/airflow/dags/weather_prediction_dag.py
[2025-12-04T18:39:21.408+0000] {processor.py:840} INFO - DAG(s) 'weather_prediction_pipeline' retrieved from /opt/airflow/dags/weather_prediction_dag.py
[2025-12-04T18:39:21.427+0000] {logging_mixin.py:188} INFO - [2025-12-04T18:39:21.427+0000] {dag.py:3036} INFO - Sync 1 DAGs
[2025-12-04T18:39:21.445+0000] {logging_mixin.py:188} INFO - [2025-12-04T18:39:21.445+0000] {dag.py:3823} INFO - Setting next_dagrun for weather_prediction_pipeline to 2025-12-04 00:00:00+00:00, run_after=2025-12-05 00:00:00+00:00
[2025-12-04T18:39:21.460+0000] {processor.py:183} INFO - Processing /opt/airflow/dags/weather_prediction_dag.py took 0.089 seconds
[2025-12-04T18:39:51.586+0000] {processor.py:161} INFO - Started process (PID=3630) to work on /opt/airflow/dags/weather_prediction_dag.py
[2025-12-04T18:39:51.587+0000] {processor.py:830} INFO - Processing file /opt/airflow/dags/weather_prediction_dag.py for tasks to queue
[2025-12-04T18:39:51.588+0000] {logging_mixin.py:188} INFO - [2025-12-04T18:39:51.587+0000] {dagbag.py:538} INFO - Filling up the DagBag from /opt/airflow/dags/weather_prediction_dag.py
[2025-12-04T18:39:51.624+0000] {processor.py:840} INFO - DAG(s) 'weather_prediction_pipeline' retrieved from /opt/airflow/dags/weather_prediction_dag.py
[2025-12-04T18:39:51.646+0000] {logging_mixin.py:188} INFO - [2025-12-04T18:39:51.645+0000] {dag.py:3036} INFO - Sync 1 DAGs
[2025-12-04T18:39:51.665+0000] {logging_mixin.py:188} INFO - [2025-12-04T18:39:51.665+0000] {dag.py:3823} INFO - Setting next_dagrun for weather_prediction_pipeline to 2025-12-04 00:00:00+00:00, run_after=2025-12-05 00:00:00+00:00
[2025-12-04T18:39:51.683+0000] {processor.py:183} INFO - Processing /opt/airflow/dags/weather_prediction_dag.py took 0.101 seconds
[2025-12-04T18:40:22.400+0000] {processor.py:161} INFO - Started process (PID=3643) to work on /opt/airflow/dags/weather_prediction_dag.py
[2025-12-04T18:40:22.401+0000] {processor.py:830} INFO - Processing file /opt/airflow/dags/weather_prediction_dag.py for tasks to queue
[2025-12-04T18:40:22.402+0000] {logging_mixin.py:188} INFO - [2025-12-04T18:40:22.402+0000] {dagbag.py:538} INFO - Filling up the DagBag from /opt/airflow/dags/weather_prediction_dag.py
[2025-12-04T18:40:22.438+0000] {processor.py:840} INFO - DAG(s) 'weather_prediction_pipeline' retrieved from /opt/airflow/dags/weather_prediction_dag.py
[2025-12-04T18:40:22.461+0000] {logging_mixin.py:188} INFO - [2025-12-04T18:40:22.461+0000] {dag.py:3036} INFO - Sync 1 DAGs
[2025-12-04T18:40:22.477+0000] {logging_mixin.py:188} INFO - [2025-12-04T18:40:22.477+0000] {dag.py:3823} INFO - Setting next_dagrun for weather_prediction_pipeline to 2025-12-04 00:00:00+00:00, run_after=2025-12-05 00:00:00+00:00
[2025-12-04T18:40:22.492+0000] {processor.py:183} INFO - Processing /opt/airflow/dags/weather_prediction_dag.py took 0.095 seconds
[2025-12-04T18:40:53.217+0000] {processor.py:161} INFO - Started process (PID=3656) to work on /opt/airflow/dags/weather_prediction_dag.py
[2025-12-04T18:40:53.218+0000] {processor.py:830} INFO - Processing file /opt/airflow/dags/weather_prediction_dag.py for tasks to queue
[2025-12-04T18:40:53.219+0000] {logging_mixin.py:188} INFO - [2025-12-04T18:40:53.218+0000] {dagbag.py:538} INFO - Filling up the DagBag from /opt/airflow/dags/weather_prediction_dag.py
[2025-12-04T18:40:53.246+0000] {processor.py:840} INFO - DAG(s) 'weather_prediction_pipeline' retrieved from /opt/airflow/dags/weather_prediction_dag.py
[2025-12-04T18:40:53.262+0000] {logging_mixin.py:188} INFO - [2025-12-04T18:40:53.262+0000] {dag.py:3036} INFO - Sync 1 DAGs
[2025-12-04T18:40:53.277+0000] {logging_mixin.py:188} INFO - [2025-12-04T18:40:53.277+0000] {dag.py:3823} INFO - Setting next_dagrun for weather_prediction_pipeline to 2025-12-04 00:00:00+00:00, run_after=2025-12-05 00:00:00+00:00
[2025-12-04T18:40:53.292+0000] {processor.py:183} INFO - Processing /opt/airflow/dags/weather_prediction_dag.py took 0.078 seconds
